[ 2832600ms] [ERROR] WebSocket connection to 'ws://localhost:3000/_next/webpack-hmr?id=Tw3-ABL7gkXKZsp1YnIDr' failed: Error in connection establishment: net::ERR_CONNECTION_REFUSED @ http://localhost:3000/_next/static/chunks/node_modules_next_dist_client_0r5nbpw._.js:13422
[ 2833602ms] [ERROR] WebSocket connection to 'ws://localhost:3000/_next/webpack-hmr?id=Tw3-ABL7gkXKZsp1YnIDr' failed: Error in connection establishment: net::ERR_CONNECTION_REFUSED @ http://localhost:3000/_next/static/chunks/node_modules_next_dist_client_0r5nbpw._.js:13422
[ 2834604ms] [ERROR] WebSocket connection to 'ws://localhost:3000/_next/webpack-hmr?id=Tw3-ABL7gkXKZsp1YnIDr' failed: Error in connection establishment: net::ERR_CONNECTION_REFUSED @ http://localhost:3000/_next/static/chunks/node_modules_next_dist_client_0r5nbpw._.js:13422
[ 2835606ms] [ERROR] WebSocket connection to 'ws://localhost:3000/_next/webpack-hmr?id=Tw3-ABL7gkXKZsp1YnIDr' failed: Error in connection establishment: net::ERR_CONNECTION_REFUSED @ http://localhost:3000/_next/static/chunks/node_modules_next_dist_client_0r5nbpw._.js:13422
[ 2836607ms] [ERROR] WebSocket connection to 'ws://localhost:3000/_next/webpack-hmr?id=Tw3-ABL7gkXKZsp1YnIDr' failed: Error in connection establishment: net::ERR_CONNECTION_REFUSED @ http://localhost:3000/_next/static/chunks/node_modules_next_dist_client_0r5nbpw._.js:13422
[ 2841612ms] [ERROR] WebSocket connection to 'ws://localhost:3000/_next/webpack-hmr?id=Tw3-ABL7gkXKZsp1YnIDr' failed: Error in connection establishment: net::ERR_CONNECTION_REFUSED @ http://localhost:3000/_next/static/chunks/node_modules_next_dist_client_0r5nbpw._.js:13422
[ 2846617ms] [ERROR] WebSocket connection to 'ws://localhost:3000/_next/webpack-hmr?id=Tw3-ABL7gkXKZsp1YnIDr' failed: Error in connection establishment: net::ERR_CONNECTION_REFUSED @ http://localhost:3000/_next/static/chunks/node_modules_next_dist_client_0r5nbpw._.js:13422
[ 2851640ms] [ERROR] WebSocket connection to 'ws://localhost:3000/_next/webpack-hmr?id=Tw3-ABL7gkXKZsp1YnIDr' failed: Error in connection establishment: net::ERR_CONNECTION_REFUSED @ http://localhost:3000/_next/static/chunks/node_modules_next_dist_client_0r5nbpw._.js:13422
[ 2856668ms] [ERROR] WebSocket connection to 'ws://localhost:3000/_next/webpack-hmr?id=Tw3-ABL7gkXKZsp1YnIDr' failed: Error in connection establishment: net::ERR_CONNECTION_REFUSED @ http://localhost:3000/_next/static/chunks/node_modules_next_dist_client_0r5nbpw._.js:13422
[ 2861731ms] [ERROR] WebSocket connection to 'ws://localhost:3000/_next/webpack-hmr?id=Tw3-ABL7gkXKZsp1YnIDr' failed: Error in connection establishment: net::ERR_CONNECTION_REFUSED @ http://localhost:3000/_next/static/chunks/node_modules_next_dist_client_0r5nbpw._.js:13422
[ 2866835ms] [ERROR] WebSocket connection to 'ws://localhost:3000/_next/webpack-hmr?id=Tw3-ABL7gkXKZsp1YnIDr' failed: Error in connection establishment: net::ERR_CONNECTION_REFUSED @ http://localhost:3000/_next/static/chunks/node_modules_next_dist_client_0r5nbpw._.js:13422
[ 2872002ms] [ERROR] WebSocket connection to 'ws://localhost:3000/_next/webpack-hmr?id=Tw3-ABL7gkXKZsp1YnIDr' failed: Error in connection establishment: net::ERR_CONNECTION_REFUSED @ http://localhost:3000/_next/static/chunks/node_modules_next_dist_client_0r5nbpw._.js:13422
[ 9268940ms] [ERROR] Failed to load resource: the server responded with a status of 404 (Not Found) @ http://localhost:3000/en/about:0
[ 9269410ms] [INFO] %cDownload the React DevTools for a better development experience: https://react.dev/link/react-devtools font-weight:bold @ webpack-internal:///(app-pages-browser)/./node_modules/next/dist/next-devtools/shared/forward-logs-shared.js:27
[ 9269447ms] [LOG] [HMR] connected @ webpack-internal:///(app-pages-browser)/./node_modules/next/dist/next-devtools/shared/forward-logs-shared.js:27
[ 9274980ms] [ERROR] Failed to load resource: the server responded with a status of 404 (Not Found) @ http://localhost:3000/favicon.ico:0
[10337156ms] [LOG] [Fast Refresh] rebuilding @ webpack-internal:///(app-pages-browser)/./node_modules/next/dist/next-devtools/shared/forward-logs-shared.js:27
[10337355ms] [ERROR] Failed to load resource: the server responded with a status of 404 (Not Found) @ http://localhost:3000/en/about?_rsc=LMmJxe1c3l7s33H5:0
[10337395ms] [LOG] [Fast Refresh] done in 239ms @ webpack-internal:///(app-pages-browser)/./node_modules/next/dist/next-devtools/shared/forward-logs-shared.js:27
[10337396ms] [ERROR] Failed to load resource: the server responded with a status of 404 (Not Found) @ http://localhost:3000/en/about:0
[10337657ms] [INFO] %cDownload the React DevTools for a better development experience: https://react.dev/link/react-devtools font-weight:bold @ webpack-internal:///(app-pages-browser)/./node_modules/next/dist/next-devtools/shared/forward-logs-shared.js:27
[10337689ms] [LOG] [HMR] connected @ webpack-internal:///(app-pages-browser)/./node_modules/next/dist/next-devtools/shared/forward-logs-shared.js:27
[10353647ms] [LOG] [Fast Refresh] rebuilding @ webpack-internal:///(app-pages-browser)/./node_modules/next/dist/next-devtools/shared/forward-logs-shared.js:27
[10354202ms] [ERROR] Failed to load resource: the server responded with a status of 404 (Not Found) @ http://localhost:3000/en/about?_rsc=LMmJxe1c3l7s33H5:0
[10354285ms] [WARNING] [Fast Refresh] performing full reload

Fast Refresh will perform a full reload when you edit a file that's imported by modules outside of the React rendering tree.
You might have a file which exports a React component but also exports a value that is imported by a non-React component file.
Consider migrating the non-React component export to a separate file and importing it into both files.

It is also possible the parent component of the component you edited is a class component, which disables Fast Refresh.
Fast Refresh requires at least one parent function component in your React tree. @ webpack-internal:///(app-pages-browser)/./node_modules/next/dist/next-devtools/shared/forward-logs-shared.js:27
[10354317ms] [ERROR] Failed to load resource: the server responded with a status of 404 (Not Found) @ http://localhost:3000/en/about:0
[10354558ms] [INFO] %cDownload the React DevTools for a better development experience: https://react.dev/link/react-devtools font-weight:bold @ webpack-internal:///(app-pages-browser)/./node_modules/next/dist/next-devtools/shared/forward-logs-shared.js:27
[10354588ms] [LOG] [HMR] connected @ webpack-internal:///(app-pages-browser)/./node_modules/next/dist/next-devtools/shared/forward-logs-shared.js:27
[10429419ms] [LOG] [Fast Refresh] rebuilding @ webpack-internal:///(app-pages-browser)/./node_modules/next/dist/next-devtools/shared/forward-logs-shared.js:27
[10429590ms] [ERROR] Failed to load resource: the server responded with a status of 404 (Not Found) @ http://localhost:3000/en/about?_rsc=LMmJxe1c3l7s33H5:0
[10429630ms] [LOG] [Fast Refresh] done in 211ms @ webpack-internal:///(app-pages-browser)/./node_modules/next/dist/next-devtools/shared/forward-logs-shared.js:27
[10429630ms] [ERROR] Failed to load resource: the server responded with a status of 404 (Not Found) @ http://localhost:3000/en/about:0
[10429878ms] [INFO] %cDownload the React DevTools for a better development experience: https://react.dev/link/react-devtools font-weight:bold @ webpack-internal:///(app-pages-browser)/./node_modules/next/dist/next-devtools/shared/forward-logs-shared.js:27
[10429909ms] [LOG] [HMR] connected @ webpack-internal:///(app-pages-browser)/./node_modules/next/dist/next-devtools/shared/forward-logs-shared.js:27
[10451063ms] [LOG] [Fast Refresh] rebuilding @ webpack-internal:///(app-pages-browser)/./node_modules/next/dist/next-devtools/shared/forward-logs-shared.js:27
[10451439ms] [ERROR] Failed to load resource: the server responded with a status of 404 (Not Found) @ http://localhost:3000/en/about?_rsc=LMmJxe1c3l7s33H5:0
[10451520ms] [ERROR] Failed to load resource: the server responded with a status of 404 (Not Found) @ http://localhost:3000/en/about:0
[10451764ms] [INFO] %cDownload the React DevTools for a better development experience: https://react.dev/link/react-devtools font-weight:bold @ webpack-internal:///(app-pages-browser)/./node_modules/next/dist/next-devtools/shared/forward-logs-shared.js:27
[10451793ms] [LOG] [HMR] connected @ webpack-internal:///(app-pages-browser)/./node_modules/next/dist/next-devtools/shared/forward-logs-shared.js:27
[10468466ms] [LOG] [Fast Refresh] rebuilding @ webpack-internal:///(app-pages-browser)/./node_modules/next/dist/next-devtools/shared/forward-logs-shared.js:27
[10468584ms] [ERROR] Failed to load resource: the server responded with a status of 404 (Not Found) @ http://localhost:3000/en/about?_rsc=LMmJxe1c3l7s33H5:0
[10468619ms] [ERROR] Failed to load resource: the server responded with a status of 404 (Not Found) @ http://localhost:3000/en/about:0
[10468890ms] [INFO] %cDownload the React DevTools for a better development experience: https://react.dev/link/react-devtools font-weight:bold @ webpack-internal:///(app-pages-browser)/./node_modules/next/dist/next-devtools/shared/forward-logs-shared.js:27
[10468920ms] [LOG] [HMR] connected @ webpack-internal:///(app-pages-browser)/./node_modules/next/dist/next-devtools/shared/forward-logs-shared.js:27
[10479667ms] [LOG] [Fast Refresh] rebuilding @ webpack-internal:///(app-pages-browser)/./node_modules/next/dist/next-devtools/shared/forward-logs-shared.js:27
[10479770ms] [ERROR] Failed to load resource: the server responded with a status of 404 (Not Found) @ http://localhost:3000/en/about?_rsc=LMmJxe1c3l7s33H5:0
[10479805ms] [LOG] [Fast Refresh] done in 138ms @ webpack-internal:///(app-pages-browser)/./node_modules/next/dist/next-devtools/shared/forward-logs-shared.js:27
[10479806ms] [ERROR] Failed to load resource: the server responded with a status of 404 (Not Found) @ http://localhost:3000/en/about:0
[10480047ms] [INFO] %cDownload the React DevTools for a better development experience: https://react.dev/link/react-devtools font-weight:bold @ webpack-internal:///(app-pages-browser)/./node_modules/next/dist/next-devtools/shared/forward-logs-shared.js:27
[10480077ms] [LOG] [HMR] connected @ webpack-internal:///(app-pages-browser)/./node_modules/next/dist/next-devtools/shared/forward-logs-shared.js:27
[10484579ms] [LOG] [Fast Refresh] rebuilding @ webpack-internal:///(app-pages-browser)/./node_modules/next/dist/next-devtools/shared/forward-logs-shared.js:27
[10484725ms] [ERROR] Failed to load resource: the server responded with a status of 404 (Not Found) @ http://localhost:3000/en/about?_rsc=LMmJxe1c3l7s33H5:0
[10484759ms] [ERROR] Failed to load resource: the server responded with a status of 404 (Not Found) @ http://localhost:3000/en/about:0
[10484996ms] [INFO] %cDownload the React DevTools for a better development experience: https://react.dev/link/react-devtools font-weight:bold @ webpack-internal:///(app-pages-browser)/./node_modules/next/dist/next-devtools/shared/forward-logs-shared.js:27
[10485025ms] [LOG] [HMR] connected @ webpack-internal:///(app-pages-browser)/./node_modules/next/dist/next-devtools/shared/forward-logs-shared.js:27
[10491742ms] [LOG] [Fast Refresh] rebuilding @ webpack-internal:///(app-pages-browser)/./node_modules/next/dist/next-devtools/shared/forward-logs-shared.js:27
[10491834ms] [ERROR] Failed to load resource: the server responded with a status of 404 (Not Found) @ http://localhost:3000/en/about?_rsc=LMmJxe1c3l7s33H5:0
[10491868ms] [LOG] [Fast Refresh] done in 127ms @ webpack-internal:///(app-pages-browser)/./node_modules/next/dist/next-devtools/shared/forward-logs-shared.js:27
[10491869ms] [ERROR] Failed to load resource: the server responded with a status of 404 (Not Found) @ http://localhost:3000/en/about:0
[10492110ms] [INFO] %cDownload the React DevTools for a better development experience: https://react.dev/link/react-devtools font-weight:bold @ webpack-internal:///(app-pages-browser)/./node_modules/next/dist/next-devtools/shared/forward-logs-shared.js:27
[10492140ms] [LOG] [HMR] connected @ webpack-internal:///(app-pages-browser)/./node_modules/next/dist/next-devtools/shared/forward-logs-shared.js:27
[10515406ms] [LOG] [Fast Refresh] rebuilding @ webpack-internal:///(app-pages-browser)/./node_modules/next/dist/next-devtools/shared/forward-logs-shared.js:27
[10515511ms] [ERROR] Failed to load resource: the server responded with a status of 404 (Not Found) @ http://localhost:3000/en/about?_rsc=LMmJxe1c3l7s33H5:0
[10515548ms] [LOG] [Fast Refresh] done in 143ms @ webpack-internal:///(app-pages-browser)/./node_modules/next/dist/next-devtools/shared/forward-logs-shared.js:27
[10515549ms] [ERROR] Failed to load resource: the server responded with a status of 404 (Not Found) @ http://localhost:3000/en/about:0
[10515789ms] [INFO] %cDownload the React DevTools for a better development experience: https://react.dev/link/react-devtools font-weight:bold @ webpack-internal:///(app-pages-browser)/./node_modules/next/dist/next-devtools/shared/forward-logs-shared.js:27
[10515820ms] [LOG] [HMR] connected @ webpack-internal:///(app-pages-browser)/./node_modules/next/dist/next-devtools/shared/forward-logs-shared.js:27
[10520243ms] [LOG] [Fast Refresh] rebuilding @ webpack-internal:///(app-pages-browser)/./node_modules/next/dist/next-devtools/shared/forward-logs-shared.js:27
[10520344ms] [ERROR] Failed to load resource: the server responded with a status of 404 (Not Found) @ http://localhost:3000/en/about?_rsc=LMmJxe1c3l7s33H5:0
[10520380ms] [LOG] [Fast Refresh] done in 137ms @ webpack-internal:///(app-pages-browser)/./node_modules/next/dist/next-devtools/shared/forward-logs-shared.js:27
[10520380ms] [ERROR] Failed to load resource: the server responded with a status of 404 (Not Found) @ http://localhost:3000/en/about:0
[10520619ms] [INFO] %cDownload the React DevTools for a better development experience: https://react.dev/link/react-devtools font-weight:bold @ webpack-internal:///(app-pages-browser)/./node_modules/next/dist/next-devtools/shared/forward-logs-shared.js:27
[10520648ms] [LOG] [HMR] connected @ webpack-internal:///(app-pages-browser)/./node_modules/next/dist/next-devtools/shared/forward-logs-shared.js:27
[10526532ms] [LOG] [Fast Refresh] rebuilding @ webpack-internal:///(app-pages-browser)/./node_modules/next/dist/next-devtools/shared/forward-logs-shared.js:27
[10526664ms] [ERROR] Failed to load resource: the server responded with a status of 404 (Not Found) @ http://localhost:3000/en/about?_rsc=LMmJxe1c3l7s33H5:0
[10526699ms] [ERROR] Failed to load resource: the server responded with a status of 404 (Not Found) @ http://localhost:3000/en/about:0
[10526939ms] [INFO] %cDownload the React DevTools for a better development experience: https://react.dev/link/react-devtools font-weight:bold @ webpack-internal:///(app-pages-browser)/./node_modules/next/dist/next-devtools/shared/forward-logs-shared.js:27
[10526968ms] [LOG] [HMR] connected @ webpack-internal:///(app-pages-browser)/./node_modules/next/dist/next-devtools/shared/forward-logs-shared.js:27
[10542789ms] [LOG] [Fast Refresh] rebuilding @ webpack-internal:///(app-pages-browser)/./node_modules/next/dist/next-devtools/shared/forward-logs-shared.js:27
[10542889ms] [ERROR] Failed to load resource: the server responded with a status of 404 (Not Found) @ http://localhost:3000/en/about?_rsc=LMmJxe1c3l7s33H5:0
[10542924ms] [LOG] [Fast Refresh] done in 136ms @ webpack-internal:///(app-pages-browser)/./node_modules/next/dist/next-devtools/shared/forward-logs-shared.js:27
[10542925ms] [ERROR] Failed to load resource: the server responded with a status of 404 (Not Found) @ http://localhost:3000/en/about:0
[10543165ms] [INFO] %cDownload the React DevTools for a better development experience: https://react.dev/link/react-devtools font-weight:bold @ webpack-internal:///(app-pages-browser)/./node_modules/next/dist/next-devtools/shared/forward-logs-shared.js:27
[10543195ms] [LOG] [HMR] connected @ webpack-internal:///(app-pages-browser)/./node_modules/next/dist/next-devtools/shared/forward-logs-shared.js:27
[10550285ms] [LOG] [Fast Refresh] rebuilding @ webpack-internal:///(app-pages-browser)/./node_modules/next/dist/next-devtools/shared/forward-logs-shared.js:27
[10550392ms] [ERROR] Failed to load resource: the server responded with a status of 404 (Not Found) @ http://localhost:3000/en/about?_rsc=LMmJxe1c3l7s33H5:0
[10550428ms] [ERROR] Failed to load resource: the server responded with a status of 404 (Not Found) @ http://localhost:3000/en/about:0
[10550674ms] [INFO] %cDownload the React DevTools for a better development experience: https://react.dev/link/react-devtools font-weight:bold @ webpack-internal:///(app-pages-browser)/./node_modules/next/dist/next-devtools/shared/forward-logs-shared.js:27
[10550704ms] [LOG] [HMR] connected @ webpack-internal:///(app-pages-browser)/./node_modules/next/dist/next-devtools/shared/forward-logs-shared.js:27
[10568782ms] [LOG] [Fast Refresh] rebuilding @ webpack-internal:///(app-pages-browser)/./node_modules/next/dist/next-devtools/shared/forward-logs-shared.js:27
[10569150ms] [ERROR] Failed to load resource: the server responded with a status of 404 (Not Found) @ http://localhost:3000/en/about?_rsc=LMmJxe1c3l7s33H5:0
[10569189ms] [LOG] [Fast Refresh] done in 408ms @ webpack-internal:///(app-pages-browser)/./node_modules/next/dist/next-devtools/shared/forward-logs-shared.js:27
[10569227ms] [ERROR] Failed to load resource: the server responded with a status of 404 (Not Found) @ http://localhost:3000/en/about:0
[10569467ms] [INFO] %cDownload the React DevTools for a better development experience: https://react.dev/link/react-devtools font-weight:bold @ webpack-internal:///(app-pages-browser)/./node_modules/next/dist/next-devtools/shared/forward-logs-shared.js:27
[10569497ms] [LOG] [HMR] connected @ webpack-internal:///(app-pages-browser)/./node_modules/next/dist/next-devtools/shared/forward-logs-shared.js:27
[10575360ms] [LOG] [Fast Refresh] rebuilding @ webpack-internal:///(app-pages-browser)/./node_modules/next/dist/next-devtools/shared/forward-logs-shared.js:27
[10575469ms] [LOG] [Fast Refresh] done in 109ms @ webpack-internal:///(app-pages-browser)/./node_modules/next/dist/next-devtools/shared/forward-logs-shared.js:27
[10575473ms] [LOG] [Fast Refresh] rebuilding @ webpack-internal:///(app-pages-browser)/./node_modules/next/dist/next-devtools/shared/forward-logs-shared.js:27
[10575556ms] [LOG] [Fast Refresh] done in 84ms @ webpack-internal:///(app-pages-browser)/./node_modules/next/dist/next-devtools/shared/forward-logs-shared.js:27
[10575600ms] [ERROR] Failed to load resource: the server responded with a status of 404 (Not Found) @ http://localhost:3000/en/about?_rsc=LMmJxe1c3l7s33H5:0
[10575668ms] [ERROR] Failed to load resource: the server responded with a status of 404 (Not Found) @ http://localhost:3000/en/about:0
[10575906ms] [INFO] %cDownload the React DevTools for a better development experience: https://react.dev/link/react-devtools font-weight:bold @ webpack-internal:///(app-pages-browser)/./node_modules/next/dist/next-devtools/shared/forward-logs-shared.js:27
[10575935ms] [LOG] [HMR] connected @ webpack-internal:///(app-pages-browser)/./node_modules/next/dist/next-devtools/shared/forward-logs-shared.js:27
[10580151ms] [LOG] [Fast Refresh] rebuilding @ webpack-internal:///(app-pages-browser)/./node_modules/next/dist/next-devtools/shared/forward-logs-shared.js:27
[10580257ms] [ERROR] Failed to load resource: the server responded with a status of 404 (Not Found) @ http://localhost:3000/en/about?_rsc=LMmJxe1c3l7s33H5:0
[10580292ms] [LOG] [Fast Refresh] done in 142ms @ webpack-internal:///(app-pages-browser)/./node_modules/next/dist/next-devtools/shared/forward-logs-shared.js:27
[10580293ms] [ERROR] Failed to load resource: the server responded with a status of 404 (Not Found) @ http://localhost:3000/en/about:0
[10580533ms] [INFO] %cDownload the React DevTools for a better development experience: https://react.dev/link/react-devtools font-weight:bold @ webpack-internal:///(app-pages-browser)/./node_modules/next/dist/next-devtools/shared/forward-logs-shared.js:27
[10580562ms] [LOG] [HMR] connected @ webpack-internal:///(app-pages-browser)/./node_modules/next/dist/next-devtools/shared/forward-logs-shared.js:27
[10585715ms] [LOG] [Fast Refresh] rebuilding @ webpack-internal:///(app-pages-browser)/./node_modules/next/dist/next-devtools/shared/forward-logs-shared.js:27
[10585844ms] [ERROR] Failed to load resource: the server responded with a status of 404 (Not Found) @ http://localhost:3000/en/about?_rsc=LMmJxe1c3l7s33H5:0
[10585883ms] [ERROR] Failed to load resource: the server responded with a status of 404 (Not Found) @ http://localhost:3000/en/about:0
[10586125ms] [INFO] %cDownload the React DevTools for a better development experience: https://react.dev/link/react-devtools font-weight:bold @ webpack-internal:///(app-pages-browser)/./node_modules/next/dist/next-devtools/shared/forward-logs-shared.js:27
[10586154ms] [LOG] [HMR] connected @ webpack-internal:///(app-pages-browser)/./node_modules/next/dist/next-devtools/shared/forward-logs-shared.js:27
[10591412ms] [LOG] [Fast Refresh] rebuilding @ webpack-internal:///(app-pages-browser)/./node_modules/next/dist/next-devtools/shared/forward-logs-shared.js:27
[10591522ms] [ERROR] Failed to load resource: the server responded with a status of 404 (Not Found) @ http://localhost:3000/en/about?_rsc=LMmJxe1c3l7s33H5:0
[10591557ms] [LOG] [Fast Refresh] done in 144ms @ webpack-internal:///(app-pages-browser)/./node_modules/next/dist/next-devtools/shared/forward-logs-shared.js:27
[10591558ms] [ERROR] Failed to load resource: the server responded with a status of 404 (Not Found) @ http://localhost:3000/en/about:0
[10591796ms] [INFO] %cDownload the React DevTools for a better development experience: https://react.dev/link/react-devtools font-weight:bold @ webpack-internal:///(app-pages-browser)/./node_modules/next/dist/next-devtools/shared/forward-logs-shared.js:27
[10591825ms] [LOG] [HMR] connected @ webpack-internal:///(app-pages-browser)/./node_modules/next/dist/next-devtools/shared/forward-logs-shared.js:27
[10596430ms] [LOG] [Fast Refresh] rebuilding @ webpack-internal:///(app-pages-browser)/./node_modules/next/dist/next-devtools/shared/forward-logs-shared.js:27
[10596528ms] [ERROR] Failed to load resource: the server responded with a status of 404 (Not Found) @ http://localhost:3000/en/about?_rsc=LMmJxe1c3l7s33H5:0
[10596562ms] [LOG] [Fast Refresh] done in 133ms @ webpack-internal:///(app-pages-browser)/./node_modules/next/dist/next-devtools/shared/forward-logs-shared.js:27
[10596563ms] [ERROR] Failed to load resource: the server responded with a status of 404 (Not Found) @ http://localhost:3000/en/about:0
[10596805ms] [INFO] %cDownload the React DevTools for a better development experience: https://react.dev/link/react-devtools font-weight:bold @ webpack-internal:///(app-pages-browser)/./node_modules/next/dist/next-devtools/shared/forward-logs-shared.js:27
[10596834ms] [LOG] [HMR] connected @ webpack-internal:///(app-pages-browser)/./node_modules/next/dist/next-devtools/shared/forward-logs-shared.js:27
[10605202ms] [LOG] [Fast Refresh] rebuilding @ webpack-internal:///(app-pages-browser)/./node_modules/next/dist/next-devtools/shared/forward-logs-shared.js:27
[10605366ms] [ERROR] Failed to load resource: the server responded with a status of 404 (Not Found) @ http://localhost:3000/en/about?_rsc=LMmJxe1c3l7s33H5:0
[10605407ms] [ERROR] Failed to load resource: the server responded with a status of 404 (Not Found) @ http://localhost:3000/en/about:0
[10605657ms] [INFO] %cDownload the React DevTools for a better development experience: https://react.dev/link/react-devtools font-weight:bold @ webpack-internal:///(app-pages-browser)/./node_modules/next/dist/next-devtools/shared/forward-logs-shared.js:27
[10605688ms] [LOG] [HMR] connected @ webpack-internal:///(app-pages-browser)/./node_modules/next/dist/next-devtools/shared/forward-logs-shared.js:27
[10610195ms] [LOG] [Fast Refresh] rebuilding @ webpack-internal:///(app-pages-browser)/./node_modules/next/dist/next-devtools/shared/forward-logs-shared.js:27
[10610298ms] [ERROR] Failed to load resource: the server responded with a status of 404 (Not Found) @ http://localhost:3000/en/about?_rsc=LMmJxe1c3l7s33H5:0
[10610334ms] [ERROR] Failed to load resource: the server responded with a status of 404 (Not Found) @ http://localhost:3000/en/about:0
[10610595ms] [INFO] %cDownload the React DevTools for a better development experience: https://react.dev/link/react-devtools font-weight:bold @ webpack-internal:///(app-pages-browser)/./node_modules/next/dist/next-devtools/shared/forward-logs-shared.js:27
[10610625ms] [LOG] [HMR] connected @ webpack-internal:///(app-pages-browser)/./node_modules/next/dist/next-devtools/shared/forward-logs-shared.js:27
[10665816ms] [LOG] [Fast Refresh] rebuilding @ webpack-internal:///(app-pages-browser)/./node_modules/next/dist/next-devtools/shared/forward-logs-shared.js:27
[10665936ms] [ERROR] Failed to load resource: the server responded with a status of 404 (Not Found) @ http://localhost:3000/en/about?_rsc=LMmJxe1c3l7s33H5:0
[10665972ms] [LOG] [Fast Refresh] done in 157ms @ webpack-internal:///(app-pages-browser)/./node_modules/next/dist/next-devtools/shared/forward-logs-shared.js:27
[10665973ms] [ERROR] Failed to load resource: the server responded with a status of 404 (Not Found) @ http://localhost:3000/en/about:0
[10666225ms] [INFO] %cDownload the React DevTools for a better development experience: https://react.dev/link/react-devtools font-weight:bold @ webpack-internal:///(app-pages-browser)/./node_modules/next/dist/next-devtools/shared/forward-logs-shared.js:27
[10666256ms] [LOG] [HMR] connected @ webpack-internal:///(app-pages-browser)/./node_modules/next/dist/next-devtools/shared/forward-logs-shared.js:27
[11077211ms] [LOG] [Fast Refresh] rebuilding @ webpack-internal:///(app-pages-browser)/./node_modules/next/dist/next-devtools/shared/forward-logs-shared.js:27
[11077376ms] [ERROR] Failed to load resource: the server responded with a status of 404 (Not Found) @ http://localhost:3000/en/about?_rsc=LMmJxe1c3l7s33H5:0
[11077417ms] [LOG] [Fast Refresh] done in 206ms @ webpack-internal:///(app-pages-browser)/./node_modules/next/dist/next-devtools/shared/forward-logs-shared.js:27
[11077417ms] [ERROR] Failed to load resource: the server responded with a status of 404 (Not Found) @ http://localhost:3000/en/about:0
[11077658ms] [INFO] %cDownload the React DevTools for a better development experience: https://react.dev/link/react-devtools font-weight:bold @ webpack-internal:///(app-pages-browser)/./node_modules/next/dist/next-devtools/shared/forward-logs-shared.js:27
[11077688ms] [LOG] [HMR] connected @ webpack-internal:///(app-pages-browser)/./node_modules/next/dist/next-devtools/shared/forward-logs-shared.js:27
[13049083ms] [LOG] [Fast Refresh] rebuilding @ webpack-internal:///(app-pages-browser)/./node_modules/next/dist/next-devtools/shared/forward-logs-shared.js:27
[13049337ms] [ERROR] Failed to load resource: the server responded with a status of 404 (Not Found) @ http://localhost:3000/en/about?_rsc=LMmJxe1c3l7s33H5:0
[13049378ms] [LOG] [Fast Refresh] done in 296ms @ webpack-internal:///(app-pages-browser)/./node_modules/next/dist/next-devtools/shared/forward-logs-shared.js:27
[13049380ms] [ERROR] Failed to load resource: the server responded with a status of 404 (Not Found) @ http://localhost:3000/en/about:0
[13049663ms] [INFO] %cDownload the React DevTools for a better development experience: https://react.dev/link/react-devtools font-weight:bold @ webpack-internal:///(app-pages-browser)/./node_modules/next/dist/next-devtools/shared/forward-logs-shared.js:27
[13049696ms] [LOG] [HMR] connected @ webpack-internal:///(app-pages-browser)/./node_modules/next/dist/next-devtools/shared/forward-logs-shared.js:27
[13093121ms] [LOG] [Fast Refresh] rebuilding @ webpack-internal:///(app-pages-browser)/./node_modules/next/dist/next-devtools/shared/forward-logs-shared.js:27
[13093234ms] [ERROR] Failed to load resource: the server responded with a status of 404 (Not Found) @ http://localhost:3000/en/about?_rsc=LMmJxe1c3l7s33H5:0
[13093270ms] [LOG] [Fast Refresh] done in 149ms @ webpack-internal:///(app-pages-browser)/./node_modules/next/dist/next-devtools/shared/forward-logs-shared.js:27
[13093270ms] [ERROR] Failed to load resource: the server responded with a status of 404 (Not Found) @ http://localhost:3000/en/about:0
[13093525ms] [INFO] %cDownload the React DevTools for a better development experience: https://react.dev/link/react-devtools font-weight:bold @ webpack-internal:///(app-pages-browser)/./node_modules/next/dist/next-devtools/shared/forward-logs-shared.js:27
[13093557ms] [LOG] [HMR] connected @ webpack-internal:///(app-pages-browser)/./node_modules/next/dist/next-devtools/shared/forward-logs-shared.js:27
[15255197ms] [ERROR] WebSocket connection to 'ws://localhost:3000/_next/webpack-hmr?id=QbbUxg2Xc3W1Ks1dT_hLa' failed: Error in connection establishment: net::ERR_CONNECTION_REFUSED @ webpack-internal:///(app-pages-browser)/./node_modules/next/dist/client/dev/hot-reloader/app/web-socket.js:59
[15256200ms] [ERROR] WebSocket connection to 'ws://localhost:3000/_next/webpack-hmr?id=QbbUxg2Xc3W1Ks1dT_hLa' failed: Error in connection establishment: net::ERR_CONNECTION_REFUSED @ webpack-internal:///(app-pages-browser)/./node_modules/next/dist/client/dev/hot-reloader/app/web-socket.js:59
[15257202ms] [ERROR] WebSocket connection to 'ws://localhost:3000/_next/webpack-hmr?id=QbbUxg2Xc3W1Ks1dT_hLa' failed: Error in connection establishment: net::ERR_CONNECTION_REFUSED @ webpack-internal:///(app-pages-browser)/./node_modules/next/dist/client/dev/hot-reloader/app/web-socket.js:59
[15258203ms] [ERROR] WebSocket connection to 'ws://localhost:3000/_next/webpack-hmr?id=QbbUxg2Xc3W1Ks1dT_hLa' failed: Error in connection establishment: net::ERR_CONNECTION_REFUSED @ webpack-internal:///(app-pages-browser)/./node_modules/next/dist/client/dev/hot-reloader/app/web-socket.js:59
[15259208ms] [ERROR] WebSocket connection to 'ws://localhost:3000/_next/webpack-hmr?id=QbbUxg2Xc3W1Ks1dT_hLa' failed: Error in connection establishment: net::ERR_CONNECTION_REFUSED @ webpack-internal:///(app-pages-browser)/./node_modules/next/dist/client/dev/hot-reloader/app/web-socket.js:59
[15264214ms] [ERROR] WebSocket connection to 'ws://localhost:3000/_next/webpack-hmr?id=QbbUxg2Xc3W1Ks1dT_hLa' failed: Error in connection establishment: net::ERR_CONNECTION_REFUSED @ webpack-internal:///(app-pages-browser)/./node_modules/next/dist/client/dev/hot-reloader/app/web-socket.js:59
[15269225ms] [ERROR] WebSocket connection to 'ws://localhost:3000/_next/webpack-hmr?id=QbbUxg2Xc3W1Ks1dT_hLa' failed: Error in connection establishment: net::ERR_CONNECTION_REFUSED @ webpack-internal:///(app-pages-browser)/./node_modules/next/dist/client/dev/hot-reloader/app/web-socket.js:59
[15274252ms] [ERROR] WebSocket connection to 'ws://localhost:3000/_next/webpack-hmr?id=QbbUxg2Xc3W1Ks1dT_hLa' failed: Error in connection establishment: net::ERR_CONNECTION_REFUSED @ webpack-internal:///(app-pages-browser)/./node_modules/next/dist/client/dev/hot-reloader/app/web-socket.js:59
[15279280ms] [ERROR] WebSocket connection to 'ws://localhost:3000/_next/webpack-hmr?id=QbbUxg2Xc3W1Ks1dT_hLa' failed: Error in connection establishment: net::ERR_CONNECTION_REFUSED @ webpack-internal:///(app-pages-browser)/./node_modules/next/dist/client/dev/hot-reloader/app/web-socket.js:59
[15284343ms] [ERROR] WebSocket connection to 'ws://localhost:3000/_next/webpack-hmr?id=QbbUxg2Xc3W1Ks1dT_hLa' failed: Error in connection establishment: net::ERR_CONNECTION_REFUSED @ webpack-internal:///(app-pages-browser)/./node_modules/next/dist/client/dev/hot-reloader/app/web-socket.js:59
[15289443ms] [ERROR] WebSocket connection to 'ws://localhost:3000/_next/webpack-hmr?id=QbbUxg2Xc3W1Ks1dT_hLa' failed: Error in connection establishment: net::ERR_CONNECTION_REFUSED @ webpack-internal:///(app-pages-browser)/./node_modules/next/dist/client/dev/hot-reloader/app/web-socket.js:59
[15294646ms] [ERROR] WebSocket connection to 'ws://localhost:3000/_next/webpack-hmr?id=QbbUxg2Xc3W1Ks1dT_hLa' failed: Error in connection establishment: net::ERR_CONNECTION_REFUSED @ webpack-internal:///(app-pages-browser)/./node_modules/next/dist/client/dev/hot-reloader/app/web-socket.js:59
[56107205ms] [ERROR] Failed to load resource: the server responded with a status of 404 (Not Found) @ http://localhost:3000/en/about:0
[56107353ms] [LOG] [Client Instrumentation Hook] Slow execution detected: 46ms (Note: Code download overhead is not included in this measurement) @ http://localhost:3000/_next/static/chunks/node_modules_%40sentry_core_build_esm_1q_qjqh._.js:10515
[56107365ms] [INFO] %cDownload the React DevTools for a better development experience: https://react.dev/link/react-devtools font-weight:bold @ http://localhost:3000/_next/static/chunks/node_modules_%40sentry_core_build_esm_1q_qjqh._.js:10515
[56107425ms] [LOG] [HMR] connected @ http://localhost:3000/_next/static/chunks/node_modules_%40sentry_core_build_esm_1q_qjqh._.js:10515
[56107596ms] [ERROR] Failed to load resource: the server responded with a status of 404 (Not Found) @ http://localhost:3000/en/about:0
[56107641ms] [LOG] [UserStoreProvider] Auth event: INITIAL_SESSION @ http://localhost:3000/_next/static/chunks/node_modules_%40sentry_core_build_esm_1q_qjqh._.js:10515
[56108520ms] [ERROR] Failed to load resource: the server responded with a status of 403 () @ https://os.impakers.club/api/external/telemetry/auth:0
[56108534ms] [ERROR] Failed to load resource: the server responded with a status of 403 () @ https://os.impakers.club/api/external/telemetry/auth:0
[56108857ms] [ERROR] Failed to load resource: the server responded with a status of 403 () @ https://os.impakers.club/api/external/telemetry/auth:0
[56110859ms] [ERROR] Failed to load resource: the server responded with a status of 403 () @ https://os.impakers.club/api/external/telemetry/auth:0
[56168382ms] [ERROR] Failed to load resource: the server responded with a status of 403 () @ https://os.impakers.club/api/external/telemetry/auth:0
[56228295ms] [ERROR] Failed to load resource: the server responded with a status of 403 () @ https://os.impakers.club/api/external/telemetry/auth:0
[56241526ms] [LOG] [Fast Refresh] rebuilding @ http://localhost:3000/_next/static/chunks/node_modules_%40sentry_core_build_esm_1q_qjqh._.js:10515
[56241615ms] [LOG] [Fast Refresh] done in 164ms @ http://localhost:3000/_next/static/chunks/node_modules_%40sentry_core_build_esm_1q_qjqh._.js:10515
[56249772ms] [LOG] [Fast Refresh] rebuilding @ http://localhost:3000/_next/static/chunks/node_modules_%40sentry_core_build_esm_1q_qjqh._.js:10515
[56249832ms] [LOG] [Fast Refresh] done in 134ms @ http://localhost:3000/_next/static/chunks/node_modules_%40sentry_core_build_esm_1q_qjqh._.js:10515
[56265269ms] [LOG] [Fast Refresh] rebuilding @ http://localhost:3000/_next/static/chunks/node_modules_%40sentry_core_build_esm_1q_qjqh._.js:10515
[56265527ms] [LOG] [Fast Refresh] done in 305ms @ http://localhost:3000/_next/static/chunks/node_modules_%40sentry_core_build_esm_1q_qjqh._.js:10515
[56265744ms] [LOG] [Fast Refresh] rebuilding @ http://localhost:3000/_next/static/chunks/node_modules_%40sentry_core_build_esm_1q_qjqh._.js:10515
[56265804ms] [LOG] [Fast Refresh] done in 161ms @ http://localhost:3000/_next/static/chunks/node_modules_%40sentry_core_build_esm_1q_qjqh._.js:10515
[56265832ms] [ERROR] Failed to load resource: the server responded with a status of 404 (Not Found) @ http://localhost:3000/en/about?_rsc=gJvLbHS0Udr_qZza:0
[56265888ms] [ERROR] Failed to load resource: the server responded with a status of 404 (Not Found) @ http://localhost:3000/en/about?_rsc=gJvLbHS0Udr_qZza:0
[56265977ms] [LOG] [Fast Refresh] rebuilding @ http://localhost:3000/_next/static/chunks/node_modules_%40sentry_core_build_esm_1q_qjqh._.js:10515
[56266082ms] [LOG] [Fast Refresh] done in 206ms @ http://localhost:3000/_next/static/chunks/node_modules_%40sentry_core_build_esm_1q_qjqh._.js:10515
[56266104ms] [ERROR] Failed to load resource: the server responded with a status of 404 (Not Found) @ http://localhost:3000/en/about:0
[56266162ms] [INFO] %cDownload the React DevTools for a better development experience: https://react.dev/link/react-devtools font-weight:bold @ http://localhost:3000/_next/static/chunks/node_modules_%40sentry_core_build_esm_1q_qjqh._.js:10515
[56266198ms] [LOG] [HMR] connected @ http://localhost:3000/_next/static/chunks/node_modules_%40sentry_core_build_esm_1q_qjqh._.js:10515
[56266341ms] [ERROR] Failed to load resource: the server responded with a status of 404 (Not Found) @ http://localhost:3000/en/about:0
[56266379ms] [LOG] [UserStoreProvider] Auth event: INITIAL_SESSION @ http://localhost:3000/_next/static/chunks/node_modules_%40sentry_core_build_esm_1q_qjqh._.js:10515
[56267457ms] [ERROR] Failed to load resource: the server responded with a status of 403 () @ https://os.impakers.club/api/external/telemetry/auth:0
[56267775ms] [ERROR] Failed to load resource: the server responded with a status of 403 () @ https://os.impakers.club/api/external/telemetry/auth:0
[56270109ms] [ERROR] Failed to load resource: the server responded with a status of 403 () @ https://os.impakers.club/api/external/telemetry/auth:0
[56274111ms] [LOG] [Fast Refresh] rebuilding @ http://localhost:3000/_next/static/chunks/node_modules_%40sentry_core_build_esm_1q_qjqh._.js:10515
[56274134ms] [LOG] [Fast Refresh] done in 94ms @ http://localhost:3000/_next/static/chunks/node_modules_%40sentry_core_build_esm_1q_qjqh._.js:10515
[56327328ms] [ERROR] Failed to load resource: the server responded with a status of 403 () @ https://os.impakers.club/api/external/telemetry/auth:0
[56387010ms] [ERROR] Failed to load resource: the server responded with a status of 403 () @ https://os.impakers.club/api/external/telemetry/auth:0
[56425009ms] [LOG] [Fast Refresh] rebuilding @ http://localhost:3000/_next/static/chunks/node_modules_%40sentry_core_build_esm_1q_qjqh._.js:10515
[56425049ms] [LOG] [Fast Refresh] done in 112ms @ http://localhost:3000/_next/static/chunks/node_modules_%40sentry_core_build_esm_1q_qjqh._.js:10515
[56439172ms] [LOG] [Fast Refresh] rebuilding @ http://localhost:3000/_next/static/chunks/node_modules_%40sentry_core_build_esm_1q_qjqh._.js:10515
[56439251ms] [LOG] [Fast Refresh] done in 155ms @ http://localhost:3000/_next/static/chunks/node_modules_%40sentry_core_build_esm_1q_qjqh._.js:10515
[56447011ms] [ERROR] Failed to load resource: the server responded with a status of 403 () @ https://os.impakers.club/api/external/telemetry/auth:0
[56499063ms] [LOG] [Fast Refresh] rebuilding @ http://localhost:3000/_next/static/chunks/node_modules_%40sentry_core_build_esm_1q_qjqh._.js:10515
[56499091ms] [LOG] [Fast Refresh] done in 103ms @ http://localhost:3000/_next/static/chunks/node_modules_%40sentry_core_build_esm_1q_qjqh._.js:10515
[56507054ms] [ERROR] Failed to load resource: the server responded with a status of 403 () @ https://os.impakers.club/api/external/telemetry/auth:0
[56542221ms] [LOG] [Fast Refresh] rebuilding @ http://localhost:3000/_next/static/chunks/node_modules_%40sentry_core_build_esm_1q_qjqh._.js:10515
[56542258ms] [LOG] [Fast Refresh] done in 112ms @ http://localhost:3000/_next/static/chunks/node_modules_%40sentry_core_build_esm_1q_qjqh._.js:10515
[56567285ms] [ERROR] Failed to load resource: the server responded with a status of 403 () @ https://os.impakers.club/api/external/telemetry/auth:0
[56626999ms] [ERROR] Failed to load resource: the server responded with a status of 403 () @ https://os.impakers.club/api/external/telemetry/auth:0
[56644950ms] [LOG] [Fast Refresh] rebuilding @ http://localhost:3000/_next/static/chunks/node_modules_%40sentry_core_build_esm_1q_qjqh._.js:10515
[56645007ms] [LOG] [Fast Refresh] done in 134ms @ http://localhost:3000/_next/static/chunks/node_modules_%40sentry_core_build_esm_1q_qjqh._.js:10515
[56651657ms] [LOG] [Fast Refresh] rebuilding @ http://localhost:3000/_next/static/chunks/node_modules_%40sentry_core_build_esm_1q_qjqh._.js:10515
[56651687ms] [LOG] [Fast Refresh] done in 105ms @ http://localhost:3000/_next/static/chunks/node_modules_%40sentry_core_build_esm_1q_qjqh._.js:10515
[56687037ms] [ERROR] Failed to load resource: the server responded with a status of 403 () @ https://os.impakers.club/api/external/telemetry/auth:0
[56691744ms] [LOG] [Fast Refresh] rebuilding @ http://localhost:3000/_next/static/chunks/node_modules_%40sentry_core_build_esm_1q_qjqh._.js:10515
[56691778ms] [LOG] [Fast Refresh] done in 111ms @ http://localhost:3000/_next/static/chunks/node_modules_%40sentry_core_build_esm_1q_qjqh._.js:10515
[56747012ms] [ERROR] Failed to load resource: the server responded with a status of 403 () @ https://os.impakers.club/api/external/telemetry/auth:0
[56764443ms] [LOG] [Fast Refresh] rebuilding @ http://localhost:3000/_next/static/chunks/node_modules_%40sentry_core_build_esm_1q_qjqh._.js:10515
[56764469ms] [LOG] [Fast Refresh] done in 96ms @ http://localhost:3000/_next/static/chunks/node_modules_%40sentry_core_build_esm_1q_qjqh._.js:10515
[56806996ms] [ERROR] Failed to load resource: the server responded with a status of 403 () @ https://os.impakers.club/api/external/telemetry/auth:0
[56839559ms] [LOG] [Fast Refresh] rebuilding @ http://localhost:3000/_next/static/chunks/node_modules_%40sentry_core_build_esm_1q_qjqh._.js:10515
[56839584ms] [LOG] [Fast Refresh] done in 95ms @ http://localhost:3000/_next/static/chunks/node_modules_%40sentry_core_build_esm_1q_qjqh._.js:10515
[56841380ms] [LOG] [Fast Refresh] rebuilding @ http://localhost:3000/_next/static/chunks/node_modules_%40sentry_core_build_esm_1q_qjqh._.js:10515
[56841768ms] [LOG] [Fast Refresh] done in 489ms @ http://localhost:3000/_next/static/chunks/node_modules_%40sentry_core_build_esm_1q_qjqh._.js:10515
[56845395ms] [LOG] [Fast Refresh] rebuilding @ http://localhost:3000/_next/static/chunks/node_modules_%40sentry_core_build_esm_1q_qjqh._.js:10515
[56845419ms] [LOG] [Fast Refresh] done in 90ms @ http://localhost:3000/_next/static/chunks/node_modules_%40sentry_core_build_esm_1q_qjqh._.js:10515
[56867048ms] [ERROR] Failed to load resource: the server responded with a status of 403 () @ https://os.impakers.club/api/external/telemetry/auth:0
[56927025ms] [ERROR] Failed to load resource: the server responded with a status of 403 () @ https://os.impakers.club/api/external/telemetry/auth:0
[56941901ms] [LOG] [Fast Refresh] rebuilding @ http://localhost:3000/_next/static/chunks/node_modules_%40sentry_core_build_esm_1q_qjqh._.js:10515
[56941930ms] [LOG] [Fast Refresh] done in 106ms @ http://localhost:3000/_next/static/chunks/node_modules_%40sentry_core_build_esm_1q_qjqh._.js:10515
[56947439ms] [LOG] [Fast Refresh] rebuilding @ http://localhost:3000/_next/static/chunks/node_modules_%40sentry_core_build_esm_1q_qjqh._.js:10515
[56947652ms] [LOG] [Fast Refresh] done in 288ms @ http://localhost:3000/_next/static/chunks/node_modules_%40sentry_core_build_esm_1q_qjqh._.js:10515
[56952798ms] [LOG] [Fast Refresh] rebuilding @ http://localhost:3000/_next/static/chunks/node_modules_%40sentry_core_build_esm_1q_qjqh._.js:10515
[56952821ms] [LOG] [Fast Refresh] done in 92ms @ http://localhost:3000/_next/static/chunks/node_modules_%40sentry_core_build_esm_1q_qjqh._.js:10515
[56989209ms] [ERROR] Failed to load resource: the server responded with a status of 403 () @ https://os.impakers.club/api/external/telemetry/auth:0
[57045855ms] [LOG] [Fast Refresh] rebuilding @ http://localhost:3000/_next/static/chunks/node_modules_%40sentry_core_build_esm_1q_qjqh._.js:10515
[57045910ms] [LOG] [Fast Refresh] done in 133ms @ http://localhost:3000/_next/static/chunks/node_modules_%40sentry_core_build_esm_1q_qjqh._.js:10515
[57046999ms] [ERROR] Failed to load resource: the server responded with a status of 403 () @ https://os.impakers.club/api/external/telemetry/auth:0
[57107306ms] [ERROR] Failed to load resource: the server responded with a status of 403 () @ https://os.impakers.club/api/external/telemetry/auth:0
[57162506ms] [LOG] [Fast Refresh] rebuilding @ http://localhost:3000/_next/static/chunks/node_modules_%40sentry_core_build_esm_1q_qjqh._.js:10515
[57162530ms] [LOG] [Fast Refresh] done in 98ms @ http://localhost:3000/_next/static/chunks/node_modules_%40sentry_core_build_esm_1q_qjqh._.js:10515
[57167114ms] [ERROR] Failed to load resource: the server responded with a status of 403 () @ https://os.impakers.club/api/external/telemetry/auth:0
[57194666ms] [LOG] [Fast Refresh] rebuilding @ http://localhost:3000/_next/static/chunks/node_modules_%40sentry_core_build_esm_1q_qjqh._.js:10515
[57194711ms] [LOG] [Fast Refresh] done in 125ms @ http://localhost:3000/_next/static/chunks/node_modules_%40sentry_core_build_esm_1q_qjqh._.js:10515
[57223086ms] [LOG] [Fast Refresh] rebuilding @ http://localhost:3000/_next/static/chunks/node_modules_%40sentry_core_build_esm_1q_qjqh._.js:10515
[57223201ms] [LOG] [Fast Refresh] done in 191ms @ http://localhost:3000/_next/static/chunks/node_modules_%40sentry_core_build_esm_1q_qjqh._.js:10515
[57227261ms] [ERROR] Failed to load resource: the server responded with a status of 403 () @ https://os.impakers.club/api/external/telemetry/auth:0
[57235186ms] [LOG] [Fast Refresh] rebuilding @ http://localhost:3000/_next/static/chunks/node_modules_%40sentry_core_build_esm_1q_qjqh._.js:10515
[57235242ms] [LOG] [Fast Refresh] done in 134ms @ http://localhost:3000/_next/static/chunks/node_modules_%40sentry_core_build_esm_1q_qjqh._.js:10515
[57270476ms] [LOG] [Fast Refresh] rebuilding @ http://localhost:3000/_next/static/chunks/node_modules_%40sentry_core_build_esm_1q_qjqh._.js:10515
[57270726ms] [LOG] [Fast Refresh] done in 351ms @ http://localhost:3000/_next/static/chunks/node_modules_%40sentry_core_build_esm_1q_qjqh._.js:10515
[57286942ms] [ERROR] Failed to load resource: the server responded with a status of 403 () @ https://os.impakers.club/api/external/telemetry/auth:0
[57337986ms] [LOG] [Fast Refresh] rebuilding @ http://localhost:3000/_next/static/chunks/node_modules_%40sentry_core_build_esm_1q_qjqh._.js:10515
[57338050ms] [LOG] [Fast Refresh] done in 169ms @ http://localhost:3000/_next/static/chunks/node_modules_%40sentry_core_build_esm_1q_qjqh._.js:10515
[57343597ms] [LOG] [Fast Refresh] rebuilding @ http://localhost:3000/_next/static/chunks/node_modules_%40sentry_core_build_esm_1q_qjqh._.js:10515
[57343798ms] [LOG] [Fast Refresh] done in 224ms @ http://localhost:3000/_next/static/chunks/node_modules_%40sentry_core_build_esm_1q_qjqh._.js:10515
[57346961ms] [ERROR] Failed to load resource: the server responded with a status of 403 () @ https://os.impakers.club/api/external/telemetry/auth:0
[57407032ms] [ERROR] Failed to load resource: the server responded with a status of 403 () @ https://os.impakers.club/api/external/telemetry/auth:0
[57467065ms] [ERROR] Failed to load resource: the server responded with a status of 403 () @ https://os.impakers.club/api/external/telemetry/auth:0
[57526966ms] [ERROR] Failed to load resource: the server responded with a status of 403 () @ https://os.impakers.club/api/external/telemetry/auth:0
[57587026ms] [ERROR] Failed to load resource: the server responded with a status of 403 () @ https://os.impakers.club/api/external/telemetry/auth:0
[57599364ms] [LOG] [Fast Refresh] rebuilding @ http://localhost:3000/_next/static/chunks/node_modules_%40sentry_core_build_esm_1q_qjqh._.js:10515
[57599614ms] [LOG] [Fast Refresh] done in 340ms @ http://localhost:3000/_next/static/chunks/node_modules_%40sentry_core_build_esm_1q_qjqh._.js:10515
[57606990ms] [LOG] [Fast Refresh] rebuilding @ http://localhost:3000/_next/static/chunks/node_modules_%40sentry_core_build_esm_1q_qjqh._.js:10515
[57607000ms] [LOG] [Fast Refresh] done in 97ms @ http://localhost:3000/_next/static/chunks/node_modules_%40sentry_core_build_esm_1q_qjqh._.js:10515
[57635145ms] [LOG] [Fast Refresh] rebuilding @ http://localhost:3000/_next/static/chunks/node_modules_%40sentry_core_build_esm_1q_qjqh._.js:10515
[57635194ms] [LOG] [Fast Refresh] done in 133ms @ http://localhost:3000/_next/static/chunks/node_modules_%40sentry_core_build_esm_1q_qjqh._.js:10515
[57646973ms] [ERROR] Failed to load resource: the server responded with a status of 403 () @ https://os.impakers.club/api/external/telemetry/auth:0
[57651394ms] [LOG] [Fast Refresh] rebuilding @ http://localhost:3000/_next/static/chunks/node_modules_%40sentry_core_build_esm_1q_qjqh._.js:10515
[57651427ms] [LOG] [Fast Refresh] done in 120ms @ http://localhost:3000/_next/static/chunks/node_modules_%40sentry_core_build_esm_1q_qjqh._.js:10515
[57657625ms] [LOG] [Fast Refresh] rebuilding @ http://localhost:3000/_next/static/chunks/node_modules_%40sentry_core_build_esm_1q_qjqh._.js:10515
[57657653ms] [LOG] [Fast Refresh] done in 119ms @ http://localhost:3000/_next/static/chunks/node_modules_%40sentry_core_build_esm_1q_qjqh._.js:10515
[57663145ms] [LOG] [Fast Refresh] rebuilding @ http://localhost:3000/_next/static/chunks/node_modules_%40sentry_core_build_esm_1q_qjqh._.js:10515
[57663166ms] [LOG] [Fast Refresh] done in 108ms @ http://localhost:3000/_next/static/chunks/node_modules_%40sentry_core_build_esm_1q_qjqh._.js:10515
[57668409ms] [LOG] [Fast Refresh] rebuilding @ http://localhost:3000/_next/static/chunks/node_modules_%40sentry_core_build_esm_1q_qjqh._.js:10515
[57668452ms] [LOG] [Fast Refresh] done in 133ms @ http://localhost:3000/_next/static/chunks/node_modules_%40sentry_core_build_esm_1q_qjqh._.js:10515
[57707078ms] [ERROR] Failed to load resource: the server responded with a status of 403 () @ https://os.impakers.club/api/external/telemetry/auth:0
[57766995ms] [ERROR] Failed to load resource: the server responded with a status of 403 () @ https://os.impakers.club/api/external/telemetry/auth:0
[57826992ms] [ERROR] Failed to load resource: the server responded with a status of 403 () @ https://os.impakers.club/api/external/telemetry/auth:0
[57866590ms] [LOG] [Fast Refresh] rebuilding @ http://localhost:3000/_next/static/chunks/node_modules_%40sentry_core_build_esm_1q_qjqh._.js:10515
[57866637ms] [LOG] [Fast Refresh] done in 139ms @ http://localhost:3000/_next/static/chunks/node_modules_%40sentry_core_build_esm_1q_qjqh._.js:10515
[57885440ms] [LOG] [Fast Refresh] rebuilding @ http://localhost:3000/_next/static/chunks/node_modules_%40sentry_core_build_esm_1q_qjqh._.js:10515
[57885477ms] [LOG] [Fast Refresh] done in 128ms @ http://localhost:3000/_next/static/chunks/node_modules_%40sentry_core_build_esm_1q_qjqh._.js:10515
[57887367ms] [ERROR] Failed to load resource: the server responded with a status of 403 () @ https://os.impakers.club/api/external/telemetry/auth:0
[57895016ms] [LOG] [Fast Refresh] rebuilding @ http://localhost:3000/_next/static/chunks/node_modules_%40sentry_core_build_esm_1q_qjqh._.js:10515
[57895048ms] [LOG] [Fast Refresh] done in 122ms @ http://localhost:3000/_next/static/chunks/node_modules_%40sentry_core_build_esm_1q_qjqh._.js:10515
[57946983ms] [ERROR] Failed to load resource: the server responded with a status of 403 () @ https://os.impakers.club/api/external/telemetry/auth:0
[58007053ms] [ERROR] Failed to load resource: the server responded with a status of 403 () @ https://os.impakers.club/api/external/telemetry/auth:0
[58016145ms] [LOG] [Fast Refresh] rebuilding @ http://localhost:3000/_next/static/chunks/node_modules_%40sentry_core_build_esm_1q_qjqh._.js:10515
[58016215ms] [LOG] [Fast Refresh] done in 158ms @ http://localhost:3000/_next/static/chunks/node_modules_%40sentry_core_build_esm_1q_qjqh._.js:10515
[58020499ms] [LOG] [Fast Refresh] rebuilding @ http://localhost:3000/_next/static/chunks/node_modules_%40sentry_core_build_esm_1q_qjqh._.js:10515
[58020839ms] [LOG] [Fast Refresh] done in 391ms @ http://localhost:3000/_next/static/chunks/node_modules_%40sentry_core_build_esm_1q_qjqh._.js:10515
[58020944ms] [LOG] [Fast Refresh] rebuilding @ http://localhost:3000/_next/static/chunks/node_modules_%40sentry_core_build_esm_1q_qjqh._.js:10515
[58020998ms] [LOG] [Fast Refresh] done in 155ms @ http://localhost:3000/_next/static/chunks/node_modules_%40sentry_core_build_esm_1q_qjqh._.js:10515
[58021034ms] [ERROR] Failed to load resource: the server responded with a status of 404 (Not Found) @ http://localhost:3000/en/about?_rsc=gJvLbHS0Udr_qZza:0
[58021094ms] [ERROR] Failed to load resource: the server responded with a status of 404 (Not Found) @ http://localhost:3000/en/about?_rsc=gJvLbHS0Udr_qZza:0
[58021185ms] [LOG] [Fast Refresh] rebuilding @ http://localhost:3000/_next/static/chunks/node_modules_%40sentry_core_build_esm_1q_qjqh._.js:10515
[58021283ms] [LOG] [Fast Refresh] done in 198ms @ http://localhost:3000/_next/static/chunks/node_modules_%40sentry_core_build_esm_1q_qjqh._.js:10515
[58021293ms] [ERROR] Failed to load resource: the server responded with a status of 404 (Not Found) @ http://localhost:3000/en/about:0
[58021387ms] [LOG] [Client Instrumentation Hook] Slow execution detected: 19ms (Note: Code download overhead is not included in this measurement) @ http://localhost:3000/_next/static/chunks/node_modules_%40sentry_core_build_esm_1q_qjqh._.js:10515
[58021389ms] [INFO] %cDownload the React DevTools for a better development experience: https://react.dev/link/react-devtools font-weight:bold @ http://localhost:3000/_next/static/chunks/node_modules_%40sentry_core_build_esm_1q_qjqh._.js:10515
[58021416ms] [LOG] [HMR] connected @ http://localhost:3000/_next/static/chunks/node_modules_%40sentry_core_build_esm_1q_qjqh._.js:10515
[58021571ms] [ERROR] Failed to load resource: the server responded with a status of 404 (Not Found) @ http://localhost:3000/en/about:0
[58021610ms] [LOG] [UserStoreProvider] Auth event: INITIAL_SESSION @ http://localhost:3000/_next/static/chunks/node_modules_%40sentry_core_build_esm_1q_qjqh._.js:10515
[58022202ms] [LOG] [Fast Refresh] rebuilding @ http://localhost:3000/_next/static/chunks/node_modules_%40sentry_core_build_esm_1q_qjqh._.js:10515
[58022216ms] [LOG] [Fast Refresh] done in 105ms @ http://localhost:3000/_next/static/chunks/node_modules_%40sentry_core_build_esm_1q_qjqh._.js:10515
[58022598ms] [ERROR] Failed to load resource: the server responded with a status of 403 () @ https://os.impakers.club/api/external/telemetry/auth:0
[58022600ms] [ERROR] Failed to load resource: the server responded with a status of 403 () @ https://os.impakers.club/api/external/telemetry/auth:0
[58024920ms] [ERROR] Failed to load resource: the server responded with a status of 403 () @ https://os.impakers.club/api/external/telemetry/auth:0
[58028892ms] [LOG] [Fast Refresh] rebuilding @ http://localhost:3000/_next/static/chunks/node_modules_%40sentry_core_build_esm_1q_qjqh._.js:10515
[58028916ms] [LOG] [Fast Refresh] done in 112ms @ http://localhost:3000/_next/static/chunks/node_modules_%40sentry_core_build_esm_1q_qjqh._.js:10515
[58049248ms] [LOG] [Fast Refresh] rebuilding @ http://localhost:3000/_next/static/chunks/node_modules_%40sentry_core_build_esm_1q_qjqh._.js:10515
[58049471ms] [LOG] [Fast Refresh] done in 205ms @ http://localhost:3000/_next/static/chunks/node_modules_%40sentry_core_build_esm_1q_qjqh._.js:10515
[58060322ms] [LOG] [Fast Refresh] rebuilding @ http://localhost:3000/_next/static/chunks/node_modules_%40sentry_core_build_esm_1q_qjqh._.js:10515
[58060331ms] [LOG] [Fast Refresh] done in 101ms @ http://localhost:3000/_next/static/chunks/node_modules_%40sentry_core_build_esm_1q_qjqh._.js:10515
[58066203ms] [LOG] [Fast Refresh] rebuilding @ http://localhost:3000/_next/static/chunks/node_modules_%40sentry_core_build_esm_1q_qjqh._.js:10515
[58066223ms] [LOG] [Fast Refresh] done in 112ms @ http://localhost:3000/_next/static/chunks/node_modules_%40sentry_core_build_esm_1q_qjqh._.js:10515
[58082444ms] [ERROR] Failed to load resource: the server responded with a status of 403 () @ https://os.impakers.club/api/external/telemetry/auth:0
[58142241ms] [ERROR] Failed to load resource: the server responded with a status of 403 () @ https://os.impakers.club/api/external/telemetry/auth:0
[58174755ms] [LOG] [Fast Refresh] rebuilding @ http://localhost:3000/_next/static/chunks/node_modules_%40sentry_core_build_esm_1q_qjqh._.js:10515
[58174757ms] [LOG] [Fast Refresh] done in 103ms @ http://localhost:3000/_next/static/chunks/node_modules_%40sentry_core_build_esm_1q_qjqh._.js:10515
[58174859ms] [LOG] [Fast Refresh] rebuilding @ http://localhost:3000/_next/static/chunks/node_modules_%40sentry_core_build_esm_1q_qjqh._.js:10515
[58175426ms] [LOG] [Fast Refresh] done in 667ms @ http://localhost:3000/_next/static/chunks/node_modules_%40sentry_core_build_esm_1q_qjqh._.js:10515
[58202212ms] [ERROR] Failed to load resource: the server responded with a status of 403 () @ https://os.impakers.club/api/external/telemetry/auth:0
[58262177ms] [ERROR] Failed to load resource: the server responded with a status of 403 () @ https://os.impakers.club/api/external/telemetry/auth:0
[58322259ms] [ERROR] Failed to load resource: the server responded with a status of 403 () @ https://os.impakers.club/api/external/telemetry/auth:0
[58382266ms] [ERROR] Failed to load resource: the server responded with a status of 403 () @ https://os.impakers.club/api/external/telemetry/auth:0
[58442528ms] [ERROR] Failed to load resource: the server responded with a status of 403 () @ https://os.impakers.club/api/external/telemetry/auth:0
[58502166ms] [ERROR] Failed to load resource: the server responded with a status of 403 () @ https://os.impakers.club/api/external/telemetry/auth:0
[58527450ms] [LOG] [Fast Refresh] rebuilding @ http://localhost:3000/_next/static/chunks/node_modules_%40sentry_core_build_esm_1q_qjqh._.js:10515
[58527795ms] [LOG] [Fast Refresh] done in 313ms @ http://localhost:3000/_next/static/chunks/node_modules_%40sentry_core_build_esm_1q_qjqh._.js:10515
[58562237ms] [ERROR] Failed to load resource: the server responded with a status of 403 () @ https://os.impakers.club/api/external/telemetry/auth:0
[58622161ms] [ERROR] Failed to load resource: the server responded with a status of 403 () @ https://os.impakers.club/api/external/telemetry/auth:0
[58682681ms] [ERROR] Failed to load resource: the server responded with a status of 403 () @ https://os.impakers.club/api/external/telemetry/auth:0
[58734102ms] [LOG] [Fast Refresh] rebuilding @ http://localhost:3000/_next/static/chunks/node_modules_%40sentry_core_build_esm_1q_qjqh._.js:10515
[58734127ms] [LOG] [Fast Refresh] done in 94ms @ http://localhost:3000/_next/static/chunks/node_modules_%40sentry_core_build_esm_1q_qjqh._.js:10515
[58742349ms] [ERROR] Failed to load resource: the server responded with a status of 403 () @ https://os.impakers.club/api/external/telemetry/auth:0
[58790313ms] [LOG] [Fast Refresh] rebuilding @ http://localhost:3000/_next/static/chunks/node_modules_%40sentry_core_build_esm_1q_qjqh._.js:10515
[58790352ms] [LOG] [Fast Refresh] done in 115ms @ http://localhost:3000/_next/static/chunks/node_modules_%40sentry_core_build_esm_1q_qjqh._.js:10515
[58802252ms] [ERROR] Failed to load resource: the server responded with a status of 403 () @ https://os.impakers.club/api/external/telemetry/auth:0
[58805989ms] [LOG] [Fast Refresh] rebuilding @ http://localhost:3000/_next/static/chunks/node_modules_%40sentry_core_build_esm_1q_qjqh._.js:10515
[58806266ms] [LOG] [Fast Refresh] done in 261ms @ http://localhost:3000/_next/static/chunks/node_modules_%40sentry_core_build_esm_1q_qjqh._.js:10515
[58862206ms] [ERROR] Failed to load resource: the server responded with a status of 403 () @ https://os.impakers.club/api/external/telemetry/auth:0
[58922530ms] [ERROR] Failed to load resource: the server responded with a status of 403 () @ https://os.impakers.club/api/external/telemetry/auth:0
[58972371ms] [LOG] [Fast Refresh] rebuilding @ http://localhost:3000/_next/static/chunks/node_modules_%40sentry_core_build_esm_1q_qjqh._.js:10515
[58972428ms] [LOG] [Fast Refresh] done in 158ms @ http://localhost:3000/_next/static/chunks/node_modules_%40sentry_core_build_esm_1q_qjqh._.js:10515
[58978073ms] [LOG] [Fast Refresh] rebuilding @ http://localhost:3000/_next/static/chunks/node_modules_%40sentry_core_build_esm_1q_qjqh._.js:10515
[58978292ms] [LOG] [Fast Refresh] done in 217ms @ http://localhost:3000/_next/static/chunks/node_modules_%40sentry_core_build_esm_1q_qjqh._.js:10515
[58982237ms] [ERROR] Failed to load resource: the server responded with a status of 403 () @ https://os.impakers.club/api/external/telemetry/auth:0
[58988295ms] [LOG] [Fast Refresh] rebuilding @ http://localhost:3000/_next/static/chunks/node_modules_%40sentry_core_build_esm_1q_qjqh._.js:10515
[58988348ms] [LOG] [Fast Refresh] done in 129ms @ http://localhost:3000/_next/static/chunks/node_modules_%40sentry_core_build_esm_1q_qjqh._.js:10515
[58998009ms] [LOG] [Fast Refresh] rebuilding @ http://localhost:3000/_next/static/chunks/node_modules_%40sentry_core_build_esm_1q_qjqh._.js:10515
[58998034ms] [LOG] [Fast Refresh] done in 89ms @ http://localhost:3000/_next/static/chunks/node_modules_%40sentry_core_build_esm_1q_qjqh._.js:10515
[59042218ms] [ERROR] Failed to load resource: the server responded with a status of 403 () @ https://os.impakers.club/api/external/telemetry/auth:0
[59102278ms] [ERROR] Failed to load resource: the server responded with a status of 403 () @ https://os.impakers.club/api/external/telemetry/auth:0
[59162356ms] [ERROR] Failed to load resource: the server responded with a status of 403 () @ https://os.impakers.club/api/external/telemetry/auth:0
[59222518ms] [ERROR] Failed to load resource: the server responded with a status of 403 () @ https://os.impakers.club/api/external/telemetry/auth:0
[59282237ms] [ERROR] Failed to load resource: the server responded with a status of 403 () @ https://os.impakers.club/api/external/telemetry/auth:0
[59342191ms] [ERROR] Failed to load resource: the server responded with a status of 403 () @ https://os.impakers.club/api/external/telemetry/auth:0
[59360832ms] [LOG] [Fast Refresh] rebuilding @ http://localhost:3000/_next/static/chunks/node_modules_%40sentry_core_build_esm_1q_qjqh._.js:10515
[59361133ms] [LOG] [Fast Refresh] done in 369ms @ http://localhost:3000/_next/static/chunks/node_modules_%40sentry_core_build_esm_1q_qjqh._.js:10515
[59402303ms] [ERROR] Failed to load resource: the server responded with a status of 403 () @ https://os.impakers.club/api/external/telemetry/auth:0
[59410596ms] [ERROR] WebSocket connection to 'ws://localhost:3000/_next/webpack-hmr?id=DVCq3t9OEEkEk26qPUWsb' failed: Connection closed before receiving a handshake response @ http://localhost:3000/_next/static/chunks/node_modules_next_dist_client_1um1_-a._.js:14623
[59411599ms] [ERROR] WebSocket connection to 'ws://localhost:3000/_next/webpack-hmr?id=DVCq3t9OEEkEk26qPUWsb' failed: Error in connection establishment: net::ERR_CONNECTION_REFUSED @ http://localhost:3000/_next/static/chunks/node_modules_next_dist_client_1um1_-a._.js:14623
[59412601ms] [ERROR] WebSocket connection to 'ws://localhost:3000/_next/webpack-hmr?id=DVCq3t9OEEkEk26qPUWsb' failed: Error in connection establishment: net::ERR_CONNECTION_REFUSED @ http://localhost:3000/_next/static/chunks/node_modules_next_dist_client_1um1_-a._.js:14623
[59413605ms] [ERROR] WebSocket connection to 'ws://localhost:3000/_next/webpack-hmr?id=DVCq3t9OEEkEk26qPUWsb' failed: Error in connection establishment: net::ERR_CONNECTION_REFUSED @ http://localhost:3000/_next/static/chunks/node_modules_next_dist_client_1um1_-a._.js:14623
[59414609ms] [ERROR] WebSocket connection to 'ws://localhost:3000/_next/webpack-hmr?id=DVCq3t9OEEkEk26qPUWsb' failed: Error in connection establishment: net::ERR_CONNECTION_REFUSED @ http://localhost:3000/_next/static/chunks/node_modules_next_dist_client_1um1_-a._.js:14623
[59419617ms] [ERROR] WebSocket connection to 'ws://localhost:3000/_next/webpack-hmr?id=DVCq3t9OEEkEk26qPUWsb' failed: Error in connection establishment: net::ERR_CONNECTION_REFUSED @ http://localhost:3000/_next/static/chunks/node_modules_next_dist_client_1um1_-a._.js:14623
[59424627ms] [ERROR] WebSocket connection to 'ws://localhost:3000/_next/webpack-hmr?id=DVCq3t9OEEkEk26qPUWsb' failed: Error in connection establishment: net::ERR_CONNECTION_REFUSED @ http://localhost:3000/_next/static/chunks/node_modules_next_dist_client_1um1_-a._.js:14623
[59429639ms] [ERROR] WebSocket connection to 'ws://localhost:3000/_next/webpack-hmr?id=DVCq3t9OEEkEk26qPUWsb' failed: Error in connection establishment: net::ERR_CONNECTION_REFUSED @ http://localhost:3000/_next/static/chunks/node_modules_next_dist_client_1um1_-a._.js:14623
[59434679ms] [ERROR] WebSocket connection to 'ws://localhost:3000/_next/webpack-hmr?id=DVCq3t9OEEkEk26qPUWsb' failed: Error in connection establishment: net::ERR_CONNECTION_REFUSED @ http://localhost:3000/_next/static/chunks/node_modules_next_dist_client_1um1_-a._.js:14623
[59440877ms] [ERROR] WebSocket connection to 'ws://localhost:3000/_next/webpack-hmr?id=DVCq3t9OEEkEk26qPUWsb' failed: Connection closed before receiving a handshake response @ http://localhost:3000/_next/static/chunks/node_modules_next_dist_client_1um1_-a._.js:14623
[59445943ms] [ERROR] WebSocket connection to 'ws://localhost:3000/_next/webpack-hmr?id=DVCq3t9OEEkEk26qPUWsb' failed: Error in connection establishment: net::ERR_CONNECTION_REFUSED @ http://localhost:3000/_next/static/chunks/node_modules_next_dist_client_1um1_-a._.js:14623
[59451033ms] [ERROR] WebSocket connection to 'ws://localhost:3000/_next/webpack-hmr?id=DVCq3t9OEEkEk26qPUWsb' failed: Error in connection establishment: net::ERR_CONNECTION_REFUSED @ http://localhost:3000/_next/static/chunks/node_modules_next_dist_client_1um1_-a._.js:14623
[59487301ms] [INFO] %cDownload the React DevTools for a better development experience: https://react.dev/link/react-devtools font-weight:bold @ http://localhost:3000/_next/static/chunks/node_modules_next_dist_f3530cac._.js:2297
[59487348ms] [LOG] [HMR] connected @ http://localhost:3000/_next/static/chunks/node_modules_next_dist_f3530cac._.js:2297
[59487411ms] [WARNING] Image with src "http://localhost:3000/impakers%20logo.svg" has either width or height modified, but not the other. If you use CSS to change the size of your image, also include the styles 'width: "auto"' or 'height: "auto"' to maintain the aspect ratio. @ http://localhost:3000/_next/static/chunks/node_modules_next_dist_f3530cac._.js:2297
[59488164ms] [ERROR] Failed to load resource: the server responded with a status of 403 () @ https://os.impakers.club/api/external/telemetry/auth:0
[59488165ms] [ERROR] Failed to load resource: the server responded with a status of 403 () @ https://os.impakers.club/api/external/telemetry/auth:0
[59490766ms] [ERROR] Failed to load resource: the server responded with a status of 403 () @ https://os.impakers.club/api/external/telemetry/auth:0
[59491010ms] [LOG] [Fast Refresh] rebuilding @ http://localhost:3000/_next/static/chunks/node_modules_next_dist_f3530cac._.js:2297
[59491147ms] [LOG] [Fast Refresh] done in 238ms @ http://localhost:3000/_next/static/chunks/node_modules_next_dist_f3530cac._.js:2297
[59500049ms] [LOG] [Fast Refresh] rebuilding @ http://localhost:3000/_next/static/chunks/node_modules_next_dist_f3530cac._.js:2297
[59500151ms] [LOG] [Fast Refresh] done in 203ms @ http://localhost:3000/_next/static/chunks/node_modules_next_dist_f3530cac._.js:2297
[59510540ms] [LOG] [Fast Refresh] rebuilding @ http://localhost:3000/_next/static/chunks/node_modules_next_dist_f3530cac._.js:2297
[59510829ms] [LOG] [Fast Refresh] done in 390ms @ http://localhost:3000/_next/static/chunks/node_modules_next_dist_f3530cac._.js:2297
[59548084ms] [ERROR] Failed to load resource: the server responded with a status of 403 () @ https://os.impakers.club/api/external/telemetry/auth:0
[59568514ms] [LOG] [Fast Refresh] rebuilding @ http://localhost:3000/_next/static/chunks/node_modules_next_dist_f3530cac._.js:2297
[59568656ms] [LOG] [Fast Refresh] done in 244ms @ http://localhost:3000/_next/static/chunks/node_modules_next_dist_f3530cac._.js:2297
[59608068ms] [ERROR] Failed to load resource: the server responded with a status of 403 () @ https://os.impakers.club/api/external/telemetry/auth:0
[59668072ms] [ERROR] Failed to load resource: the server responded with a status of 403 () @ https://os.impakers.club/api/external/telemetry/auth:0
[59728444ms] [ERROR] Failed to load resource: the server responded with a status of 403 () @ https://os.impakers.club/api/external/telemetry/auth:0
[59788092ms] [ERROR] Failed to load resource: the server responded with a status of 403 () @ https://os.impakers.club/api/external/telemetry/auth:0
[59848066ms] [ERROR] Failed to load resource: the server responded with a status of 403 () @ https://os.impakers.club/api/external/telemetry/auth:0
[59908150ms] [ERROR] Failed to load resource: the server responded with a status of 403 () @ https://os.impakers.club/api/external/telemetry/auth:0
[59968163ms] [ERROR] Failed to load resource: the server responded with a status of 403 () @ https://os.impakers.club/api/external/telemetry/auth:0
[60028076ms] [ERROR] Failed to load resource: the server responded with a status of 403 () @ https://os.impakers.club/api/external/telemetry/auth:0
[60048953ms] [LOG] [Fast Refresh] rebuilding @ http://localhost:3000/_next/static/chunks/node_modules_next_dist_f3530cac._.js:2297
[60049252ms] [LOG] [Fast Refresh] done in 401ms @ http://localhost:3000/_next/static/chunks/node_modules_next_dist_f3530cac._.js:2297
[60063007ms] [LOG] [Fast Refresh] rebuilding @ http://localhost:3000/_next/static/chunks/node_modules_next_dist_f3530cac._.js:2297
[60063018ms] [LOG] [Fast Refresh] done in 114ms @ http://localhost:3000/_next/static/chunks/node_modules_next_dist_f3530cac._.js:2297
[60088145ms] [ERROR] Failed to load resource: the server responded with a status of 403 () @ https://os.impakers.club/api/external/telemetry/auth:0
[60112247ms] [LOG] [Fast Refresh] rebuilding @ http://localhost:3000/_next/static/chunks/node_modules_next_dist_f3530cac._.js:2297
[60113617ms] [LOG] [Fast Refresh] done in 1472ms @ http://localhost:3000/_next/static/chunks/node_modules_next_dist_f3530cac._.js:2297
[60143356ms] [LOG] [Fast Refresh] rebuilding @ http://localhost:3000/_next/static/chunks/node_modules_next_dist_f3530cac._.js:2297
[60143361ms] [LOG] [Fast Refresh] done in 106ms @ http://localhost:3000/_next/static/chunks/node_modules_next_dist_f3530cac._.js:2297
[60148095ms] [ERROR] Failed to load resource: the server responded with a status of 403 () @ https://os.impakers.club/api/external/telemetry/auth:0
[60208063ms] [ERROR] Failed to load resource: the server responded with a status of 403 () @ https://os.impakers.club/api/external/telemetry/auth:0
[60260338ms] [ERROR] WebSocket connection to 'ws://localhost:3000/_next/webpack-hmr?id=zkhI1dLWjedXB8HwBueAY' failed: Error in connection establishment: net::ERR_CONNECTION_REFUSED @ http://localhost:3000/_next/static/chunks/node_modules_next_dist_client_17643121._.js:10878
[60261341ms] [ERROR] WebSocket connection to 'ws://localhost:3000/_next/webpack-hmr?id=zkhI1dLWjedXB8HwBueAY' failed: Error in connection establishment: net::ERR_CONNECTION_REFUSED @ http://localhost:3000/_next/static/chunks/node_modules_next_dist_client_17643121._.js:10878
[60262344ms] [ERROR] WebSocket connection to 'ws://localhost:3000/_next/webpack-hmr?id=zkhI1dLWjedXB8HwBueAY' failed: Error in connection establishment: net::ERR_CONNECTION_REFUSED @ http://localhost:3000/_next/static/chunks/node_modules_next_dist_client_17643121._.js:10878
[60263346ms] [ERROR] WebSocket connection to 'ws://localhost:3000/_next/webpack-hmr?id=zkhI1dLWjedXB8HwBueAY' failed: Error in connection establishment: net::ERR_CONNECTION_REFUSED @ http://localhost:3000/_next/static/chunks/node_modules_next_dist_client_17643121._.js:10878
[60264350ms] [ERROR] WebSocket connection to 'ws://localhost:3000/_next/webpack-hmr?id=zkhI1dLWjedXB8HwBueAY' failed: Error in connection establishment: net::ERR_CONNECTION_REFUSED @ http://localhost:3000/_next/static/chunks/node_modules_next_dist_client_17643121._.js:10878
[60268353ms] [ERROR] Failed to load resource: the server responded with a status of 403 () @ https://os.impakers.club/api/external/telemetry/auth:0
[60269356ms] [ERROR] WebSocket connection to 'ws://localhost:3000/_next/webpack-hmr?id=zkhI1dLWjedXB8HwBueAY' failed: Error in connection establishment: net::ERR_CONNECTION_REFUSED @ http://localhost:3000/_next/static/chunks/node_modules_next_dist_client_17643121._.js:10878
[60274363ms] [ERROR] WebSocket connection to 'ws://localhost:3000/_next/webpack-hmr?id=zkhI1dLWjedXB8HwBueAY' failed: Error in connection establishment: net::ERR_CONNECTION_REFUSED @ http://localhost:3000/_next/static/chunks/node_modules_next_dist_client_17643121._.js:10878
[60279382ms] [ERROR] WebSocket connection to 'ws://localhost:3000/_next/webpack-hmr?id=zkhI1dLWjedXB8HwBueAY' failed: Error in connection establishment: net::ERR_CONNECTION_REFUSED @ http://localhost:3000/_next/static/chunks/node_modules_next_dist_client_17643121._.js:10878
[60284424ms] [ERROR] WebSocket connection to 'ws://localhost:3000/_next/webpack-hmr?id=zkhI1dLWjedXB8HwBueAY' failed: Error in connection establishment: net::ERR_CONNECTION_REFUSED @ http://localhost:3000/_next/static/chunks/node_modules_next_dist_client_17643121._.js:10878
[60289488ms] [ERROR] WebSocket connection to 'ws://localhost:3000/_next/webpack-hmr?id=zkhI1dLWjedXB8HwBueAY' failed: Error in connection establishment: net::ERR_CONNECTION_REFUSED @ http://localhost:3000/_next/static/chunks/node_modules_next_dist_client_17643121._.js:10878
[60294599ms] [ERROR] WebSocket connection to 'ws://localhost:3000/_next/webpack-hmr?id=zkhI1dLWjedXB8HwBueAY' failed: Error in connection establishment: net::ERR_CONNECTION_REFUSED @ http://localhost:3000/_next/static/chunks/node_modules_next_dist_client_17643121._.js:10878
[60299824ms] [ERROR] WebSocket connection to 'ws://localhost:3000/_next/webpack-hmr?id=zkhI1dLWjedXB8HwBueAY' failed: Error in connection establishment: net::ERR_CONNECTION_REFUSED @ http://localhost:3000/_next/static/chunks/node_modules_next_dist_client_17643121._.js:10878
[60336160ms] [INFO] %cDownload the React DevTools for a better development experience: https://react.dev/link/react-devtools font-weight:bold @ http://localhost:3000/_next/static/chunks/node_modules_next_dist_f3530cac._.js:2297
[60336209ms] [LOG] [HMR] connected @ http://localhost:3000/_next/static/chunks/node_modules_next_dist_f3530cac._.js:2297
[60336282ms] [WARNING] Image with src "http://localhost:3000/impakers%20logo.svg" has either width or height modified, but not the other. If you use CSS to change the size of your image, also include the styles 'width: "auto"' or 'height: "auto"' to maintain the aspect ratio. @ http://localhost:3000/_next/static/chunks/node_modules_next_dist_f3530cac._.js:2297
[60336941ms] [ERROR] Failed to load resource: the server responded with a status of 403 () @ https://os.impakers.club/api/external/telemetry/auth:0
[60337197ms] [ERROR] Failed to load resource: the server responded with a status of 403 () @ https://os.impakers.club/api/external/telemetry/auth:0
[60339718ms] [ERROR] Failed to load resource: the server responded with a status of 403 () @ https://os.impakers.club/api/external/telemetry/auth:0
[60396965ms] [ERROR] Failed to load resource: the server responded with a status of 403 () @ https://os.impakers.club/api/external/telemetry/auth:0
[60457038ms] [ERROR] Failed to load resource: the server responded with a status of 403 () @ https://os.impakers.club/api/external/telemetry/auth:0
[60518396ms] [ERROR] Failed to load resource: the server responded with a status of 403 () @ https://os.impakers.club/api/external/telemetry/auth:0
[60577120ms] [ERROR] Failed to load resource: the server responded with a status of 403 () @ https://os.impakers.club/api/external/telemetry/auth:0
[60636964ms] [ERROR] Failed to load resource: the server responded with a status of 403 () @ https://os.impakers.club/api/external/telemetry/auth:0
[60697195ms] [ERROR] Failed to load resource: the server responded with a status of 403 () @ https://os.impakers.club/api/external/telemetry/auth:0
[60757187ms] [ERROR] Failed to load resource: the server responded with a status of 403 () @ https://os.impakers.club/api/external/telemetry/auth:0
[60816926ms] [ERROR] Failed to load resource: the server responded with a status of 403 () @ https://os.impakers.club/api/external/telemetry/auth:0
[60877064ms] [ERROR] Failed to load resource: the server responded with a status of 403 () @ https://os.impakers.club/api/external/telemetry/auth:0
[60937108ms] [ERROR] Failed to load resource: the server responded with a status of 403 () @ https://os.impakers.club/api/external/telemetry/auth:0
[60997121ms] [ERROR] Failed to load resource: the server responded with a status of 403 () @ https://os.impakers.club/api/external/telemetry/auth:0
[61053315ms] [LOG] [Fast Refresh] rebuilding @ http://localhost:3000/_next/static/chunks/node_modules_next_dist_f3530cac._.js:2297
[61053319ms] [LOG] [Fast Refresh] done in 108ms @ http://localhost:3000/_next/static/chunks/node_modules_next_dist_f3530cac._.js:2297
[61057362ms] [ERROR] Failed to load resource: the server responded with a status of 403 () @ https://os.impakers.club/api/external/telemetry/auth:0
[61060747ms] [LOG] [Fast Refresh] rebuilding @ http://localhost:3000/_next/static/chunks/node_modules_next_dist_f3530cac._.js:2297
[61060775ms] [LOG] [Fast Refresh] done in 77ms @ http://localhost:3000/_next/static/chunks/node_modules_next_dist_f3530cac._.js:2297
[61071361ms] [LOG] [Fast Refresh] rebuilding @ http://localhost:3000/_next/static/chunks/node_modules_next_dist_f3530cac._.js:2297
[61071390ms] [LOG] [Fast Refresh] done in 58ms @ http://localhost:3000/_next/static/chunks/node_modules_next_dist_f3530cac._.js:2297
[61085099ms] [LOG] [Fast Refresh] rebuilding @ http://localhost:3000/_next/static/chunks/node_modules_next_dist_f3530cac._.js:2297
[61085115ms] [LOG] [Fast Refresh] done in 117ms @ http://localhost:3000/_next/static/chunks/node_modules_next_dist_f3530cac._.js:2297
[61117789ms] [ERROR] Failed to load resource: the server responded with a status of 403 () @ https://os.impakers.club/api/external/telemetry/auth:0
[61177277ms] [ERROR] Failed to load resource: the server responded with a status of 403 () @ https://os.impakers.club/api/external/telemetry/auth:0
[61194367ms] [LOG] [Fast Refresh] rebuilding @ http://localhost:3000/_next/static/chunks/node_modules_next_dist_f3530cac._.js:2297
[61194531ms] [LOG] [Fast Refresh] done in 266ms @ http://localhost:3000/_next/static/chunks/node_modules_next_dist_f3530cac._.js:2297
[61237310ms] [ERROR] Failed to load resource: the server responded with a status of 403 () @ https://os.impakers.club/api/external/telemetry/auth:0
[61296265ms] [LOG] [Fast Refresh] rebuilding @ http://localhost:3000/_next/static/chunks/node_modules_next_dist_f3530cac._.js:2297
[61296402ms] [LOG] [Fast Refresh] done in 174ms @ http://localhost:3000/_next/static/chunks/node_modules_next_dist_f3530cac._.js:2297
[61297277ms] [ERROR] Failed to load resource: the server responded with a status of 403 () @ https://os.impakers.club/api/external/telemetry/auth:0
[61323405ms] [LOG] [Fast Refresh] rebuilding @ http://localhost:3000/_next/static/chunks/node_modules_next_dist_f3530cac._.js:2297
[61323429ms] [LOG] [Fast Refresh] done in 90ms @ http://localhost:3000/_next/static/chunks/node_modules_next_dist_f3530cac._.js:2297
[61337501ms] [LOG] [Fast Refresh] rebuilding @ http://localhost:3000/_next/static/chunks/node_modules_next_dist_f3530cac._.js:2297
[61337522ms] [LOG] [Fast Refresh] done in 69ms @ http://localhost:3000/_next/static/chunks/node_modules_next_dist_f3530cac._.js:2297
[61345026ms] [LOG] [Fast Refresh] rebuilding @ http://localhost:3000/_next/static/chunks/node_modules_next_dist_f3530cac._.js:2297
[61345048ms] [LOG] [Fast Refresh] done in 81ms @ http://localhost:3000/_next/static/chunks/node_modules_next_dist_f3530cac._.js:2297
[61357465ms] [ERROR] Failed to load resource: the server responded with a status of 403 () @ https://os.impakers.club/api/external/telemetry/auth:0
[61362441ms] [LOG] [Fast Refresh] rebuilding @ http://localhost:3000/_next/static/chunks/node_modules_next_dist_f3530cac._.js:2297
[61362461ms] [LOG] [Fast Refresh] done in 106ms @ http://localhost:3000/_next/static/chunks/node_modules_next_dist_f3530cac._.js:2297
[61370062ms] [LOG] [Fast Refresh] rebuilding @ http://localhost:3000/_next/static/chunks/node_modules_next_dist_f3530cac._.js:2297
[61370082ms] [LOG] [Fast Refresh] done in 71ms @ http://localhost:3000/_next/static/chunks/node_modules_next_dist_f3530cac._.js:2297
[61388919ms] [LOG] [Fast Refresh] rebuilding @ http://localhost:3000/_next/static/chunks/node_modules_next_dist_f3530cac._.js:2297
[61388941ms] [LOG] [Fast Refresh] done in 94ms @ http://localhost:3000/_next/static/chunks/node_modules_next_dist_f3530cac._.js:2297
[61417087ms] [ERROR] Failed to load resource: the server responded with a status of 403 () @ https://os.impakers.club/api/external/telemetry/auth:0
[61427732ms] [LOG] [Fast Refresh] rebuilding @ http://localhost:3000/_next/static/chunks/node_modules_next_dist_f3530cac._.js:2297
[61427778ms] [LOG] [Fast Refresh] done in 72ms @ http://localhost:3000/_next/static/chunks/node_modules_next_dist_f3530cac._.js:2297
[61440653ms] [LOG] [Fast Refresh] rebuilding @ http://localhost:3000/_next/static/chunks/node_modules_next_dist_f3530cac._.js:2297
[61440683ms] [LOG] [Fast Refresh] done in 105ms @ http://localhost:3000/_next/static/chunks/node_modules_next_dist_f3530cac._.js:2297
[61477163ms] [ERROR] Failed to load resource: the server responded with a status of 403 () @ https://os.impakers.club/api/external/telemetry/auth:0
[61488289ms] [LOG] [Fast Refresh] rebuilding @ http://localhost:3000/_next/static/chunks/node_modules_next_dist_f3530cac._.js:2297
[61488339ms] [LOG] [Fast Refresh] done in 100ms @ http://localhost:3000/_next/static/chunks/node_modules_next_dist_f3530cac._.js:2297
[61496447ms] [LOG] [Fast Refresh] rebuilding @ http://localhost:3000/_next/static/chunks/node_modules_next_dist_f3530cac._.js:2297
[61496465ms] [LOG] [Fast Refresh] done in 76ms @ http://localhost:3000/_next/static/chunks/node_modules_next_dist_f3530cac._.js:2297
[61509585ms] [LOG] [Fast Refresh] rebuilding @ http://localhost:3000/_next/static/chunks/node_modules_next_dist_f3530cac._.js:2297
[61509634ms] [LOG] [Fast Refresh] done in 89ms @ http://localhost:3000/_next/static/chunks/node_modules_next_dist_f3530cac._.js:2297
[61531999ms] [LOG] [Fast Refresh] rebuilding @ http://localhost:3000/_next/static/chunks/node_modules_next_dist_f3530cac._.js:2297
[61532500ms] [LOG] [Fast Refresh] done in 583ms @ http://localhost:3000/_next/static/chunks/node_modules_next_dist_f3530cac._.js:2297
[61537157ms] [ERROR] Failed to load resource: the server responded with a status of 403 () @ https://os.impakers.club/api/external/telemetry/auth:0
[61540777ms] [LOG] [Fast Refresh] rebuilding @ http://localhost:3000/_next/static/chunks/node_modules_next_dist_f3530cac._.js:2297
[61540798ms] [LOG] [Fast Refresh] done in 75ms @ http://localhost:3000/_next/static/chunks/node_modules_next_dist_f3530cac._.js:2297
[61569633ms] [LOG] [Fast Refresh] rebuilding @ http://localhost:3000/_next/static/chunks/node_modules_next_dist_f3530cac._.js:2297
[61569652ms] [LOG] [Fast Refresh] done in 93ms @ http://localhost:3000/_next/static/chunks/node_modules_next_dist_f3530cac._.js:2297
[61596537ms] [LOG] [Fast Refresh] rebuilding @ http://localhost:3000/_next/static/chunks/node_modules_next_dist_f3530cac._.js:2297
[61596555ms] [LOG] [Fast Refresh] done in 109ms @ http://localhost:3000/_next/static/chunks/node_modules_next_dist_f3530cac._.js:2297
[61597191ms] [ERROR] Failed to load resource: the server responded with a status of 403 () @ https://os.impakers.club/api/external/telemetry/auth:0
[61607184ms] [LOG] [Fast Refresh] rebuilding @ http://localhost:3000/_next/static/chunks/node_modules_next_dist_f3530cac._.js:2297
[61607200ms] [LOG] [Fast Refresh] done in 102ms @ http://localhost:3000/_next/static/chunks/node_modules_next_dist_f3530cac._.js:2297
[61617622ms] [LOG] [Fast Refresh] rebuilding @ http://localhost:3000/_next/static/chunks/node_modules_next_dist_f3530cac._.js:2297
[61617631ms] [LOG] [Fast Refresh] done in 111ms @ http://localhost:3000/_next/static/chunks/node_modules_next_dist_f3530cac._.js:2297
[61623524ms] [LOG] [Fast Refresh] rebuilding @ http://localhost:3000/_next/static/chunks/node_modules_next_dist_f3530cac._.js:2297
[61623546ms] [LOG] [Fast Refresh] done in 89ms @ http://localhost:3000/_next/static/chunks/node_modules_next_dist_f3530cac._.js:2297
[61637439ms] [LOG] [Fast Refresh] rebuilding @ http://localhost:3000/_next/static/chunks/node_modules_next_dist_f3530cac._.js:2297
[61637609ms] [LOG] [Fast Refresh] done in 253ms @ http://localhost:3000/_next/static/chunks/node_modules_next_dist_f3530cac._.js:2297
[61657311ms] [ERROR] Failed to load resource: the server responded with a status of 403 () @ https://os.impakers.club/api/external/telemetry/auth:0
[61717176ms] [ERROR] Failed to load resource: the server responded with a status of 403 () @ https://os.impakers.club/api/external/telemetry/auth:0
[61724139ms] [LOG] [Fast Refresh] rebuilding @ http://localhost:3000/_next/static/chunks/node_modules_next_dist_f3530cac._.js:2297
[61724225ms] [LOG] [Fast Refresh] done in 190ms @ http://localhost:3000/_next/static/chunks/node_modules_next_dist_f3530cac._.js:2297
[61750419ms] [LOG] [Fast Refresh] rebuilding @ http://localhost:3000/_next/static/chunks/node_modules_next_dist_f3530cac._.js:2297
[61750437ms] [LOG] [Fast Refresh] done in 79ms @ http://localhost:3000/_next/static/chunks/node_modules_next_dist_f3530cac._.js:2297
[61775314ms] [LOG] [Fast Refresh] rebuilding @ http://localhost:3000/_next/static/chunks/node_modules_next_dist_f3530cac._.js:2297
[61775314ms] [LOG] [Fast Refresh] done in 102ms @ http://localhost:3000/_next/static/chunks/node_modules_next_dist_f3530cac._.js:2297
[61777202ms] [ERROR] Failed to load resource: the server responded with a status of 403 () @ https://os.impakers.club/api/external/telemetry/auth:0
[61837170ms] [ERROR] Failed to load resource: the server responded with a status of 403 () @ https://os.impakers.club/api/external/telemetry/auth:0
[61897503ms] [ERROR] Failed to load resource: the server responded with a status of 403 () @ https://os.impakers.club/api/external/telemetry/auth:0
[61957114ms] [ERROR] Failed to load resource: the server responded with a status of 403 () @ https://os.impakers.club/api/external/telemetry/auth:0
[62017118ms] [ERROR] Failed to load resource: the server responded with a status of 403 () @ https://os.impakers.club/api/external/telemetry/auth:0
[62077155ms] [ERROR] Failed to load resource: the server responded with a status of 403 () @ https://os.impakers.club/api/external/telemetry/auth:0
[62137881ms] [ERROR] Failed to load resource: the server responded with a status of 403 () @ https://os.impakers.club/api/external/telemetry/auth:0
[62197319ms] [ERROR] Failed to load resource: the server responded with a status of 403 () @ https://os.impakers.club/api/external/telemetry/auth:0
[62257233ms] [ERROR] Failed to load resource: the server responded with a status of 403 () @ https://os.impakers.club/api/external/telemetry/auth:0
[62317190ms] [ERROR] Failed to load resource: the server responded with a status of 403 () @ https://os.impakers.club/api/external/telemetry/auth:0
[62377044ms] [ERROR] Failed to load resource: the server responded with a status of 403 () @ https://os.impakers.club/api/external/telemetry/auth:0
[62437215ms] [ERROR] Failed to load resource: the server responded with a status of 403 () @ https://os.impakers.club/api/external/telemetry/auth:0
[62497106ms] [ERROR] Failed to load resource: the server responded with a status of 403 () @ https://os.impakers.club/api/external/telemetry/auth:0
[62509987ms] [LOG] [Fast Refresh] rebuilding @ http://localhost:3000/_next/static/chunks/node_modules_next_dist_f3530cac._.js:2297
[62510084ms] [LOG] [Fast Refresh] done in 173ms @ http://localhost:3000/_next/static/chunks/node_modules_next_dist_f3530cac._.js:2297
[62536667ms] [LOG] [Fast Refresh] rebuilding @ http://localhost:3000/_next/static/chunks/node_modules_next_dist_f3530cac._.js:2297
[62536687ms] [LOG] [Fast Refresh] done in 82ms @ http://localhost:3000/_next/static/chunks/node_modules_next_dist_f3530cac._.js:2297
[62547437ms] [LOG] [Fast Refresh] rebuilding @ http://localhost:3000/_next/static/chunks/node_modules_next_dist_f3530cac._.js:2297
[62547455ms] [LOG] [Fast Refresh] done in 72ms @ http://localhost:3000/_next/static/chunks/node_modules_next_dist_f3530cac._.js:2297
[62557119ms] [ERROR] Failed to load resource: the server responded with a status of 403 () @ https://os.impakers.club/api/external/telemetry/auth:0
[62557573ms] [LOG] [Fast Refresh] rebuilding @ http://localhost:3000/_next/static/chunks/node_modules_next_dist_f3530cac._.js:2297
[62557593ms] [LOG] [Fast Refresh] done in 68ms @ http://localhost:3000/_next/static/chunks/node_modules_next_dist_f3530cac._.js:2297
[62573323ms] [LOG] [Fast Refresh] rebuilding @ http://localhost:3000/_next/static/chunks/node_modules_next_dist_f3530cac._.js:2297
[62573343ms] [LOG] [Fast Refresh] done in 80ms @ http://localhost:3000/_next/static/chunks/node_modules_next_dist_f3530cac._.js:2297
[62593643ms] [LOG] [Fast Refresh] rebuilding @ http://localhost:3000/_next/static/chunks/node_modules_next_dist_f3530cac._.js:2297
[62593664ms] [LOG] [Fast Refresh] done in 94ms @ http://localhost:3000/_next/static/chunks/node_modules_next_dist_f3530cac._.js:2297
[62607292ms] [LOG] [Fast Refresh] rebuilding @ http://localhost:3000/_next/static/chunks/node_modules_next_dist_f3530cac._.js:2297
[62607312ms] [LOG] [Fast Refresh] done in 68ms @ http://localhost:3000/_next/static/chunks/node_modules_next_dist_f3530cac._.js:2297
[62617151ms] [ERROR] Failed to load resource: the server responded with a status of 403 () @ https://os.impakers.club/api/external/telemetry/auth:0
[62625623ms] [LOG] [Fast Refresh] rebuilding @ http://localhost:3000/_next/static/chunks/node_modules_next_dist_f3530cac._.js:2297
[62625644ms] [LOG] [Fast Refresh] done in 94ms @ http://localhost:3000/_next/static/chunks/node_modules_next_dist_f3530cac._.js:2297
[62658265ms] [LOG] [Fast Refresh] rebuilding @ http://localhost:3000/_next/static/chunks/node_modules_next_dist_f3530cac._.js:2297
[62658315ms] [LOG] [Fast Refresh] done in 130ms @ http://localhost:3000/_next/static/chunks/node_modules_next_dist_f3530cac._.js:2297
[62673979ms] [LOG] [Fast Refresh] rebuilding @ http://localhost:3000/_next/static/chunks/node_modules_next_dist_f3530cac._.js:2297
[62673999ms] [LOG] [Fast Refresh] done in 77ms @ http://localhost:3000/_next/static/chunks/node_modules_next_dist_f3530cac._.js:2297
[62677368ms] [ERROR] Failed to load resource: the server responded with a status of 403 () @ https://os.impakers.club/api/external/telemetry/auth:0
[62683373ms] [LOG] [Fast Refresh] rebuilding @ http://localhost:3000/_next/static/chunks/node_modules_next_dist_f3530cac._.js:2297
[62683393ms] [LOG] [Fast Refresh] done in 79ms @ http://localhost:3000/_next/static/chunks/node_modules_next_dist_f3530cac._.js:2297
[62691998ms] [LOG] [Fast Refresh] rebuilding @ http://localhost:3000/_next/static/chunks/node_modules_next_dist_f3530cac._.js:2297
[62692019ms] [LOG] [Fast Refresh] done in 92ms @ http://localhost:3000/_next/static/chunks/node_modules_next_dist_f3530cac._.js:2297
[62706362ms] [LOG] [Fast Refresh] rebuilding @ http://localhost:3000/_next/static/chunks/node_modules_next_dist_f3530cac._.js:2297
[62706382ms] [LOG] [Fast Refresh] done in 86ms @ http://localhost:3000/_next/static/chunks/node_modules_next_dist_f3530cac._.js:2297
[62720634ms] [LOG] [Fast Refresh] rebuilding @ http://localhost:3000/_next/static/chunks/node_modules_next_dist_f3530cac._.js:2297
[62720668ms] [LOG] [Fast Refresh] done in 118ms @ http://localhost:3000/_next/static/chunks/node_modules_next_dist_f3530cac._.js:2297
[62737240ms] [ERROR] Failed to load resource: the server responded with a status of 403 () @ https://os.impakers.club/api/external/telemetry/auth:0
[62739144ms] [LOG] [Fast Refresh] rebuilding @ http://localhost:3000/_next/static/chunks/node_modules_next_dist_f3530cac._.js:2297
[62739165ms] [LOG] [Fast Refresh] done in 106ms @ http://localhost:3000/_next/static/chunks/node_modules_next_dist_f3530cac._.js:2297
[62749598ms] [LOG] [Fast Refresh] rebuilding @ http://localhost:3000/_next/static/chunks/node_modules_next_dist_f3530cac._.js:2297
[62749619ms] [LOG] [Fast Refresh] done in 67ms @ http://localhost:3000/_next/static/chunks/node_modules_next_dist_f3530cac._.js:2297
[62764637ms] [LOG] [Fast Refresh] rebuilding @ http://localhost:3000/_next/static/chunks/node_modules_next_dist_f3530cac._.js:2297
[62764656ms] [LOG] [Fast Refresh] done in 77ms @ http://localhost:3000/_next/static/chunks/node_modules_next_dist_f3530cac._.js:2297
[62797186ms] [ERROR] Failed to load resource: the server responded with a status of 403 () @ https://os.impakers.club/api/external/telemetry/auth:0
[62806448ms] [LOG] [Fast Refresh] rebuilding @ http://localhost:3000/_next/static/chunks/node_modules_next_dist_f3530cac._.js:2297
[62806492ms] [LOG] [Fast Refresh] done in 130ms @ http://localhost:3000/_next/static/chunks/node_modules_next_dist_f3530cac._.js:2297
[62824436ms] [LOG] [Fast Refresh] rebuilding @ http://localhost:3000/_next/static/chunks/node_modules_next_dist_f3530cac._.js:2297
[62824454ms] [LOG] [Fast Refresh] done in 77ms @ http://localhost:3000/_next/static/chunks/node_modules_next_dist_f3530cac._.js:2297
[62832233ms] [LOG] [Fast Refresh] rebuilding @ http://localhost:3000/_next/static/chunks/node_modules_next_dist_f3530cac._.js:2297
[62832264ms] [LOG] [Fast Refresh] done in 108ms @ http://localhost:3000/_next/static/chunks/node_modules_next_dist_f3530cac._.js:2297
[62840450ms] [LOG] [Fast Refresh] rebuilding @ http://localhost:3000/_next/static/chunks/node_modules_next_dist_f3530cac._.js:2297
[62840455ms] [LOG] [Fast Refresh] done in 106ms @ http://localhost:3000/_next/static/chunks/node_modules_next_dist_f3530cac._.js:2297
[62842717ms] [LOG] [Fast Refresh] rebuilding @ http://localhost:3000/_next/static/chunks/node_modules_next_dist_f3530cac._.js:2297
[62842736ms] [LOG] [Fast Refresh] done in 79ms @ http://localhost:3000/_next/static/chunks/node_modules_next_dist_f3530cac._.js:2297
[62857092ms] [ERROR] Failed to load resource: the server responded with a status of 403 () @ https://os.impakers.club/api/external/telemetry/auth:0
[62865611ms] [LOG] [Fast Refresh] rebuilding @ http://localhost:3000/_next/static/chunks/node_modules_next_dist_f3530cac._.js:2297
[62865684ms] [LOG] [Fast Refresh] done in 164ms @ http://localhost:3000/_next/static/chunks/node_modules_next_dist_f3530cac._.js:2297
[62914024ms] [LOG] [Fast Refresh] rebuilding @ http://localhost:3000/_next/static/chunks/node_modules_next_dist_f3530cac._.js:2297
[62914028ms] [LOG] [Fast Refresh] done in 105ms @ http://localhost:3000/_next/static/chunks/node_modules_next_dist_f3530cac._.js:2297
[62917068ms] [ERROR] Failed to load resource: the server responded with a status of 403 () @ https://os.impakers.club/api/external/telemetry/auth:0
[62924832ms] [LOG] [Fast Refresh] rebuilding @ http://localhost:3000/_next/static/chunks/node_modules_next_dist_f3530cac._.js:2297
[62924859ms] [LOG] [Fast Refresh] done in 128ms @ http://localhost:3000/_next/static/chunks/node_modules_next_dist_f3530cac._.js:2297
[62977994ms] [ERROR] Failed to load resource: the server responded with a status of 403 () @ https://os.impakers.club/api/external/telemetry/auth:0
[63037093ms] [ERROR] Failed to load resource: the server responded with a status of 403 () @ https://os.impakers.club/api/external/telemetry/auth:0
[63082504ms] [LOG] [Fast Refresh] rebuilding @ http://localhost:3000/_next/static/chunks/node_modules_next_dist_f3530cac._.js:2297
[63082525ms] [LOG] [Fast Refresh] done in 93ms @ http://localhost:3000/_next/static/chunks/node_modules_next_dist_f3530cac._.js:2297
[63097158ms] [ERROR] Failed to load resource: the server responded with a status of 403 () @ https://os.impakers.club/api/external/telemetry/auth:0
[63110399ms] [LOG] [Fast Refresh] rebuilding @ http://localhost:3000/_next/static/chunks/node_modules_next_dist_f3530cac._.js:2297
[63110418ms] [LOG] [Fast Refresh] done in 78ms @ http://localhost:3000/_next/static/chunks/node_modules_next_dist_f3530cac._.js:2297
[63157165ms] [ERROR] Failed to load resource: the server responded with a status of 403 () @ https://os.impakers.club/api/external/telemetry/auth:0
[63217073ms] [ERROR] Failed to load resource: the server responded with a status of 403 () @ https://os.impakers.club/api/external/telemetry/auth:0
[63277161ms] [ERROR] Failed to load resource: the server responded with a status of 403 () @ https://os.impakers.club/api/external/telemetry/auth:0
[63337201ms] [ERROR] Failed to load resource: the server responded with a status of 403 () @ https://os.impakers.club/api/external/telemetry/auth:0
[63397065ms] [ERROR] Failed to load resource: the server responded with a status of 403 () @ https://os.impakers.club/api/external/telemetry/auth:0
[63407412ms] [LOG] [Fast Refresh] rebuilding @ http://localhost:3000/_next/static/chunks/node_modules_next_dist_f3530cac._.js:2297
[63407474ms] [LOG] [Fast Refresh] done in 142ms @ http://localhost:3000/_next/static/chunks/node_modules_next_dist_f3530cac._.js:2297
[63418970ms] [LOG] [Fast Refresh] rebuilding @ http://localhost:3000/_next/static/chunks/node_modules_next_dist_f3530cac._.js:2297
[63418978ms] [LOG] [Fast Refresh] done in 107ms @ http://localhost:3000/_next/static/chunks/node_modules_next_dist_f3530cac._.js:2297
[63425955ms] [LOG] [Fast Refresh] rebuilding @ http://localhost:3000/_next/static/chunks/node_modules_next_dist_f3530cac._.js:2297
[63425982ms] [LOG] [Fast Refresh] done in 115ms @ http://localhost:3000/_next/static/chunks/node_modules_next_dist_f3530cac._.js:2297
[63439920ms] [LOG] [Fast Refresh] rebuilding @ http://localhost:3000/_next/static/chunks/node_modules_next_dist_f3530cac._.js:2297
[63439932ms] [LOG] [Fast Refresh] done in 101ms @ http://localhost:3000/_next/static/chunks/node_modules_next_dist_f3530cac._.js:2297
[63448038ms] [LOG] [Fast Refresh] rebuilding @ http://localhost:3000/_next/static/chunks/node_modules_next_dist_f3530cac._.js:2297
[63448051ms] [LOG] [Fast Refresh] done in 87ms @ http://localhost:3000/_next/static/chunks/node_modules_next_dist_f3530cac._.js:2297
[63456880ms] [LOG] [Fast Refresh] rebuilding @ http://localhost:3000/_next/static/chunks/node_modules_next_dist_f3530cac._.js:2297
[63456907ms] [LOG] [Fast Refresh] done in 119ms @ http://localhost:3000/_next/static/chunks/node_modules_next_dist_f3530cac._.js:2297
[63457159ms] [ERROR] Failed to load resource: the server responded with a status of 403 () @ https://os.impakers.club/api/external/telemetry/auth:0
[63517110ms] [ERROR] Failed to load resource: the server responded with a status of 403 () @ https://os.impakers.club/api/external/telemetry/auth:0
[63577274ms] [ERROR] Failed to load resource: the server responded with a status of 403 () @ https://os.impakers.club/api/external/telemetry/auth:0
[63630313ms] [LOG] [Fast Refresh] rebuilding @ http://localhost:3000/_next/static/chunks/node_modules_next_dist_f3530cac._.js:2297
[63630320ms] [LOG] [Fast Refresh] done in 110ms @ http://localhost:3000/_next/static/chunks/node_modules_next_dist_f3530cac._.js:2297
[63637394ms] [ERROR] Failed to load resource: the server responded with a status of 403 () @ https://os.impakers.club/api/external/telemetry/auth:0
[63662785ms] [LOG] [Fast Refresh] rebuilding @ http://localhost:3000/_next/static/chunks/node_modules_next_dist_f3530cac._.js:2297
[63662909ms] [ERROR] ./src/app/(app)/services/board/page.tsx:62:1
Module not found: Can't resolve './_components/add-task-dialog'
  60 | import { SectionManagerDialog } from './_components/section-manager-dialog';
  61 | import { TaskDetailDialog } from './_components/task-detail-dialog';
> 62 | import { AddTaskDialog, type NewTaskValues } from './_components/add-task-dialog';
     | ^^^^^^^^^^^^^^^^^^^^^^^^^^^^^^^^^^^^^^^^^^^^^^^^^^^^^^^^^^^^^^^^^^^^^^^^^^^^^^^^^^
  63 | import { TableSkeleton } from '@/components/ui/skeleton';
  64 | import { supabase, isSupabaseConfigured } from '@/lib/supabase';
  65 | import { useAuth } from '@/contexts/auth-context';

Import traces:
  Client Component Browser:
    ./src/app/(app)/services/board/page.tsx [Client Component Browser]
    ./src/app/(app)/services/board/page.tsx [Server Component]

  Client Component SSR:
    ./src/app/(app)/services/board/page.tsx [Client Component SSR]
    ./src/app/(app)/services/board/page.tsx [Server Component]

https://nextjs.org/docs/messages/module-not-found @ http://localhost:3000/_next/static/chunks/node_modules_next_dist_f3530cac._.js:3127
[63672132ms] [LOG] [Fast Refresh] rebuilding @ http://localhost:3000/_next/static/chunks/node_modules_next_dist_f3530cac._.js:2297
[63672254ms] [LOG] [Fast Refresh] done in 195ms @ http://localhost:3000/_next/static/chunks/node_modules_next_dist_f3530cac._.js:2297
[63673331ms] [LOG] [Fast Refresh] rebuilding @ http://localhost:3000/_next/static/chunks/node_modules_next_dist_f3530cac._.js:2297
[63673352ms] [LOG] [Fast Refresh] done in 123ms @ http://localhost:3000/_next/static/chunks/node_modules_next_dist_f3530cac._.js:2297
[63676375ms] [ERROR] Failed to load resource: the server responded with a status of 403 () @ https://os.impakers.club/api/external/telemetry/auth:0
[63689119ms] [LOG] [Fast Refresh] rebuilding @ http://localhost:3000/_next/static/chunks/node_modules_next_dist_f3530cac._.js:2297
[63689132ms] [LOG] [Fast Refresh] done in 105ms @ http://localhost:3000/_next/static/chunks/node_modules_next_dist_f3530cac._.js:2297
[63699202ms] [LOG] [Fast Refresh] rebuilding @ http://localhost:3000/_next/static/chunks/node_modules_next_dist_f3530cac._.js:2297
[63699280ms] [LOG] [Fast Refresh] done in 173ms @ http://localhost:3000/_next/static/chunks/node_modules_next_dist_f3530cac._.js:2297
[63710001ms] [LOG] [Fast Refresh] rebuilding @ http://localhost:3000/_next/static/chunks/node_modules_next_dist_f3530cac._.js:2297
[63710021ms] [LOG] [Fast Refresh] done in 92ms @ http://localhost:3000/_next/static/chunks/node_modules_next_dist_f3530cac._.js:2297
[63720661ms] [LOG] [Fast Refresh] rebuilding @ http://localhost:3000/_next/static/chunks/node_modules_next_dist_f3530cac._.js:2297
[63720682ms] [LOG] [Fast Refresh] done in 95ms @ http://localhost:3000/_next/static/chunks/node_modules_next_dist_f3530cac._.js:2297
[63733385ms] [ERROR] Failed to load resource: the server responded with a status of 403 () @ https://os.impakers.club/api/external/telemetry/auth:0
[63793432ms] [ERROR] Failed to load resource: the server responded with a status of 403 () @ https://os.impakers.club/api/external/telemetry/auth:0
[63815031ms] [LOG] [Fast Refresh] rebuilding @ http://localhost:3000/_next/static/chunks/node_modules_next_dist_f3530cac._.js:2297
[63815069ms] [LOG] [Fast Refresh] done in 118ms @ http://localhost:3000/_next/static/chunks/node_modules_next_dist_f3530cac._.js:2297
[63823374ms] [LOG] [Fast Refresh] rebuilding @ http://localhost:3000/_next/static/chunks/node_modules_next_dist_f3530cac._.js:2297
[63823394ms] [LOG] [Fast Refresh] done in 77ms @ http://localhost:3000/_next/static/chunks/node_modules_next_dist_f3530cac._.js:2297
[63843010ms] [LOG] [Fast Refresh] rebuilding @ http://localhost:3000/_next/static/chunks/node_modules_next_dist_f3530cac._.js:2297
[63843026ms] [LOG] [Fast Refresh] done in 79ms @ http://localhost:3000/_next/static/chunks/node_modules_next_dist_f3530cac._.js:2297
[63849803ms] [LOG] [Fast Refresh] rebuilding @ http://localhost:3000/_next/static/chunks/node_modules_next_dist_f3530cac._.js:2297
[63849851ms] [LOG] [Fast Refresh] done in 138ms @ http://localhost:3000/_next/static/chunks/node_modules_next_dist_f3530cac._.js:2297
[63853374ms] [ERROR] Failed to load resource: the server responded with a status of 403 () @ https://os.impakers.club/api/external/telemetry/auth:0
[63913335ms] [ERROR] Failed to load resource: the server responded with a status of 403 () @ https://os.impakers.club/api/external/telemetry/auth:0
[63939730ms] [LOG] [Fast Refresh] rebuilding @ http://localhost:3000/_next/static/chunks/node_modules_next_dist_f3530cac._.js:2297
[63939748ms] [LOG] [Fast Refresh] done in 86ms @ http://localhost:3000/_next/static/chunks/node_modules_next_dist_f3530cac._.js:2297
[63973419ms] [ERROR] Failed to load resource: the server responded with a status of 403 () @ https://os.impakers.club/api/external/telemetry/auth:0
[64033377ms] [ERROR] Failed to load resource: the server responded with a status of 403 () @ https://os.impakers.club/api/external/telemetry/auth:0
[64093683ms] [ERROR] Failed to load resource: the server responded with a status of 403 () @ https://os.impakers.club/api/external/telemetry/auth:0
[64113980ms] [LOG] [Fast Refresh] rebuilding @ http://localhost:3000/_next/static/chunks/node_modules_next_dist_f3530cac._.js:2297
[64113991ms] [LOG] [Fast Refresh] done in 98ms @ http://localhost:3000/_next/static/chunks/node_modules_next_dist_f3530cac._.js:2297
[64146842ms] [LOG] [Fast Refresh] rebuilding @ http://localhost:3000/_next/static/chunks/node_modules_next_dist_f3530cac._.js:2297
[64146852ms] [LOG] [Fast Refresh] done in 97ms @ http://localhost:3000/_next/static/chunks/node_modules_next_dist_f3530cac._.js:2297
[64151836ms] [ERROR] WebSocket connection to 'ws://localhost:3000/_next/webpack-hmr?id=vD2NIzydJ1PT9leO4_DIv' failed: Error in connection establishment: net::ERR_CONNECTION_REFUSED @ http://localhost:3000/_next/static/chunks/node_modules_next_dist_client_17643121._.js:10878
[64152839ms] [ERROR] WebSocket connection to 'ws://localhost:3000/_next/webpack-hmr?id=vD2NIzydJ1PT9leO4_DIv' failed: Error in connection establishment: net::ERR_CONNECTION_REFUSED @ http://localhost:3000/_next/static/chunks/node_modules_next_dist_client_17643121._.js:10878
[64153590ms] [ERROR] Failed to load resource: the server responded with a status of 403 () @ https://os.impakers.club/api/external/telemetry/auth:0
[64153842ms] [ERROR] WebSocket connection to 'ws://localhost:3000/_next/webpack-hmr?id=vD2NIzydJ1PT9leO4_DIv' failed: Error in connection establishment: net::ERR_CONNECTION_REFUSED @ http://localhost:3000/_next/static/chunks/node_modules_next_dist_client_17643121._.js:10878
[64154846ms] [ERROR] WebSocket connection to 'ws://localhost:3000/_next/webpack-hmr?id=vD2NIzydJ1PT9leO4_DIv' failed: Error in connection establishment: net::ERR_CONNECTION_REFUSED @ http://localhost:3000/_next/static/chunks/node_modules_next_dist_client_17643121._.js:10878
[64155850ms] [ERROR] WebSocket connection to 'ws://localhost:3000/_next/webpack-hmr?id=vD2NIzydJ1PT9leO4_DIv' failed: Error in connection establishment: net::ERR_CONNECTION_REFUSED @ http://localhost:3000/_next/static/chunks/node_modules_next_dist_client_17643121._.js:10878
[64160857ms] [ERROR] WebSocket connection to 'ws://localhost:3000/_next/webpack-hmr?id=vD2NIzydJ1PT9leO4_DIv' failed: Error in connection establishment: net::ERR_CONNECTION_REFUSED @ http://localhost:3000/_next/static/chunks/node_modules_next_dist_client_17643121._.js:10878
[64165868ms] [ERROR] WebSocket connection to 'ws://localhost:3000/_next/webpack-hmr?id=vD2NIzydJ1PT9leO4_DIv' failed: Error in connection establishment: net::ERR_CONNECTION_REFUSED @ http://localhost:3000/_next/static/chunks/node_modules_next_dist_client_17643121._.js:10878
[64170884ms] [ERROR] WebSocket connection to 'ws://localhost:3000/_next/webpack-hmr?id=vD2NIzydJ1PT9leO4_DIv' failed: Error in connection establishment: net::ERR_CONNECTION_REFUSED @ http://localhost:3000/_next/static/chunks/node_modules_next_dist_client_17643121._.js:10878
[64175922ms] [ERROR] WebSocket connection to 'ws://localhost:3000/_next/webpack-hmr?id=vD2NIzydJ1PT9leO4_DIv' failed: Error in connection establishment: net::ERR_CONNECTION_REFUSED @ http://localhost:3000/_next/static/chunks/node_modules_next_dist_client_17643121._.js:10878
[64180990ms] [ERROR] WebSocket connection to 'ws://localhost:3000/_next/webpack-hmr?id=vD2NIzydJ1PT9leO4_DIv' failed: Error in connection establishment: net::ERR_CONNECTION_REFUSED @ http://localhost:3000/_next/static/chunks/node_modules_next_dist_client_17643121._.js:10878
[64186135ms] [ERROR] WebSocket connection to 'ws://localhost:3000/_next/webpack-hmr?id=vD2NIzydJ1PT9leO4_DIv' failed: Error in connection establishment: net::ERR_CONNECTION_REFUSED @ http://localhost:3000/_next/static/chunks/node_modules_next_dist_client_17643121._.js:10878
[64191273ms] [ERROR] WebSocket connection to 'ws://localhost:3000/_next/webpack-hmr?id=vD2NIzydJ1PT9leO4_DIv' failed: Error in connection establishment: net::ERR_CONNECTION_REFUSED @ http://localhost:3000/_next/static/chunks/node_modules_next_dist_client_17643121._.js:10878
[74690358ms] [ERROR] Failed to load resource: the server responded with a status of 404 (Not Found) @ http://localhost:3000/login?redirect=%2Fen%2Fabout:0
[74690447ms] [LOG] [Client Instrumentation Hook] Slow execution detected: 25ms (Note: Code download overhead is not included in this measurement) @ http://localhost:3000/_next/static/chunks/node_modules_%40sentry_core_build_esm_1q_qjqh._.js:10515
[74690458ms] [INFO] %cDownload the React DevTools for a better development experience: https://react.dev/link/react-devtools font-weight:bold @ http://localhost:3000/_next/static/chunks/node_modules_%40sentry_core_build_esm_1q_qjqh._.js:10515
[74690502ms] [LOG] [HMR] connected @ http://localhost:3000/_next/static/chunks/node_modules_%40sentry_core_build_esm_1q_qjqh._.js:10515
[74690572ms] [ERROR] Failed to load resource: the server responded with a status of 404 (Not Found) @ http://localhost:3000/login?redirect=%2Fen%2Fabout:0
[74690681ms] [LOG] [UserStoreProvider] Auth event: INITIAL_SESSION @ http://localhost:3000/_next/static/chunks/node_modules_%40sentry_core_build_esm_1q_qjqh._.js:10515
[74691839ms] [ERROR] Failed to load resource: the server responded with a status of 403 () @ https://os.impakers.club/api/external/telemetry/auth:0
[74691869ms] [ERROR] Failed to load resource: the server responded with a status of 403 () @ https://os.impakers.club/api/external/telemetry/auth:0
[74693958ms] [ERROR] Failed to load resource: the server responded with a status of 403 () @ https://os.impakers.club/api/external/telemetry/auth:0
[74751241ms] [ERROR] Failed to load resource: the server responded with a status of 403 () @ https://os.impakers.club/api/external/telemetry/auth:0
[74811270ms] [ERROR] Failed to load resource: the server responded with a status of 403 () @ https://os.impakers.club/api/external/telemetry/auth:0
[74871439ms] [ERROR] Failed to load resource: the server responded with a status of 403 () @ https://os.impakers.club/api/external/telemetry/auth:0
[74931546ms] [ERROR] Failed to load resource: the server responded with a status of 403 () @ https://os.impakers.club/api/external/telemetry/auth:0
[74993751ms] [ERROR] Failed to load resource: the server responded with a status of 403 () @ https://os.impakers.club/api/external/telemetry/auth:0
[75051275ms] [ERROR] Failed to load resource: the server responded with a status of 403 () @ https://os.impakers.club/api/external/telemetry/auth:0
[75111446ms] [ERROR] Failed to load resource: the server responded with a status of 403 () @ https://os.impakers.club/api/external/telemetry/auth:0
[75132241ms] [LOG] [Fast Refresh] rebuilding @ http://localhost:3000/_next/static/chunks/node_modules_%40sentry_core_build_esm_1q_qjqh._.js:10515
[75132323ms] [LOG] [Fast Refresh] done in 184ms @ http://localhost:3000/_next/static/chunks/node_modules_%40sentry_core_build_esm_1q_qjqh._.js:10515
[75166687ms] [LOG] [Fast Refresh] rebuilding @ http://localhost:3000/_next/static/chunks/node_modules_%40sentry_core_build_esm_1q_qjqh._.js:10515
[75166728ms] [LOG] [Fast Refresh] done in 145ms @ http://localhost:3000/_next/static/chunks/node_modules_%40sentry_core_build_esm_1q_qjqh._.js:10515
[75171455ms] [ERROR] Failed to load resource: the server responded with a status of 403 () @ https://os.impakers.club/api/external/telemetry/auth:0
[75231874ms] [ERROR] Failed to load resource: the server responded with a status of 403 () @ https://os.impakers.club/api/external/telemetry/auth:0
[75291331ms] [ERROR] Failed to load resource: the server responded with a status of 403 () @ https://os.impakers.club/api/external/telemetry/auth:0
[75331136ms] [LOG] [Fast Refresh] rebuilding @ http://localhost:3000/_next/static/chunks/node_modules_%40sentry_core_build_esm_1q_qjqh._.js:10515
[75331859ms] [ERROR] ./components/classes/ClassFormModal.tsx:66:1
Export Constants doesn't exist in target module
  64 | import { useRoomService } from "@/hooks/use-room-service";
  65 | import { DAY_OF_WEEK_LABELS, type DayOfWeek } from "@/types/models/class.types";
> 66 | import { Constants } from "@/types/database.types";
     | ^^^^^^^^^^^^^^^^^^^^^^^^^^^^^^^^^^^^^^^^^^^^^^^^^^
  67 | import dayjs from "@/lib/dayjs";
  68 | import {
  69 |   Field,

The export Constants was not found in module [project]/types/database.types.ts [app-client] (ecmascript).
The module has no exports at all.
All exports of the module are statically known (It doesn't have dynamic exports). So it's known statically that the requested export doesn't exist.

Import traces:
  Client Component Browser:
    ./components/classes/ClassFormModal.tsx [Client Component Browser]
    ./app/center/classes/list/page.tsx [Client Component Browser]
    ./app/center/classes/list/page.tsx [Server Component]

  Client Component SSR:
    ./components/classes/ClassFormModal.tsx [Client Component SSR]
    ./app/center/classes/list/page.tsx [Client Component SSR]
    ./app/center/classes/list/page.tsx [Server Component] @ http://localhost:3000/_next/static/chunks/node_modules_%40sentry_core_build_esm_1q_qjqh._.js:10515
[75331859ms] [ERROR] ./components/classes/ClassFormModal.tsx:66:1
Export Constants doesn't exist in target module
  64 | import { useRoomService } from "@/hooks/use-room-service";
  65 | import { DAY_OF_WEEK_LABELS, type DayOfWeek } from "@/types/models/class.types";
> 66 | import { Constants } from "@/types/database.types";
     | ^^^^^^^^^^^^^^^^^^^^^^^^^^^^^^^^^^^^^^^^^^^^^^^^^^^
  67 | import dayjs from "@/lib/dayjs";
  68 | import {
  69 |   Field,

The export Constants was not found in module [project]/types/database.types.ts [app-ssr] (ecmascript).
The module has no exports at all.
All exports of the module are statically known (It doesn't have dynamic exports). So it's known statically that the requested export doesn't exist.

Import traces:
  Client Component Browser:
    ./components/classes/ClassFormModal.tsx [Client Component Browser]
    ./app/center/classes/list/page.tsx [Client Component Browser]
    ./app/center/classes/list/page.tsx [Server Component]

  Client Component SSR:
    ./components/classes/ClassFormModal.tsx [Client Component SSR]
    ./app/center/classes/list/page.tsx [Client Component SSR]
    ./app/center/classes/list/page.tsx [Server Component] @ http://localhost:3000/_next/static/chunks/node_modules_%40sentry_core_build_esm_1q_qjqh._.js:10515
[75331913ms] [ERROR] ./components/classes/ClassFormModal.tsx:66:1
Export Constants doesn't exist in target module
  64 | import { useRoomService } from "@/hooks/use-room-service";
  65 | import { DAY_OF_WEEK_LABELS, type DayOfWeek } from "@/types/models/class.types";
> 66 | import { Constants } from "@/types/database.types";
     | ^^^^^^^^^^^^^^^^^^^^^^^^^^^^^^^^^^^^^^^^^^^^^^^^^^
  67 | import dayjs from "@/lib/dayjs";
  68 | import {
  69 |   Field,

The export Constants was not found in module [project]/types/database.types.ts [app-client] (ecmascript).
The module has no exports at all.
All exports of the module are statically known (It doesn't have dynamic exports). So it's known statically that the requested export doesn't exist.

Import traces:
  Client Component Browser:
    ./components/classes/ClassFormModal.tsx [Client Component Browser]
    ./app/center/classes/list/page.tsx [Client Component Browser]
    ./app/center/classes/list/page.tsx [Server Component]

  Client Component SSR:
    ./components/classes/ClassFormModal.tsx [Client Component SSR]
    ./app/center/classes/list/page.tsx [Client Component SSR]
    ./app/center/classes/list/page.tsx [Server Component] @ http://localhost:3000/_next/static/chunks/node_modules_%40sentry_core_build_esm_1q_qjqh._.js:10515
[75331914ms] [ERROR] ./components/classes/ClassFormModal.tsx:66:1
Export Constants doesn't exist in target module
  64 | import { useRoomService } from "@/hooks/use-room-service";
  65 | import { DAY_OF_WEEK_LABELS, type DayOfWeek } from "@/types/models/class.types";
> 66 | import { Constants } from "@/types/database.types";
     | ^^^^^^^^^^^^^^^^^^^^^^^^^^^^^^^^^^^^^^^^^^^^^^^^^^^
  67 | import dayjs from "@/lib/dayjs";
  68 | import {
  69 |   Field,

The export Constants was not found in module [project]/types/database.types.ts [app-ssr] (ecmascript).
The module has no exports at all.
All exports of the module are statically known (It doesn't have dynamic exports). So it's known statically that the requested export doesn't exist.

Import traces:
  Client Component Browser:
    ./components/classes/ClassFormModal.tsx [Client Component Browser]
    ./app/center/classes/list/page.tsx [Client Component Browser]
    ./app/center/classes/list/page.tsx [Server Component]

  Client Component SSR:
    ./components/classes/ClassFormModal.tsx [Client Component SSR]
    ./app/center/classes/list/page.tsx [Client Component SSR]
    ./app/center/classes/list/page.tsx [Server Component] @ http://localhost:3000/_next/static/chunks/node_modules_%40sentry_core_build_esm_1q_qjqh._.js:10515
[75331996ms] [LOG] [Fast Refresh] rebuilding @ http://localhost:3000/_next/static/chunks/node_modules_%40sentry_core_build_esm_1q_qjqh._.js:10515
[75344232ms] [ERROR] ./components/classes/ClassFormModal.tsx:66:1
Export Constants doesn't exist in target module
  64 | import { useRoomService } from "@/hooks/use-room-service";
  65 | import { DAY_OF_WEEK_LABELS, type DayOfWeek } from "@/types/models/class.types";
> 66 | import { Constants } from "@/types/database.types";
     | ^^^^^^^^^^^^^^^^^^^^^^^^^^^^^^^^^^^^^^^^^^^^^^^^^^
  67 | import dayjs from "@/lib/dayjs";
  68 | import {
  69 |   Field,

The export Constants was not found in module [project]/types/database.types.ts [app-client] (ecmascript).
The module has no exports at all.
All exports of the module are statically known (It doesn't have dynamic exports). So it's known statically that the requested export doesn't exist.

Import traces:
  Client Component Browser:
    ./components/classes/ClassFormModal.tsx [Client Component Browser]
    ./app/center/classes/list/page.tsx [Client Component Browser]
    ./app/center/classes/list/page.tsx [Server Component]

  Client Component SSR:
    ./components/classes/ClassFormModal.tsx [Client Component SSR]
    ./app/center/classes/list/page.tsx [Client Component SSR]
    ./app/center/classes/list/page.tsx [Server Component] @ http://localhost:3000/_next/static/chunks/node_modules_%40sentry_core_build_esm_1q_qjqh._.js:10515
[75344232ms] [ERROR] ./components/classes/ClassFormModal.tsx:66:1
Export Constants doesn't exist in target module
  64 | import { useRoomService } from "@/hooks/use-room-service";
  65 | import { DAY_OF_WEEK_LABELS, type DayOfWeek } from "@/types/models/class.types";
> 66 | import { Constants } from "@/types/database.types";
     | ^^^^^^^^^^^^^^^^^^^^^^^^^^^^^^^^^^^^^^^^^^^^^^^^^^^
  67 | import dayjs from "@/lib/dayjs";
  68 | import {
  69 |   Field,

The export Constants was not found in module [project]/types/database.types.ts [app-ssr] (ecmascript).
The module has no exports at all.
All exports of the module are statically known (It doesn't have dynamic exports). So it's known statically that the requested export doesn't exist.

Import traces:
  Client Component Browser:
    ./components/classes/ClassFormModal.tsx [Client Component Browser]
    ./app/center/classes/list/page.tsx [Client Component Browser]
    ./app/center/classes/list/page.tsx [Server Component]

  Client Component SSR:
    ./components/classes/ClassFormModal.tsx [Client Component SSR]
    ./app/center/classes/list/page.tsx [Client Component SSR]
    ./app/center/classes/list/page.tsx [Server Component] @ http://localhost:3000/_next/static/chunks/node_modules_%40sentry_core_build_esm_1q_qjqh._.js:10515
[75344335ms] [LOG] [Fast Refresh] rebuilding @ http://localhost:3000/_next/static/chunks/node_modules_%40sentry_core_build_esm_1q_qjqh._.js:10515
[75344415ms] [ERROR] ./components/classes/ClassFormModal.tsx:66:1
Export Constants doesn't exist in target module
  64 | import { useRoomService } from "@/hooks/use-room-service";
  65 | import { DAY_OF_WEEK_LABELS, type DayOfWeek } from "@/types/models/class.types";
> 66 | import { Constants } from "@/types/database.types";
     | ^^^^^^^^^^^^^^^^^^^^^^^^^^^^^^^^^^^^^^^^^^^^^^^^^^
  67 | import dayjs from "@/lib/dayjs";
  68 | import {
  69 |   Field,

The export Constants was not found in module [project]/types/database.types.ts [app-client] (ecmascript).
The module has no exports at all.
All exports of the module are statically known (It doesn't have dynamic exports). So it's known statically that the requested export doesn't exist.

Import traces:
  Client Component Browser:
    ./components/classes/ClassFormModal.tsx [Client Component Browser]
    ./app/center/classes/list/page.tsx [Client Component Browser]
    ./app/center/classes/list/page.tsx [Server Component]

  Client Component SSR:
    ./components/classes/ClassFormModal.tsx [Client Component SSR]
    ./app/center/classes/list/page.tsx [Client Component SSR]
    ./app/center/classes/list/page.tsx [Server Component] @ http://localhost:3000/_next/static/chunks/node_modules_%40sentry_core_build_esm_1q_qjqh._.js:10515
[75344415ms] [ERROR] ./components/classes/ClassFormModal.tsx:66:1
Export Constants doesn't exist in target module
  64 | import { useRoomService } from "@/hooks/use-room-service";
  65 | import { DAY_OF_WEEK_LABELS, type DayOfWeek } from "@/types/models/class.types";
> 66 | import { Constants } from "@/types/database.types";
     | ^^^^^^^^^^^^^^^^^^^^^^^^^^^^^^^^^^^^^^^^^^^^^^^^^^^
  67 | import dayjs from "@/lib/dayjs";
  68 | import {
  69 |   Field,

The export Constants was not found in module [project]/types/database.types.ts [app-ssr] (ecmascript).
The module has no exports at all.
All exports of the module are statically known (It doesn't have dynamic exports). So it's known statically that the requested export doesn't exist.

Import traces:
  Client Component Browser:
    ./components/classes/ClassFormModal.tsx [Client Component Browser]
    ./app/center/classes/list/page.tsx [Client Component Browser]
    ./app/center/classes/list/page.tsx [Server Component]

  Client Component SSR:
    ./components/classes/ClassFormModal.tsx [Client Component SSR]
    ./app/center/classes/list/page.tsx [Client Component SSR]
    ./app/center/classes/list/page.tsx [Server Component] @ http://localhost:3000/_next/static/chunks/node_modules_%40sentry_core_build_esm_1q_qjqh._.js:10515
[75345530ms] [ERROR] ./components/classes/ClassFormModal.tsx:66:1
Export Constants doesn't exist in target module
  64 | import { useRoomService } from "@/hooks/use-room-service";
  65 | import { DAY_OF_WEEK_LABELS, type DayOfWeek } from "@/types/models/class.types";
> 66 | import { Constants } from "@/types/database.types";
     | ^^^^^^^^^^^^^^^^^^^^^^^^^^^^^^^^^^^^^^^^^^^^^^^^^^
  67 | import dayjs from "@/lib/dayjs";
  68 | import {
  69 |   Field,

The export Constants was not found in module [project]/types/database.types.ts [app-client] (ecmascript).
The module has no exports at all.
All exports of the module are statically known (It doesn't have dynamic exports). So it's known statically that the requested export doesn't exist.

Import traces:
  Client Component Browser:
    ./components/classes/ClassFormModal.tsx [Client Component Browser]
    ./app/center/classes/list/page.tsx [Client Component Browser]
    ./app/center/classes/list/page.tsx [Server Component]

  Client Component SSR:
    ./components/classes/ClassFormModal.tsx [Client Component SSR]
    ./app/center/classes/list/page.tsx [Client Component SSR]
    ./app/center/classes/list/page.tsx [Server Component] @ http://localhost:3000/_next/static/chunks/node_modules_%40sentry_core_build_esm_1q_qjqh._.js:10515
[75345530ms] [ERROR] ./components/classes/ClassFormModal.tsx:66:1
Export Constants doesn't exist in target module
  64 | import { useRoomService } from "@/hooks/use-room-service";
  65 | import { DAY_OF_WEEK_LABELS, type DayOfWeek } from "@/types/models/class.types";
> 66 | import { Constants } from "@/types/database.types";
     | ^^^^^^^^^^^^^^^^^^^^^^^^^^^^^^^^^^^^^^^^^^^^^^^^^^^
  67 | import dayjs from "@/lib/dayjs";
  68 | import {
  69 |   Field,

The export Constants was not found in module [project]/types/database.types.ts [app-ssr] (ecmascript).
The module has no exports at all.
All exports of the module are statically known (It doesn't have dynamic exports). So it's known statically that the requested export doesn't exist.

Import traces:
  Client Component Browser:
    ./components/classes/ClassFormModal.tsx [Client Component Browser]
    ./app/center/classes/list/page.tsx [Client Component Browser]
    ./app/center/classes/list/page.tsx [Server Component]

  Client Component SSR:
    ./components/classes/ClassFormModal.tsx [Client Component SSR]
    ./app/center/classes/list/page.tsx [Client Component SSR]
    ./app/center/classes/list/page.tsx [Server Component] @ http://localhost:3000/_next/static/chunks/node_modules_%40sentry_core_build_esm_1q_qjqh._.js:10515
[75345597ms] [LOG] [Fast Refresh] rebuilding @ http://localhost:3000/_next/static/chunks/node_modules_%40sentry_core_build_esm_1q_qjqh._.js:10515
[75351996ms] [ERROR] Failed to load resource: the server responded with a status of 403 () @ https://os.impakers.club/api/external/telemetry/auth:0
[75352799ms] [LOG] [Fast Refresh] rebuilding @ http://localhost:3000/_next/static/chunks/node_modules_%40sentry_core_build_esm_1q_qjqh._.js:10515
[75352985ms] [LOG] [Fast Refresh] done in 257ms @ http://localhost:3000/_next/static/chunks/node_modules_%40sentry_core_build_esm_1q_qjqh._.js:10515
[75353034ms] [ERROR] Failed to load resource: the server responded with a status of 404 (Not Found) @ http://localhost:3000/login?redirect=%2Fen%2Fabout&_rsc=qDh8EWPhWRGr9PEZ:0
[75353224ms] [ERROR] Failed to load resource: the server responded with a status of 404 (Not Found) @ http://localhost:3000/login?redirect=%2Fen%2Fabout:0
[75353418ms] [INFO] %cDownload the React DevTools for a better development experience: https://react.dev/link/react-devtools font-weight:bold @ http://localhost:3000/_next/static/chunks/node_modules_%40sentry_core_build_esm_1q_qjqh._.js:10515
[75353443ms] [LOG] [HMR] connected @ http://localhost:3000/_next/static/chunks/node_modules_%40sentry_core_build_esm_1q_qjqh._.js:10515
[75353485ms] [ERROR] Failed to load resource: the server responded with a status of 404 (Not Found) @ http://localhost:3000/login?redirect=%2Fen%2Fabout:0
[75353565ms] [LOG] [UserStoreProvider] Auth event: INITIAL_SESSION @ http://localhost:3000/_next/static/chunks/node_modules_%40sentry_core_build_esm_1q_qjqh._.js:10515
[75353803ms] [ERROR] Failed to load resource: the server responded with a status of 403 () @ https://os.impakers.club/api/external/telemetry/auth:0
[75353870ms] [ERROR] Failed to load resource: the server responded with a status of 403 () @ https://os.impakers.club/api/external/telemetry/auth:0
[75357416ms] [ERROR] Failed to load resource: the server responded with a status of 403 () @ https://os.impakers.club/api/external/telemetry/auth:0
[75414384ms] [ERROR] Failed to load resource: the server responded with a status of 403 () @ https://os.impakers.club/api/external/telemetry/auth:0
[75474564ms] [ERROR] Failed to load resource: the server responded with a status of 403 () @ https://os.impakers.club/api/external/telemetry/auth:0
[75498286ms] [LOG] [Fast Refresh] rebuilding @ http://localhost:3000/_next/static/chunks/node_modules_%40sentry_core_build_esm_1q_qjqh._.js:10515
[75498310ms] [LOG] [Fast Refresh] done in 126ms @ http://localhost:3000/_next/static/chunks/node_modules_%40sentry_core_build_esm_1q_qjqh._.js:10515
[75534249ms] [ERROR] Failed to load resource: the server responded with a status of 403 () @ https://os.impakers.club/api/external/telemetry/auth:0
[75594237ms] [ERROR] Failed to load resource: the server responded with a status of 403 () @ https://os.impakers.club/api/external/telemetry/auth:0
[75654207ms] [ERROR] Failed to load resource: the server responded with a status of 403 () @ https://os.impakers.club/api/external/telemetry/auth:0
[75717397ms] [ERROR] Failed to load resource: the server responded with a status of 403 () @ https://os.impakers.club/api/external/telemetry/auth:0
[75728507ms] [LOG] [Fast Refresh] rebuilding @ http://localhost:3000/_next/static/chunks/node_modules_%40sentry_core_build_esm_1q_qjqh._.js:10515
[75729702ms] [LOG] [Fast Refresh] done in 1224ms @ http://localhost:3000/_next/static/chunks/node_modules_%40sentry_core_build_esm_1q_qjqh._.js:10515
[75736630ms] [LOG] [Fast Refresh] rebuilding @ http://localhost:3000/_next/static/chunks/node_modules_%40sentry_core_build_esm_1q_qjqh._.js:10515
[75736677ms] [LOG] [Fast Refresh] done in 122ms @ http://localhost:3000/_next/static/chunks/node_modules_%40sentry_core_build_esm_1q_qjqh._.js:10515
[75743798ms] [LOG] [Fast Refresh] rebuilding @ http://localhost:3000/_next/static/chunks/node_modules_%40sentry_core_build_esm_1q_qjqh._.js:10515
[75743827ms] [LOG] [Fast Refresh] done in 105ms @ http://localhost:3000/_next/static/chunks/node_modules_%40sentry_core_build_esm_1q_qjqh._.js:10515
[75749957ms] [LOG] [Fast Refresh] rebuilding @ http://localhost:3000/_next/static/chunks/node_modules_%40sentry_core_build_esm_1q_qjqh._.js:10515
[75750103ms] [LOG] [Fast Refresh] done in 248ms @ http://localhost:3000/_next/static/chunks/node_modules_%40sentry_core_build_esm_1q_qjqh._.js:10515
[75761938ms] [LOG] [Fast Refresh] rebuilding @ http://localhost:3000/_next/static/chunks/node_modules_%40sentry_core_build_esm_1q_qjqh._.js:10515
[75762052ms] [LOG] [Fast Refresh] done in 215ms @ http://localhost:3000/_next/static/chunks/node_modules_%40sentry_core_build_esm_1q_qjqh._.js:10515
[75771257ms] [LOG] [Fast Refresh] rebuilding @ http://localhost:3000/_next/static/chunks/node_modules_%40sentry_core_build_esm_1q_qjqh._.js:10515
[75771328ms] [LOG] [Fast Refresh] done in 173ms @ http://localhost:3000/_next/static/chunks/node_modules_%40sentry_core_build_esm_1q_qjqh._.js:10515
[75774599ms] [ERROR] Failed to load resource: the server responded with a status of 403 () @ https://os.impakers.club/api/external/telemetry/auth:0
[75814273ms] [LOG] [Fast Refresh] rebuilding @ http://localhost:3000/_next/static/chunks/node_modules_%40sentry_core_build_esm_1q_qjqh._.js:10515
[75814306ms] [LOG] [Fast Refresh] done in 135ms @ http://localhost:3000/_next/static/chunks/node_modules_%40sentry_core_build_esm_1q_qjqh._.js:10515
[75834496ms] [ERROR] Failed to load resource: the server responded with a status of 403 () @ https://os.impakers.club/api/external/telemetry/auth:0
[75875891ms] [LOG] [Fast Refresh] rebuilding @ http://localhost:3000/_next/static/chunks/node_modules_%40sentry_core_build_esm_1q_qjqh._.js:10515
[75875901ms] [LOG] [Fast Refresh] done in 111ms @ http://localhost:3000/_next/static/chunks/node_modules_%40sentry_core_build_esm_1q_qjqh._.js:10515
[75883135ms] [LOG] [Fast Refresh] rebuilding @ http://localhost:3000/_next/static/chunks/node_modules_%40sentry_core_build_esm_1q_qjqh._.js:10515
[75883138ms] [LOG] [Fast Refresh] done in 105ms @ http://localhost:3000/_next/static/chunks/node_modules_%40sentry_core_build_esm_1q_qjqh._.js:10515
[75890218ms] [LOG] [Fast Refresh] rebuilding @ http://localhost:3000/_next/static/chunks/node_modules_%40sentry_core_build_esm_1q_qjqh._.js:10515
[75890222ms] [LOG] [Fast Refresh] done in 105ms @ http://localhost:3000/_next/static/chunks/node_modules_%40sentry_core_build_esm_1q_qjqh._.js:10515
[75894210ms] [ERROR] Failed to load resource: the server responded with a status of 403 () @ https://os.impakers.club/api/external/telemetry/auth:0
[75902095ms] [LOG] [Fast Refresh] rebuilding @ http://localhost:3000/_next/static/chunks/node_modules_%40sentry_core_build_esm_1q_qjqh._.js:10515
[75902099ms] [LOG] [Fast Refresh] done in 105ms @ http://localhost:3000/_next/static/chunks/node_modules_%40sentry_core_build_esm_1q_qjqh._.js:10515
[75911511ms] [LOG] [Fast Refresh] rebuilding @ http://localhost:3000/_next/static/chunks/node_modules_%40sentry_core_build_esm_1q_qjqh._.js:10515
[75911514ms] [LOG] [Fast Refresh] done in 104ms @ http://localhost:3000/_next/static/chunks/node_modules_%40sentry_core_build_esm_1q_qjqh._.js:10515
[75954387ms] [ERROR] Failed to load resource: the server responded with a status of 403 () @ https://os.impakers.club/api/external/telemetry/auth:0
[75988755ms] [LOG] [Fast Refresh] rebuilding @ http://localhost:3000/_next/static/chunks/node_modules_%40sentry_core_build_esm_1q_qjqh._.js:10515
[75988802ms] [LOG] [Fast Refresh] done in 150ms @ http://localhost:3000/_next/static/chunks/node_modules_%40sentry_core_build_esm_1q_qjqh._.js:10515
[76014242ms] [ERROR] Failed to load resource: the server responded with a status of 403 () @ https://os.impakers.club/api/external/telemetry/auth:0
[76030740ms] [LOG] [Fast Refresh] rebuilding @ http://localhost:3000/_next/static/chunks/node_modules_%40sentry_core_build_esm_1q_qjqh._.js:10515
[76030761ms] [LOG] [Fast Refresh] done in 122ms @ http://localhost:3000/_next/static/chunks/node_modules_%40sentry_core_build_esm_1q_qjqh._.js:10515
[76040685ms] [LOG] [Fast Refresh] rebuilding @ http://localhost:3000/_next/static/chunks/node_modules_%40sentry_core_build_esm_1q_qjqh._.js:10515
[76040702ms] [LOG] [Fast Refresh] done in 117ms @ http://localhost:3000/_next/static/chunks/node_modules_%40sentry_core_build_esm_1q_qjqh._.js:10515
[76050204ms] [LOG] [Fast Refresh] rebuilding @ http://localhost:3000/_next/static/chunks/node_modules_%40sentry_core_build_esm_1q_qjqh._.js:10515
[76050218ms] [LOG] [Fast Refresh] done in 115ms @ http://localhost:3000/_next/static/chunks/node_modules_%40sentry_core_build_esm_1q_qjqh._.js:10515
[76058534ms] [LOG] [Fast Refresh] rebuilding @ http://localhost:3000/_next/static/chunks/node_modules_%40sentry_core_build_esm_1q_qjqh._.js:10515
[76058539ms] [LOG] [Fast Refresh] done in 106ms @ http://localhost:3000/_next/static/chunks/node_modules_%40sentry_core_build_esm_1q_qjqh._.js:10515
[76074256ms] [ERROR] Failed to load resource: the server responded with a status of 403 () @ https://os.impakers.club/api/external/telemetry/auth:0
[76077298ms] [LOG] [Fast Refresh] rebuilding @ http://localhost:3000/_next/static/chunks/node_modules_%40sentry_core_build_esm_1q_qjqh._.js:10515
[76078384ms] [WARNING] [Fast Refresh] performing full reload

Fast Refresh will perform a full reload when you edit a file that's imported by modules outside of the React rendering tree.
You might have a file which exports a React component but also exports a value that is imported by a non-React component file.
Consider migrating the non-React component export to a separate file and importing it into both files.

It is also possible the parent component of the component you edited is a class component, which disables Fast Refresh.
Fast Refresh requires at least one parent function component in your React tree. @ http://localhost:3000/_next/static/chunks/node_modules_%40sentry_core_build_esm_1q_qjqh._.js:10515
[76078393ms] [LOG] [Fast Refresh] done in 1170ms @ http://localhost:3000/_next/static/chunks/node_modules_%40sentry_core_build_esm_1q_qjqh._.js:10515
[76078608ms] [WARNING] [Fast Refresh] performing full reload

Fast Refresh will perform a full reload when you edit a file that's imported by modules outside of the React rendering tree.
You might have a file which exports a React component but also exports a value that is imported by a non-React component file.
Consider migrating the non-React component export to a separate file and importing it into both files.

It is also possible the parent component of the component you edited is a class component, which disables Fast Refresh.
Fast Refresh requires at least one parent function component in your React tree. @ http://localhost:3000/_next/static/chunks/node_modules_%40sentry_core_build_esm_1q_qjqh._.js:10515
[76078609ms] [ERROR] Failed to load resource: the server responded with a status of 404 (Not Found) @ http://localhost:3000/login?redirect=%2Fen%2Fabout&_rsc=qDh8EWPhWRGr9PEZ:0
[76078800ms] [LOG] [Fast Refresh] rebuilding @ http://localhost:3000/_next/static/chunks/node_modules_%40sentry_core_build_esm_1q_qjqh._.js:10515
[76079015ms] [LOG] [Fast Refresh] done in 316ms @ http://localhost:3000/_next/static/chunks/node_modules_%40sentry_core_build_esm_1q_qjqh._.js:10515
[76079115ms] [ERROR] Failed to load resource: the server responded with a status of 404 (Not Found) @ http://localhost:3000/login?redirect=%2Fen%2Fabout&_rsc=qDh8EWPhWRGr9PEZ:0
[76079281ms] [ERROR] Failed to load resource: the server responded with a status of 404 (Not Found) @ http://localhost:3000/login?redirect=%2Fen%2Fabout:0
[76079440ms] [INFO] %cDownload the React DevTools for a better development experience: https://react.dev/link/react-devtools font-weight:bold @ http://localhost:3000/_next/static/chunks/node_modules_%40sentry_core_build_esm_1q_qjqh._.js:10515
[76079451ms] [LOG] [HMR] connected @ http://localhost:3000/_next/static/chunks/node_modules_%40sentry_core_build_esm_1q_qjqh._.js:10515
[76079684ms] [ERROR] Failed to load resource: the server responded with a status of 404 (Not Found) @ http://localhost:3000/login?redirect=%2Fen%2Fabout:0
[76079718ms] [LOG] [UserStoreProvider] Auth event: INITIAL_SESSION @ http://localhost:3000/_next/static/chunks/node_modules_%40sentry_core_build_esm_1q_qjqh._.js:10515
[76080313ms] [ERROR] Failed to load resource: the server responded with a status of 403 () @ https://os.impakers.club/api/external/telemetry/auth:0
[76080319ms] [ERROR] Failed to load resource: the server responded with a status of 403 () @ https://os.impakers.club/api/external/telemetry/auth:0
[76082884ms] [ERROR] Failed to load resource: the server responded with a status of 403 () @ https://os.impakers.club/api/external/telemetry/auth:0
[76125098ms] [LOG] [Fast Refresh] rebuilding @ http://localhost:3000/_next/static/chunks/node_modules_%40sentry_core_build_esm_1q_qjqh._.js:10515
[76125310ms] [LOG] [Fast Refresh] done in 314ms @ http://localhost:3000/_next/static/chunks/node_modules_%40sentry_core_build_esm_1q_qjqh._.js:10515
[76140771ms] [ERROR] Failed to load resource: the server responded with a status of 403 () @ https://os.impakers.club/api/external/telemetry/auth:0
[76200326ms] [ERROR] Failed to load resource: the server responded with a status of 403 () @ https://os.impakers.club/api/external/telemetry/auth:0
[76234367ms] [LOG] [Fast Refresh] rebuilding @ http://localhost:3000/_next/static/chunks/node_modules_%40sentry_core_build_esm_1q_qjqh._.js:10515
[76234642ms] [LOG] [Fast Refresh] done in 377ms @ http://localhost:3000/_next/static/chunks/node_modules_%40sentry_core_build_esm_1q_qjqh._.js:10515
[76260149ms] [ERROR] Failed to load resource: the server responded with a status of 403 () @ https://os.impakers.club/api/external/telemetry/auth:0
[76261611ms] [LOG] [Fast Refresh] rebuilding @ http://localhost:3000/_next/static/chunks/node_modules_%40sentry_core_build_esm_1q_qjqh._.js:10515
[76261763ms] [LOG] [Fast Refresh] done in 253ms @ http://localhost:3000/_next/static/chunks/node_modules_%40sentry_core_build_esm_1q_qjqh._.js:10515
[76264418ms] [LOG] [Fast Refresh] rebuilding @ http://localhost:3000/_next/static/chunks/node_modules_%40sentry_core_build_esm_1q_qjqh._.js:10515
[76264458ms] [LOG] [Fast Refresh] done in 141ms @ http://localhost:3000/_next/static/chunks/node_modules_%40sentry_core_build_esm_1q_qjqh._.js:10515
[76320263ms] [ERROR] Failed to load resource: the server responded with a status of 403 () @ https://os.impakers.club/api/external/telemetry/auth:0
[76381389ms] [ERROR] Failed to load resource: the server responded with a status of 403 () @ https://os.impakers.club/api/external/telemetry/auth:0
[76440274ms] [ERROR] Failed to load resource: the server responded with a status of 403 () @ https://os.impakers.club/api/external/telemetry/auth:0
[76500221ms] [ERROR] Failed to load resource: the server responded with a status of 403 () @ https://os.impakers.club/api/external/telemetry/auth:0
[76527972ms] [LOG] [Fast Refresh] rebuilding @ http://localhost:3000/_next/static/chunks/node_modules_%40sentry_core_build_esm_1q_qjqh._.js:10515
[76528011ms] [LOG] [Fast Refresh] done in 141ms @ http://localhost:3000/_next/static/chunks/node_modules_%40sentry_core_build_esm_1q_qjqh._.js:10515
[76530359ms] [LOG] [Fast Refresh] rebuilding @ http://localhost:3000/_next/static/chunks/node_modules_%40sentry_core_build_esm_1q_qjqh._.js:10515
[76530402ms] [LOG] [Fast Refresh] done in 145ms @ http://localhost:3000/_next/static/chunks/node_modules_%40sentry_core_build_esm_1q_qjqh._.js:10515
[76535519ms] [LOG] [Fast Refresh] rebuilding @ http://localhost:3000/_next/static/chunks/node_modules_%40sentry_core_build_esm_1q_qjqh._.js:10515
[76535820ms] [LOG] [Fast Refresh] done in 402ms @ http://localhost:3000/_next/static/chunks/node_modules_%40sentry_core_build_esm_1q_qjqh._.js:10515
[76560567ms] [ERROR] Failed to load resource: the server responded with a status of 403 () @ https://os.impakers.club/api/external/telemetry/auth:0
[76564333ms] [LOG] [Fast Refresh] rebuilding @ http://localhost:3000/_next/static/chunks/node_modules_%40sentry_core_build_esm_1q_qjqh._.js:10515
[76564397ms] [LOG] [Fast Refresh] done in 166ms @ http://localhost:3000/_next/static/chunks/node_modules_%40sentry_core_build_esm_1q_qjqh._.js:10515
[76579571ms] [LOG] [Fast Refresh] rebuilding @ http://localhost:3000/_next/static/chunks/node_modules_%40sentry_core_build_esm_1q_qjqh._.js:10515
[76579971ms] [LOG] [Fast Refresh] done in 501ms @ http://localhost:3000/_next/static/chunks/node_modules_%40sentry_core_build_esm_1q_qjqh._.js:10515
[76581044ms] [LOG] [Fast Refresh] rebuilding @ http://localhost:3000/_next/static/chunks/node_modules_%40sentry_core_build_esm_1q_qjqh._.js:10515
[76581228ms] [LOG] [Fast Refresh] done in 284ms @ http://localhost:3000/_next/static/chunks/node_modules_%40sentry_core_build_esm_1q_qjqh._.js:10515
[76596007ms] [LOG] [Fast Refresh] rebuilding @ http://localhost:3000/_next/static/chunks/node_modules_%40sentry_core_build_esm_1q_qjqh._.js:10515
[76596219ms] [LOG] [Fast Refresh] done in 314ms @ http://localhost:3000/_next/static/chunks/node_modules_%40sentry_core_build_esm_1q_qjqh._.js:10515
[76622380ms] [ERROR] Failed to load resource: the server responded with a status of 403 () @ https://os.impakers.club/api/external/telemetry/auth:0
[76676091ms] [LOG] [Fast Refresh] rebuilding @ http://localhost:3000/_next/static/chunks/node_modules_%40sentry_core_build_esm_1q_qjqh._.js:10515
[76676345ms] [LOG] [Fast Refresh] done in 355ms @ http://localhost:3000/_next/static/chunks/node_modules_%40sentry_core_build_esm_1q_qjqh._.js:10515
[76680362ms] [ERROR] Failed to load resource: the server responded with a status of 403 () @ https://os.impakers.club/api/external/telemetry/auth:0
[76687532ms] [LOG] [Fast Refresh] rebuilding @ http://localhost:3000/_next/static/chunks/node_modules_%40sentry_core_build_esm_1q_qjqh._.js:10515
[76687994ms] [LOG] [Fast Refresh] done in 562ms @ http://localhost:3000/_next/static/chunks/node_modules_%40sentry_core_build_esm_1q_qjqh._.js:10515
[76699362ms] [LOG] [Fast Refresh] rebuilding @ http://localhost:3000/_next/static/chunks/node_modules_%40sentry_core_build_esm_1q_qjqh._.js:10515
[76699441ms] [LOG] [Fast Refresh] done in 181ms @ http://localhost:3000/_next/static/chunks/node_modules_%40sentry_core_build_esm_1q_qjqh._.js:10515
[76709621ms] [LOG] [Fast Refresh] rebuilding @ http://localhost:3000/_next/static/chunks/node_modules_%40sentry_core_build_esm_1q_qjqh._.js:10515
[76709723ms] [LOG] [Fast Refresh] done in 204ms @ http://localhost:3000/_next/static/chunks/node_modules_%40sentry_core_build_esm_1q_qjqh._.js:10515
[76711617ms] [LOG] [Fast Refresh] rebuilding @ http://localhost:3000/_next/static/chunks/node_modules_%40sentry_core_build_esm_1q_qjqh._.js:10515
[76711831ms] [LOG] [Fast Refresh] done in 199ms @ http://localhost:3000/_next/static/chunks/node_modules_%40sentry_core_build_esm_1q_qjqh._.js:10515
[76718545ms] [LOG] [Fast Refresh] rebuilding @ http://localhost:3000/_next/static/chunks/node_modules_%40sentry_core_build_esm_1q_qjqh._.js:10515
[76718626ms] [LOG] [Fast Refresh] done in 186ms @ http://localhost:3000/_next/static/chunks/node_modules_%40sentry_core_build_esm_1q_qjqh._.js:10515
[76721039ms] [LOG] [Fast Refresh] rebuilding @ http://localhost:3000/_next/static/chunks/node_modules_%40sentry_core_build_esm_1q_qjqh._.js:10515
[76721383ms] [LOG] [Fast Refresh] done in 437ms @ http://localhost:3000/_next/static/chunks/node_modules_%40sentry_core_build_esm_1q_qjqh._.js:10515
[76721702ms] [ERROR] Failed to load resource: the server responded with a status of 404 (Not Found) @ http://localhost:3000/login?redirect=%2Fen%2Fabout&_rsc=qDh8EWPhWRGr9PEZ:0
[76722116ms] [ERROR] Failed to load resource: the server responded with a status of 404 (Not Found) @ http://localhost:3000/login?redirect=%2Fen%2Fabout:0
[76722159ms] [INFO] %cDownload the React DevTools for a better development experience: https://react.dev/link/react-devtools font-weight:bold @ http://localhost:3000/_next/static/chunks/node_modules_%40sentry_core_build_esm_1q_qjqh._.js:10515
[76722174ms] [LOG] [HMR] connected @ http://localhost:3000/_next/static/chunks/node_modules_%40sentry_core_build_esm_1q_qjqh._.js:10515
[76722341ms] [ERROR] Failed to load resource: the server responded with a status of 404 (Not Found) @ http://localhost:3000/login?redirect=%2Fen%2Fabout:0
[76722381ms] [LOG] [UserStoreProvider] Auth event: INITIAL_SESSION @ http://localhost:3000/_next/static/chunks/node_modules_%40sentry_core_build_esm_1q_qjqh._.js:10515
[76723211ms] [ERROR] Failed to load resource: the server responded with a status of 403 () @ https://os.impakers.club/api/external/telemetry/auth:0
[76723249ms] [ERROR] Failed to load resource: the server responded with a status of 403 () @ https://os.impakers.club/api/external/telemetry/auth:0
[76725556ms] [ERROR] Failed to load resource: the server responded with a status of 403 () @ https://os.impakers.club/api/external/telemetry/auth:0
[76728084ms] [LOG] [Fast Refresh] rebuilding @ http://localhost:3000/_next/static/chunks/node_modules_%40sentry_core_build_esm_1q_qjqh._.js:10515
[76729378ms] [LOG] [Fast Refresh] done in 1334ms @ http://localhost:3000/_next/static/chunks/node_modules_%40sentry_core_build_esm_1q_qjqh._.js:10515
[76729558ms] [ERROR] Failed to load resource: the server responded with a status of 404 (Not Found) @ http://localhost:3000/login?redirect=%2Fen%2Fabout&_rsc=qDh8EWPhWRGr9PEZ:0
[76729674ms] [ERROR] Failed to load resource: the server responded with a status of 404 (Not Found) @ http://localhost:3000/login?redirect=%2Fen%2Fabout&_rsc=qDh8EWPhWRGr9PEZ:0
[76729751ms] [LOG] [Fast Refresh] rebuilding @ http://localhost:3000/_next/static/chunks/node_modules_%40sentry_core_build_esm_1q_qjqh._.js:10515
[76729833ms] [LOG] [Fast Refresh] done in 184ms @ http://localhost:3000/_next/static/chunks/node_modules_%40sentry_core_build_esm_1q_qjqh._.js:10515
[76729846ms] [ERROR] Failed to load resource: the server responded with a status of 404 (Not Found) @ http://localhost:3000/login?redirect=%2Fen%2Fabout:0
[76729898ms] [INFO] %cDownload the React DevTools for a better development experience: https://react.dev/link/react-devtools font-weight:bold @ http://localhost:3000/_next/static/chunks/node_modules_%40sentry_core_build_esm_1q_qjqh._.js:10515
[76729937ms] [LOG] [HMR] connected @ http://localhost:3000/_next/static/chunks/node_modules_%40sentry_core_build_esm_1q_qjqh._.js:10515
[76730091ms] [ERROR] Failed to load resource: the server responded with a status of 404 (Not Found) @ http://localhost:3000/login?redirect=%2Fen%2Fabout:0
[76730129ms] [LOG] [UserStoreProvider] Auth event: INITIAL_SESSION @ http://localhost:3000/_next/static/chunks/node_modules_%40sentry_core_build_esm_1q_qjqh._.js:10515
[76730685ms] [ERROR] Failed to load resource: the server responded with a status of 403 () @ https://os.impakers.club/api/external/telemetry/auth:0
[76730685ms] [ERROR] Failed to load resource: the server responded with a status of 403 () @ https://os.impakers.club/api/external/telemetry/auth:0
[76733658ms] [ERROR] Failed to load resource: the server responded with a status of 403 () @ https://os.impakers.club/api/external/telemetry/auth:0
[76764595ms] [LOG] [Fast Refresh] rebuilding @ http://localhost:3000/_next/static/chunks/node_modules_%40sentry_core_build_esm_1q_qjqh._.js:10515
[76764602ms] [LOG] [Fast Refresh] done in 109ms @ http://localhost:3000/_next/static/chunks/node_modules_%40sentry_core_build_esm_1q_qjqh._.js:10515
[76790690ms] [ERROR] Failed to load resource: the server responded with a status of 403 () @ https://os.impakers.club/api/external/telemetry/auth:0
[76850650ms] [ERROR] Failed to load resource: the server responded with a status of 403 () @ https://os.impakers.club/api/external/telemetry/auth:0
[76910679ms] [ERROR] Failed to load resource: the server responded with a status of 403 () @ https://os.impakers.club/api/external/telemetry/auth:0
[76970907ms] [ERROR] Failed to load resource: the server responded with a status of 403 () @ https://os.impakers.club/api/external/telemetry/auth:0
[77030813ms] [ERROR] Failed to load resource: the server responded with a status of 403 () @ https://os.impakers.club/api/external/telemetry/auth:0
[77091145ms] [ERROR] Failed to load resource: the server responded with a status of 403 () @ https://os.impakers.club/api/external/telemetry/auth:0
[77150661ms] [ERROR] Failed to load resource: the server responded with a status of 403 () @ https://os.impakers.club/api/external/telemetry/auth:0
[77172088ms] [LOG] [Fast Refresh] rebuilding @ http://localhost:3000/_next/static/chunks/node_modules_%40sentry_core_build_esm_1q_qjqh._.js:10515
[77172159ms] [LOG] [Fast Refresh] done in 173ms @ http://localhost:3000/_next/static/chunks/node_modules_%40sentry_core_build_esm_1q_qjqh._.js:10515
[77211992ms] [ERROR] Failed to load resource: the server responded with a status of 403 () @ https://os.impakers.club/api/external/telemetry/auth:0
[77270900ms] [ERROR] Failed to load resource: the server responded with a status of 403 () @ https://os.impakers.club/api/external/telemetry/auth:0
[77330626ms] [ERROR] Failed to load resource: the server responded with a status of 403 () @ https://os.impakers.club/api/external/telemetry/auth:0
[77391224ms] [ERROR] Failed to load resource: the server responded with a status of 403 () @ https://os.impakers.club/api/external/telemetry/auth:0
[77450627ms] [ERROR] Failed to load resource: the server responded with a status of 403 () @ https://os.impakers.club/api/external/telemetry/auth:0
[77510700ms] [ERROR] Failed to load resource: the server responded with a status of 403 () @ https://os.impakers.club/api/external/telemetry/auth:0
[77570833ms] [ERROR] Failed to load resource: the server responded with a status of 403 () @ https://os.impakers.club/api/external/telemetry/auth:0
[77630794ms] [ERROR] Failed to load resource: the server responded with a status of 403 () @ https://os.impakers.club/api/external/telemetry/auth:0
[77631441ms] [LOG] [Fast Refresh] rebuilding @ http://localhost:3000/_next/static/chunks/node_modules_%40sentry_core_build_esm_1q_qjqh._.js:10515
[77631988ms] [LOG] [Fast Refresh] done in 644ms @ http://localhost:3000/_next/static/chunks/node_modules_%40sentry_core_build_esm_1q_qjqh._.js:10515
[77632154ms] [LOG] [Fast Refresh] rebuilding @ http://localhost:3000/_next/static/chunks/node_modules_%40sentry_core_build_esm_1q_qjqh._.js:10515
[77632260ms] [LOG] [Fast Refresh] done in 207ms @ http://localhost:3000/_next/static/chunks/node_modules_%40sentry_core_build_esm_1q_qjqh._.js:10515
[77632284ms] [ERROR] Failed to load resource: the server responded with a status of 404 (Not Found) @ http://localhost:3000/login?redirect=%2Fen%2Fabout&_rsc=qDh8EWPhWRGr9PEZ:0
[77632363ms] [ERROR] Failed to load resource: the server responded with a status of 404 (Not Found) @ http://localhost:3000/login?redirect=%2Fen%2Fabout&_rsc=qDh8EWPhWRGr9PEZ:0
[77632434ms] [LOG] [Fast Refresh] rebuilding @ http://localhost:3000/_next/static/chunks/node_modules_%40sentry_core_build_esm_1q_qjqh._.js:10515
[77632546ms] [LOG] [Fast Refresh] done in 214ms @ http://localhost:3000/_next/static/chunks/node_modules_%40sentry_core_build_esm_1q_qjqh._.js:10515
[77632561ms] [ERROR] Failed to load resource: the server responded with a status of 404 (Not Found) @ http://localhost:3000/login?redirect=%2Fen%2Fabout:0
[77632689ms] [INFO] %cDownload the React DevTools for a better development experience: https://react.dev/link/react-devtools font-weight:bold @ http://localhost:3000/_next/static/chunks/node_modules_%40sentry_core_build_esm_1q_qjqh._.js:10515
[77632703ms] [LOG] [HMR] connected @ http://localhost:3000/_next/static/chunks/node_modules_%40sentry_core_build_esm_1q_qjqh._.js:10515
[77632883ms] [ERROR] Failed to load resource: the server responded with a status of 404 (Not Found) @ http://localhost:3000/login?redirect=%2Fen%2Fabout:0
[77632922ms] [LOG] [UserStoreProvider] Auth event: INITIAL_SESSION @ http://localhost:3000/_next/static/chunks/node_modules_%40sentry_core_build_esm_1q_qjqh._.js:10515
[77633354ms] [ERROR] Failed to load resource: the server responded with a status of 403 () @ https://os.impakers.club/api/external/telemetry/auth:0
[77633384ms] [ERROR] Failed to load resource: the server responded with a status of 403 () @ https://os.impakers.club/api/external/telemetry/auth:0
[77636442ms] [ERROR] Failed to load resource: the server responded with a status of 403 () @ https://os.impakers.club/api/external/telemetry/auth:0
[77658287ms] [LOG] [Fast Refresh] rebuilding @ http://localhost:3000/_next/static/chunks/node_modules_%40sentry_core_build_esm_1q_qjqh._.js:10515
[77658344ms] [LOG] [Fast Refresh] done in 157ms @ http://localhost:3000/_next/static/chunks/node_modules_%40sentry_core_build_esm_1q_qjqh._.js:10515
[77658508ms] [LOG] [Fast Refresh] rebuilding @ http://localhost:3000/_next/static/chunks/node_modules_%40sentry_core_build_esm_1q_qjqh._.js:10515
[77658564ms] [LOG] [Fast Refresh] done in 157ms @ http://localhost:3000/_next/static/chunks/node_modules_%40sentry_core_build_esm_1q_qjqh._.js:10515
[77658595ms] [ERROR] Failed to load resource: the server responded with a status of 404 (Not Found) @ http://localhost:3000/login?redirect=%2Fen%2Fabout&_rsc=qDh8EWPhWRGr9PEZ:0
[77658706ms] [ERROR] Failed to load resource: the server responded with a status of 404 (Not Found) @ http://localhost:3000/login?redirect=%2Fen%2Fabout&_rsc=qDh8EWPhWRGr9PEZ:0
[77658839ms] [LOG] [Fast Refresh] rebuilding @ http://localhost:3000/_next/static/chunks/node_modules_%40sentry_core_build_esm_1q_qjqh._.js:10515
[77658913ms] [LOG] [Fast Refresh] done in 174ms @ http://localhost:3000/_next/static/chunks/node_modules_%40sentry_core_build_esm_1q_qjqh._.js:10515
[77658927ms] [ERROR] Failed to load resource: the server responded with a status of 404 (Not Found) @ http://localhost:3000/login?redirect=%2Fen%2Fabout:0
[77658982ms] [INFO] %cDownload the React DevTools for a better development experience: https://react.dev/link/react-devtools font-weight:bold @ http://localhost:3000/_next/static/chunks/node_modules_%40sentry_core_build_esm_1q_qjqh._.js:10515
[77659018ms] [LOG] [HMR] connected @ http://localhost:3000/_next/static/chunks/node_modules_%40sentry_core_build_esm_1q_qjqh._.js:10515
[77659178ms] [ERROR] Failed to load resource: the server responded with a status of 404 (Not Found) @ http://localhost:3000/login?redirect=%2Fen%2Fabout:0
[77659214ms] [LOG] [UserStoreProvider] Auth event: INITIAL_SESSION @ http://localhost:3000/_next/static/chunks/node_modules_%40sentry_core_build_esm_1q_qjqh._.js:10515
[77659761ms] [ERROR] Failed to load resource: the server responded with a status of 403 () @ https://os.impakers.club/api/external/telemetry/auth:0
[77660566ms] [ERROR] Failed to load resource: the server responded with a status of 403 () @ https://os.impakers.club/api/external/telemetry/auth:0
[77663176ms] [ERROR] Failed to load resource: the server responded with a status of 403 () @ https://os.impakers.club/api/external/telemetry/auth:0
[77719728ms] [ERROR] Failed to load resource: the server responded with a status of 403 () @ https://os.impakers.club/api/external/telemetry/auth:0
[77779972ms] [ERROR] Failed to load resource: the server responded with a status of 403 () @ https://os.impakers.club/api/external/telemetry/auth:0
[77839744ms] [ERROR] Failed to load resource: the server responded with a status of 403 () @ https://os.impakers.club/api/external/telemetry/auth:0
[77900004ms] [ERROR] Failed to load resource: the server responded with a status of 403 () @ https://os.impakers.club/api/external/telemetry/auth:0
[77906630ms] [LOG] [Fast Refresh] rebuilding @ http://localhost:3000/_next/static/chunks/node_modules_%40sentry_core_build_esm_1q_qjqh._.js:10515
[77907681ms] [LOG] [Fast Refresh] done in 1152ms @ http://localhost:3000/_next/static/chunks/node_modules_%40sentry_core_build_esm_1q_qjqh._.js:10515
[77959771ms] [ERROR] Failed to load resource: the server responded with a status of 403 () @ https://os.impakers.club/api/external/telemetry/auth:0
[78019735ms] [ERROR] Failed to load resource: the server responded with a status of 403 () @ https://os.impakers.club/api/external/telemetry/auth:0
[78079769ms] [ERROR] Failed to load resource: the server responded with a status of 403 () @ https://os.impakers.club/api/external/telemetry/auth:0
[78139771ms] [ERROR] Failed to load resource: the server responded with a status of 403 () @ https://os.impakers.club/api/external/telemetry/auth:0
[78155149ms] [LOG] [Fast Refresh] rebuilding @ http://localhost:3000/_next/static/chunks/node_modules_%40sentry_core_build_esm_1q_qjqh._.js:10515
[78155264ms] [LOG] [Fast Refresh] done in 217ms @ http://localhost:3000/_next/static/chunks/node_modules_%40sentry_core_build_esm_1q_qjqh._.js:10515
[78199755ms] [ERROR] Failed to load resource: the server responded with a status of 403 () @ https://os.impakers.club/api/external/telemetry/auth:0
[78260214ms] [ERROR] Failed to load resource: the server responded with a status of 403 () @ https://os.impakers.club/api/external/telemetry/auth:0
[78319838ms] [ERROR] Failed to load resource: the server responded with a status of 403 () @ https://os.impakers.club/api/external/telemetry/auth:0
[78379928ms] [ERROR] Failed to load resource: the server responded with a status of 403 () @ https://os.impakers.club/api/external/telemetry/auth:0
[78439776ms] [ERROR] Failed to load resource: the server responded with a status of 403 () @ https://os.impakers.club/api/external/telemetry/auth:0
[78500721ms] [ERROR] Failed to load resource: the server responded with a status of 403 () @ https://os.impakers.club/api/external/telemetry/auth:0
[78533727ms] [LOG] [Fast Refresh] rebuilding @ http://localhost:3000/_next/static/chunks/node_modules_%40sentry_core_build_esm_1q_qjqh._.js:10515
[78533911ms] [LOG] [Fast Refresh] done in 279ms @ http://localhost:3000/_next/static/chunks/node_modules_%40sentry_core_build_esm_1q_qjqh._.js:10515
[78544597ms] [LOG] [Fast Refresh] rebuilding @ http://localhost:3000/_next/static/chunks/node_modules_%40sentry_core_build_esm_1q_qjqh._.js:10515
[78544735ms] [LOG] [Fast Refresh] done in 231ms @ http://localhost:3000/_next/static/chunks/node_modules_%40sentry_core_build_esm_1q_qjqh._.js:10515
[78554118ms] [LOG] [Fast Refresh] rebuilding @ http://localhost:3000/_next/static/chunks/node_modules_%40sentry_core_build_esm_1q_qjqh._.js:10515
[78554145ms] [LOG] [Fast Refresh] done in 118ms @ http://localhost:3000/_next/static/chunks/node_modules_%40sentry_core_build_esm_1q_qjqh._.js:10515
[78560200ms] [ERROR] Failed to load resource: the server responded with a status of 403 () @ https://os.impakers.club/api/external/telemetry/auth:0
[78565772ms] [LOG] [Fast Refresh] rebuilding @ http://localhost:3000/_next/static/chunks/node_modules_%40sentry_core_build_esm_1q_qjqh._.js:10515
[78565796ms] [LOG] [Fast Refresh] done in 115ms @ http://localhost:3000/_next/static/chunks/node_modules_%40sentry_core_build_esm_1q_qjqh._.js:10515
[78619995ms] [ERROR] Failed to load resource: the server responded with a status of 403 () @ https://os.impakers.club/api/external/telemetry/auth:0
[78680165ms] [ERROR] Failed to load resource: the server responded with a status of 403 () @ https://os.impakers.club/api/external/telemetry/auth:0
[78710055ms] [LOG] [Fast Refresh] rebuilding @ http://localhost:3000/_next/static/chunks/node_modules_%40sentry_core_build_esm_1q_qjqh._.js:10515
[78710285ms] [LOG] [Fast Refresh] done in 331ms @ http://localhost:3000/_next/static/chunks/node_modules_%40sentry_core_build_esm_1q_qjqh._.js:10515
[78740031ms] [ERROR] Failed to load resource: the server responded with a status of 403 () @ https://os.impakers.club/api/external/telemetry/auth:0
[78785798ms] [LOG] [Fast Refresh] rebuilding @ http://localhost:3000/_next/static/chunks/node_modules_%40sentry_core_build_esm_1q_qjqh._.js:10515
[78785855ms] [LOG] [Fast Refresh] done in 150ms @ http://localhost:3000/_next/static/chunks/node_modules_%40sentry_core_build_esm_1q_qjqh._.js:10515
[78795825ms] [LOG] [Fast Refresh] rebuilding @ http://localhost:3000/_next/static/chunks/node_modules_%40sentry_core_build_esm_1q_qjqh._.js:10515
[78796145ms] [LOG] [Fast Refresh] done in 419ms @ http://localhost:3000/_next/static/chunks/node_modules_%40sentry_core_build_esm_1q_qjqh._.js:10515
[78796352ms] [LOG] [Fast Refresh] rebuilding @ http://localhost:3000/_next/static/chunks/node_modules_%40sentry_core_build_esm_1q_qjqh._.js:10515
[78796470ms] [LOG] [Fast Refresh] done in 220ms @ http://localhost:3000/_next/static/chunks/node_modules_%40sentry_core_build_esm_1q_qjqh._.js:10515
[78796510ms] [ERROR] Failed to load resource: the server responded with a status of 404 (Not Found) @ http://localhost:3000/login?redirect=%2Fen%2Fabout&_rsc=qDh8EWPhWRGr9PEZ:0
[78796579ms] [ERROR] Failed to load resource: the server responded with a status of 404 (Not Found) @ http://localhost:3000/login?redirect=%2Fen%2Fabout&_rsc=qDh8EWPhWRGr9PEZ:0
[78796661ms] [LOG] [Fast Refresh] rebuilding @ http://localhost:3000/_next/static/chunks/node_modules_%40sentry_core_build_esm_1q_qjqh._.js:10515
[78796801ms] [LOG] [Fast Refresh] done in 243ms @ http://localhost:3000/_next/static/chunks/node_modules_%40sentry_core_build_esm_1q_qjqh._.js:10515
[78796817ms] [ERROR] Failed to load resource: the server responded with a status of 404 (Not Found) @ http://localhost:3000/login?redirect=%2Fen%2Fabout:0
[78796926ms] [LOG] [Client Instrumentation Hook] Slow execution detected: 31ms (Note: Code download overhead is not included in this measurement) @ http://localhost:3000/_next/static/chunks/node_modules_%40sentry_core_build_esm_1q_qjqh._.js:10515
[78796928ms] [INFO] %cDownload the React DevTools for a better development experience: https://react.dev/link/react-devtools font-weight:bold @ http://localhost:3000/_next/static/chunks/node_modules_%40sentry_core_build_esm_1q_qjqh._.js:10515
[78796953ms] [LOG] [HMR] connected @ http://localhost:3000/_next/static/chunks/node_modules_%40sentry_core_build_esm_1q_qjqh._.js:10515
[78797080ms] [LOG] [UserStoreProvider] Auth event: INITIAL_SESSION @ http://localhost:3000/_next/static/chunks/node_modules_%40sentry_core_build_esm_1q_qjqh._.js:10515
[78797089ms] [ERROR] Failed to load resource: the server responded with a status of 404 (Not Found) @ http://localhost:3000/login?redirect=%2Fen%2Fabout:0
[78800753ms] [ERROR] Failed to load resource: the server responded with a status of 403 () @ https://os.impakers.club/api/external/telemetry/auth:0
[78801072ms] [ERROR] Failed to load resource: the server responded with a status of 403 () @ https://os.impakers.club/api/external/telemetry/auth:0
[78803932ms] [ERROR] Failed to load resource: the server responded with a status of 403 () @ https://os.impakers.club/api/external/telemetry/auth:0
[78807490ms] [LOG] [Fast Refresh] rebuilding @ http://localhost:3000/_next/static/chunks/node_modules_%40sentry_core_build_esm_1q_qjqh._.js:10515
[78807523ms] [LOG] [Fast Refresh] done in 134ms @ http://localhost:3000/_next/static/chunks/node_modules_%40sentry_core_build_esm_1q_qjqh._.js:10515
[78860331ms] [ERROR] Failed to load resource: the server responded with a status of 403 () @ https://os.impakers.club/api/external/telemetry/auth:0
[78918645ms] [ERROR] Failed to load resource: the server responded with a status of 403 () @ https://os.impakers.club/api/external/telemetry/auth:0
[78959183ms] [LOG] [Fast Refresh] rebuilding @ http://localhost:3000/_next/static/chunks/node_modules_%40sentry_core_build_esm_1q_qjqh._.js:10515
[78959777ms] [LOG] [Fast Refresh] done in 692ms @ http://localhost:3000/_next/static/chunks/node_modules_%40sentry_core_build_esm_1q_qjqh._.js:10515
[78977650ms] [ERROR] Failed to load resource: the server responded with a status of 403 () @ https://os.impakers.club/api/external/telemetry/auth:0
[79037729ms] [ERROR] Failed to load resource: the server responded with a status of 403 () @ https://os.impakers.club/api/external/telemetry/auth:0
[79097871ms] [ERROR] Failed to load resource: the server responded with a status of 403 () @ https://os.impakers.club/api/external/telemetry/auth:0
[79157730ms] [ERROR] Failed to load resource: the server responded with a status of 403 () @ https://os.impakers.club/api/external/telemetry/auth:0
[79216316ms] [LOG] [Fast Refresh] rebuilding @ http://localhost:3000/_next/static/chunks/node_modules_%40sentry_core_build_esm_1q_qjqh._.js:10515
[79217803ms] [ERROR] Failed to load resource: the server responded with a status of 403 () @ https://os.impakers.club/api/external/telemetry/auth:0
[79228714ms] [LOG] [Fast Refresh] done in 12495ms @ http://localhost:3000/_next/static/chunks/node_modules_%40sentry_core_build_esm_1q_qjqh._.js:10515
[79228821ms] [LOG] [Fast Refresh] rebuilding @ http://localhost:3000/_next/static/chunks/node_modules_%40sentry_core_build_esm_1q_qjqh._.js:10515
[79228959ms] [LOG] [Fast Refresh] done in 239ms @ http://localhost:3000/_next/static/chunks/node_modules_%40sentry_core_build_esm_1q_qjqh._.js:10515
[79277672ms] [ERROR] Failed to load resource: the server responded with a status of 403 () @ https://os.impakers.club/api/external/telemetry/auth:0
[79337693ms] [ERROR] Failed to load resource: the server responded with a status of 403 () @ https://os.impakers.club/api/external/telemetry/auth:0
[79368049ms] [LOG] [Fast Refresh] rebuilding @ http://localhost:3000/_next/static/chunks/node_modules_%40sentry_core_build_esm_1q_qjqh._.js:10515
[79368492ms] [LOG] [Fast Refresh] done in 478ms @ http://localhost:3000/_next/static/chunks/node_modules_%40sentry_core_build_esm_1q_qjqh._.js:10515
[79368691ms] [LOG] [Fast Refresh] rebuilding @ http://localhost:3000/_next/static/chunks/node_modules_%40sentry_core_build_esm_1q_qjqh._.js:10515
[79368836ms] [LOG] [Fast Refresh] done in 247ms @ http://localhost:3000/_next/static/chunks/node_modules_%40sentry_core_build_esm_1q_qjqh._.js:10515
[79368868ms] [ERROR] Failed to load resource: the server responded with a status of 404 (Not Found) @ http://localhost:3000/login?redirect=%2Fen%2Fabout&_rsc=qDh8EWPhWRGr9PEZ:0
[79368957ms] [ERROR] Failed to load resource: the server responded with a status of 404 (Not Found) @ http://localhost:3000/login?redirect=%2Fen%2Fabout&_rsc=qDh8EWPhWRGr9PEZ:0
[79369041ms] [LOG] [Fast Refresh] rebuilding @ http://localhost:3000/_next/static/chunks/node_modules_%40sentry_core_build_esm_1q_qjqh._.js:10515
[79369165ms] [LOG] [Fast Refresh] done in 225ms @ http://localhost:3000/_next/static/chunks/node_modules_%40sentry_core_build_esm_1q_qjqh._.js:10515
[79369177ms] [ERROR] Failed to load resource: the server responded with a status of 404 (Not Found) @ http://localhost:3000/login?redirect=%2Fen%2Fabout:0
[79369258ms] [INFO] %cDownload the React DevTools for a better development experience: https://react.dev/link/react-devtools font-weight:bold @ http://localhost:3000/_next/static/chunks/node_modules_%40sentry_core_build_esm_1q_qjqh._.js:10515
[79369324ms] [LOG] [HMR] connected @ http://localhost:3000/_next/static/chunks/node_modules_%40sentry_core_build_esm_1q_qjqh._.js:10515
[79369477ms] [ERROR] Failed to load resource: the server responded with a status of 404 (Not Found) @ http://localhost:3000/login?redirect=%2Fen%2Fabout:0
[79369516ms] [LOG] [UserStoreProvider] Auth event: INITIAL_SESSION @ http://localhost:3000/_next/static/chunks/node_modules_%40sentry_core_build_esm_1q_qjqh._.js:10515
[79370142ms] [ERROR] Failed to load resource: the server responded with a status of 403 () @ https://os.impakers.club/api/external/telemetry/auth:0
[79370143ms] [ERROR] Failed to load resource: the server responded with a status of 403 () @ https://os.impakers.club/api/external/telemetry/auth:0
[79372707ms] [ERROR] Failed to load resource: the server responded with a status of 403 () @ https://os.impakers.club/api/external/telemetry/auth:0
[79426071ms] [LOG] [Fast Refresh] rebuilding @ http://localhost:3000/_next/static/chunks/node_modules_%40sentry_core_build_esm_1q_qjqh._.js:10515
[79426197ms] [LOG] [Fast Refresh] done in 203ms @ http://localhost:3000/_next/static/chunks/node_modules_%40sentry_core_build_esm_1q_qjqh._.js:10515
[79430091ms] [ERROR] Failed to load resource: the server responded with a status of 403 () @ https://os.impakers.club/api/external/telemetry/auth:0
[79434781ms] [LOG] [Fast Refresh] rebuilding @ http://localhost:3000/_next/static/chunks/node_modules_%40sentry_core_build_esm_1q_qjqh._.js:10515
[79434899ms] [LOG] [Fast Refresh] done in 198ms @ http://localhost:3000/_next/static/chunks/node_modules_%40sentry_core_build_esm_1q_qjqh._.js:10515
[79490083ms] [ERROR] Failed to load resource: the server responded with a status of 403 () @ https://os.impakers.club/api/external/telemetry/auth:0
[79550120ms] [ERROR] Failed to load resource: the server responded with a status of 403 () @ https://os.impakers.club/api/external/telemetry/auth:0
[79610450ms] [ERROR] Failed to load resource: the server responded with a status of 403 () @ https://os.impakers.club/api/external/telemetry/auth:0
[79669825ms] [LOG] [Fast Refresh] rebuilding @ http://localhost:3000/_next/static/chunks/node_modules_%40sentry_core_build_esm_1q_qjqh._.js:10515
[79669888ms] [LOG] [Fast Refresh] done in 139ms @ http://localhost:3000/_next/static/chunks/node_modules_%40sentry_core_build_esm_1q_qjqh._.js:10515
[79670086ms] [ERROR] Failed to load resource: the server responded with a status of 403 () @ https://os.impakers.club/api/external/telemetry/auth:0
[79679656ms] [LOG] [Fast Refresh] rebuilding @ http://localhost:3000/_next/static/chunks/node_modules_%40sentry_core_build_esm_1q_qjqh._.js:10515
[79679697ms] [LOG] [Fast Refresh] done in 123ms @ http://localhost:3000/_next/static/chunks/node_modules_%40sentry_core_build_esm_1q_qjqh._.js:10515
[79692612ms] [LOG] [Fast Refresh] rebuilding @ http://localhost:3000/_next/static/chunks/node_modules_%40sentry_core_build_esm_1q_qjqh._.js:10515
[79692734ms] [LOG] [Fast Refresh] done in 200ms @ http://localhost:3000/_next/static/chunks/node_modules_%40sentry_core_build_esm_1q_qjqh._.js:10515
[79721776ms] [LOG] [Fast Refresh] rebuilding @ http://localhost:3000/_next/static/chunks/node_modules_%40sentry_core_build_esm_1q_qjqh._.js:10515
[79722226ms] [LOG] [Fast Refresh] done in 547ms @ http://localhost:3000/_next/static/chunks/node_modules_%40sentry_core_build_esm_1q_qjqh._.js:10515
[79722557ms] [ERROR] Failed to load resource: the server responded with a status of 404 (Not Found) @ http://localhost:3000/login?redirect=%2Fen%2Fabout&_rsc=qDh8EWPhWRGr9PEZ:0
[79722701ms] [ERROR] Failed to load resource: the server responded with a status of 404 (Not Found) @ http://localhost:3000/login?redirect=%2Fen%2Fabout&_rsc=qDh8EWPhWRGr9PEZ:0
[79722836ms] [LOG] [Fast Refresh] rebuilding @ http://localhost:3000/_next/static/chunks/node_modules_%40sentry_core_build_esm_1q_qjqh._.js:10515
[79722923ms] [LOG] [Fast Refresh] done in 188ms @ http://localhost:3000/_next/static/chunks/node_modules_%40sentry_core_build_esm_1q_qjqh._.js:10515
[79722939ms] [ERROR] Failed to load resource: the server responded with a status of 404 (Not Found) @ http://localhost:3000/login?redirect=%2Fen%2Fabout:0
[79723014ms] [INFO] %cDownload the React DevTools for a better development experience: https://react.dev/link/react-devtools font-weight:bold @ http://localhost:3000/_next/static/chunks/node_modules_%40sentry_core_build_esm_1q_qjqh._.js:10515
[79723039ms] [LOG] [HMR] connected @ http://localhost:3000/_next/static/chunks/node_modules_%40sentry_core_build_esm_1q_qjqh._.js:10515
[79723151ms] [LOG] [UserStoreProvider] Auth event: INITIAL_SESSION @ http://localhost:3000/_next/static/chunks/node_modules_%40sentry_core_build_esm_1q_qjqh._.js:10515
[79723155ms] [ERROR] Failed to load resource: the server responded with a status of 404 (Not Found) @ http://localhost:3000/login?redirect=%2Fen%2Fabout:0
[79723909ms] [ERROR] Failed to load resource: the server responded with a status of 403 () @ https://os.impakers.club/api/external/telemetry/auth:0
[79723980ms] [ERROR] Failed to load resource: the server responded with a status of 403 () @ https://os.impakers.club/api/external/telemetry/auth:0
[79726898ms] [ERROR] Failed to load resource: the server responded with a status of 403 () @ https://os.impakers.club/api/external/telemetry/auth:0
[79734204ms] [LOG] [Fast Refresh] rebuilding @ http://localhost:3000/_next/static/chunks/node_modules_%40sentry_core_build_esm_1q_qjqh._.js:10515
[79734364ms] [LOG] [Fast Refresh] done in 245ms @ http://localhost:3000/_next/static/chunks/node_modules_%40sentry_core_build_esm_1q_qjqh._.js:10515
[79742423ms] [LOG] [Fast Refresh] rebuilding @ http://localhost:3000/_next/static/chunks/node_modules_%40sentry_core_build_esm_1q_qjqh._.js:10515
[79742595ms] [LOG] [Fast Refresh] done in 261ms @ http://localhost:3000/_next/static/chunks/node_modules_%40sentry_core_build_esm_1q_qjqh._.js:10515
[79770310ms] [LOG] [Fast Refresh] rebuilding @ http://localhost:3000/_next/static/chunks/node_modules_%40sentry_core_build_esm_1q_qjqh._.js:10515
[79770691ms] [LOG] [Fast Refresh] done in 484ms @ http://localhost:3000/_next/static/chunks/node_modules_%40sentry_core_build_esm_1q_qjqh._.js:10515
[79783871ms] [ERROR] Failed to load resource: the server responded with a status of 403 () @ https://os.impakers.club/api/external/telemetry/auth:0
[79822880ms] [LOG] [Fast Refresh] rebuilding @ http://localhost:3000/_next/static/chunks/node_modules_%40sentry_core_build_esm_1q_qjqh._.js:10515
[79822944ms] [LOG] [Fast Refresh] done in 160ms @ http://localhost:3000/_next/static/chunks/node_modules_%40sentry_core_build_esm_1q_qjqh._.js:10515
[79844229ms] [ERROR] Failed to load resource: the server responded with a status of 403 () @ https://os.impakers.club/api/external/telemetry/auth:0
[79844802ms] [LOG] [Fast Refresh] rebuilding @ http://localhost:3000/_next/static/chunks/node_modules_%40sentry_core_build_esm_1q_qjqh._.js:10515
[79844823ms] [LOG] [Fast Refresh] done in 112ms @ http://localhost:3000/_next/static/chunks/node_modules_%40sentry_core_build_esm_1q_qjqh._.js:10515
[79851205ms] [LOG] [Fast Refresh] rebuilding @ http://localhost:3000/_next/static/chunks/node_modules_%40sentry_core_build_esm_1q_qjqh._.js:10515
[79851251ms] [LOG] [Fast Refresh] done in 133ms @ http://localhost:3000/_next/static/chunks/node_modules_%40sentry_core_build_esm_1q_qjqh._.js:10515
[79859471ms] [LOG] [Fast Refresh] rebuilding @ http://localhost:3000/_next/static/chunks/node_modules_%40sentry_core_build_esm_1q_qjqh._.js:10515
[79859533ms] [LOG] [Fast Refresh] done in 153ms @ http://localhost:3000/_next/static/chunks/node_modules_%40sentry_core_build_esm_1q_qjqh._.js:10515
[79864788ms] [LOG] [Fast Refresh] rebuilding @ http://localhost:3000/_next/static/chunks/node_modules_%40sentry_core_build_esm_1q_qjqh._.js:10515
[79864797ms] [LOG] [Fast Refresh] done in 104ms @ http://localhost:3000/_next/static/chunks/node_modules_%40sentry_core_build_esm_1q_qjqh._.js:10515
[79874999ms] [LOG] [Fast Refresh] rebuilding @ http://localhost:3000/_next/static/chunks/node_modules_%40sentry_core_build_esm_1q_qjqh._.js:10515
[79875037ms] [LOG] [Fast Refresh] done in 132ms @ http://localhost:3000/_next/static/chunks/node_modules_%40sentry_core_build_esm_1q_qjqh._.js:10515
[79903869ms] [ERROR] Failed to load resource: the server responded with a status of 403 () @ https://os.impakers.club/api/external/telemetry/auth:0
[79963914ms] [ERROR] Failed to load resource: the server responded with a status of 403 () @ https://os.impakers.club/api/external/telemetry/auth:0
[80024472ms] [ERROR] Failed to load resource: the server responded with a status of 403 () @ https://os.impakers.club/api/external/telemetry/auth:0
[80061570ms] [LOG] [Fast Refresh] rebuilding @ http://localhost:3000/_next/static/chunks/node_modules_%40sentry_core_build_esm_1q_qjqh._.js:10515
[80061792ms] [LOG] [Fast Refresh] done in 308ms @ http://localhost:3000/_next/static/chunks/node_modules_%40sentry_core_build_esm_1q_qjqh._.js:10515
[80084041ms] [ERROR] Failed to load resource: the server responded with a status of 403 () @ https://os.impakers.club/api/external/telemetry/auth:0
[80144346ms] [ERROR] Failed to load resource: the server responded with a status of 403 () @ https://os.impakers.club/api/external/telemetry/auth:0
[80204015ms] [ERROR] Failed to load resource: the server responded with a status of 403 () @ https://os.impakers.club/api/external/telemetry/auth:0
[80263779ms] [ERROR] Failed to load resource: the server responded with a status of 403 () @ https://os.impakers.club/api/external/telemetry/auth:0
[80384550ms] [ERROR] Failed to load resource: the server responded with a status of 403 () @ https://os.impakers.club/api/external/telemetry/auth:0
[80384554ms] [ERROR] Failed to load resource: the server responded with a status of 403 () @ https://os.impakers.club/api/external/telemetry/auth:0
[80433989ms] [LOG] [Fast Refresh] rebuilding @ http://localhost:3000/_next/static/chunks/node_modules_%40sentry_core_build_esm_1q_qjqh._.js:10515
[80434239ms] [LOG] [Fast Refresh] done in 351ms @ http://localhost:3000/_next/static/chunks/node_modules_%40sentry_core_build_esm_1q_qjqh._.js:10515
[80445417ms] [ERROR] Failed to load resource: the server responded with a status of 403 () @ https://os.impakers.club/api/external/telemetry/auth:0
[80448367ms] [LOG] [Fast Refresh] rebuilding @ http://localhost:3000/_next/static/chunks/node_modules_%40sentry_core_build_esm_1q_qjqh._.js:10515
[80448540ms] [LOG] [Fast Refresh] done in 257ms @ http://localhost:3000/_next/static/chunks/node_modules_%40sentry_core_build_esm_1q_qjqh._.js:10515
[80461238ms] [LOG] [Fast Refresh] rebuilding @ http://localhost:3000/_next/static/chunks/node_modules_%40sentry_core_build_esm_1q_qjqh._.js:10515
[80461278ms] [LOG] [Fast Refresh] done in 134ms @ http://localhost:3000/_next/static/chunks/node_modules_%40sentry_core_build_esm_1q_qjqh._.js:10515
[80468087ms] [LOG] [Fast Refresh] rebuilding @ http://localhost:3000/_next/static/chunks/node_modules_%40sentry_core_build_esm_1q_qjqh._.js:10515
[80468116ms] [LOG] [Fast Refresh] done in 124ms @ http://localhost:3000/_next/static/chunks/node_modules_%40sentry_core_build_esm_1q_qjqh._.js:10515
[80475059ms] [LOG] [Fast Refresh] rebuilding @ http://localhost:3000/_next/static/chunks/node_modules_%40sentry_core_build_esm_1q_qjqh._.js:10515
[80475120ms] [LOG] [Fast Refresh] done in 154ms @ http://localhost:3000/_next/static/chunks/node_modules_%40sentry_core_build_esm_1q_qjqh._.js:10515
[80482346ms] [LOG] [Fast Refresh] rebuilding @ http://localhost:3000/_next/static/chunks/node_modules_%40sentry_core_build_esm_1q_qjqh._.js:10515
[80482402ms] [LOG] [Fast Refresh] done in 150ms @ http://localhost:3000/_next/static/chunks/node_modules_%40sentry_core_build_esm_1q_qjqh._.js:10515
[80491645ms] [LOG] [Fast Refresh] rebuilding @ http://localhost:3000/_next/static/chunks/node_modules_%40sentry_core_build_esm_1q_qjqh._.js:10515
[80491692ms] [LOG] [Fast Refresh] done in 141ms @ http://localhost:3000/_next/static/chunks/node_modules_%40sentry_core_build_esm_1q_qjqh._.js:10515
[80503711ms] [LOG] [Fast Refresh] rebuilding @ http://localhost:3000/_next/static/chunks/node_modules_%40sentry_core_build_esm_1q_qjqh._.js:10515
[80503749ms] [LOG] [Fast Refresh] done in 130ms @ http://localhost:3000/_next/static/chunks/node_modules_%40sentry_core_build_esm_1q_qjqh._.js:10515
[80529715ms] [LOG] [Fast Refresh] rebuilding @ http://localhost:3000/_next/static/chunks/node_modules_%40sentry_core_build_esm_1q_qjqh._.js:10515
[80529784ms] [LOG] [Fast Refresh] done in 166ms @ http://localhost:3000/_next/static/chunks/node_modules_%40sentry_core_build_esm_1q_qjqh._.js:10515
[80535266ms] [ERROR] Failed to load resource: the server responded with a status of 403 () @ https://os.impakers.club/api/external/telemetry/auth:0
[80539058ms] [LOG] [Fast Refresh] rebuilding @ http://localhost:3000/_next/static/chunks/node_modules_%40sentry_core_build_esm_1q_qjqh._.js:10515
[80539106ms] [LOG] [Fast Refresh] done in 142ms @ http://localhost:3000/_next/static/chunks/node_modules_%40sentry_core_build_esm_1q_qjqh._.js:10515
[80540293ms] [LOG] [Fast Refresh] rebuilding @ http://localhost:3000/_next/static/chunks/node_modules_%40sentry_core_build_esm_1q_qjqh._.js:10515
[80540320ms] [LOG] [Fast Refresh] done in 85ms @ http://localhost:3000/_next/static/chunks/node_modules_%40sentry_core_build_esm_1q_qjqh._.js:10515
[80545679ms] [LOG] [Fast Refresh] rebuilding @ http://localhost:3000/_next/static/chunks/node_modules_%40sentry_core_build_esm_1q_qjqh._.js:10515
[80545740ms] [LOG] [Fast Refresh] done in 136ms @ http://localhost:3000/_next/static/chunks/node_modules_%40sentry_core_build_esm_1q_qjqh._.js:10515
[80574960ms] [ERROR] Failed to load resource: the server responded with a status of 403 () @ https://os.impakers.club/api/external/telemetry/auth:0
[80613398ms] [LOG] [Fast Refresh] rebuilding @ http://localhost:3000/_next/static/chunks/node_modules_%40sentry_core_build_esm_1q_qjqh._.js:10515
[80613461ms] [LOG] [Fast Refresh] done in 135ms @ http://localhost:3000/_next/static/chunks/node_modules_%40sentry_core_build_esm_1q_qjqh._.js:10515
[80623875ms] [LOG] [Fast Refresh] rebuilding @ http://localhost:3000/_next/static/chunks/node_modules_%40sentry_core_build_esm_1q_qjqh._.js:10515
[80623901ms] [LOG] [Fast Refresh] done in 88ms @ http://localhost:3000/_next/static/chunks/node_modules_%40sentry_core_build_esm_1q_qjqh._.js:10515
[80626867ms] [ERROR] Failed to load resource: the server responded with a status of 403 () @ https://os.impakers.club/api/external/telemetry/auth:0
[80657006ms] [LOG] [Fast Refresh] rebuilding @ http://localhost:3000/_next/static/chunks/node_modules_%40sentry_core_build_esm_1q_qjqh._.js:10515
[80657080ms] [LOG] [Fast Refresh] done in 170ms @ http://localhost:3000/_next/static/chunks/node_modules_%40sentry_core_build_esm_1q_qjqh._.js:10515
[80658995ms] [LOG] [Fast Refresh] rebuilding @ http://localhost:3000/_next/static/chunks/node_modules_%40sentry_core_build_esm_1q_qjqh._.js:10515
[80663062ms] [LOG] [Fast Refresh] done in 4168ms @ http://localhost:3000/_next/static/chunks/node_modules_%40sentry_core_build_esm_1q_qjqh._.js:10515
[80686416ms] [ERROR] Failed to load resource: the server responded with a status of 403 () @ https://os.impakers.club/api/external/telemetry/auth:0
[80744472ms] [ERROR] Failed to load resource: the server responded with a status of 403 () @ https://os.impakers.club/api/external/telemetry/auth:0
[80804235ms] [ERROR] Failed to load resource: the server responded with a status of 403 () @ https://os.impakers.club/api/external/telemetry/auth:0
[80814299ms] [LOG] [Fast Refresh] rebuilding @ http://localhost:3000/_next/static/chunks/node_modules_%40sentry_core_build_esm_1q_qjqh._.js:10515
[80814482ms] [LOG] [Fast Refresh] done in 267ms @ http://localhost:3000/_next/static/chunks/node_modules_%40sentry_core_build_esm_1q_qjqh._.js:10515
[80825555ms] [LOG] [Fast Refresh] rebuilding @ http://localhost:3000/_next/static/chunks/node_modules_%40sentry_core_build_esm_1q_qjqh._.js:10515
[80825829ms] [LOG] [Fast Refresh] done in 353ms @ http://localhost:3000/_next/static/chunks/node_modules_%40sentry_core_build_esm_1q_qjqh._.js:10515
[80865571ms] [ERROR] Failed to load resource: the server responded with a status of 403 () @ https://os.impakers.club/api/external/telemetry/auth:0
[80885884ms] [LOG] [Fast Refresh] rebuilding @ http://localhost:3000/_next/static/chunks/node_modules_%40sentry_core_build_esm_1q_qjqh._.js:10515
[80885971ms] [LOG] [Fast Refresh] done in 182ms @ http://localhost:3000/_next/static/chunks/node_modules_%40sentry_core_build_esm_1q_qjqh._.js:10515
[80897765ms] [LOG] [Fast Refresh] rebuilding @ http://localhost:3000/_next/static/chunks/node_modules_%40sentry_core_build_esm_1q_qjqh._.js:10515
[80898424ms] [LOG] [Fast Refresh] done in 760ms @ http://localhost:3000/_next/static/chunks/node_modules_%40sentry_core_build_esm_1q_qjqh._.js:10515
[80898593ms] [LOG] [Fast Refresh] rebuilding @ http://localhost:3000/_next/static/chunks/node_modules_%40sentry_core_build_esm_1q_qjqh._.js:10515
[80898692ms] [LOG] [Fast Refresh] done in 199ms @ http://localhost:3000/_next/static/chunks/node_modules_%40sentry_core_build_esm_1q_qjqh._.js:10515
[80898754ms] [ERROR] Failed to load resource: the server responded with a status of 404 (Not Found) @ http://localhost:3000/login?redirect=%2Fen%2Fabout&_rsc=qDh8EWPhWRGr9PEZ:0
[80898859ms] [ERROR] Failed to load resource: the server responded with a status of 404 (Not Found) @ http://localhost:3000/login?redirect=%2Fen%2Fabout&_rsc=qDh8EWPhWRGr9PEZ:0
[80899006ms] [LOG] [Fast Refresh] rebuilding @ http://localhost:3000/_next/static/chunks/node_modules_%40sentry_core_build_esm_1q_qjqh._.js:10515
[80899146ms] [LOG] [Fast Refresh] done in 240ms @ http://localhost:3000/_next/static/chunks/node_modules_%40sentry_core_build_esm_1q_qjqh._.js:10515
[80899168ms] [ERROR] Failed to load resource: the server responded with a status of 404 (Not Found) @ http://localhost:3000/login?redirect=%2Fen%2Fabout:0
[80899274ms] [LOG] [Client Instrumentation Hook] Slow execution detected: 23ms (Note: Code download overhead is not included in this measurement) @ http://localhost:3000/_next/static/chunks/node_modules_%40sentry_core_build_esm_1q_qjqh._.js:10515
[80899277ms] [INFO] %cDownload the React DevTools for a better development experience: https://react.dev/link/react-devtools font-weight:bold @ http://localhost:3000/_next/static/chunks/node_modules_%40sentry_core_build_esm_1q_qjqh._.js:10515
[80899328ms] [LOG] [HMR] connected @ http://localhost:3000/_next/static/chunks/node_modules_%40sentry_core_build_esm_1q_qjqh._.js:10515
[80899441ms] [LOG] [UserStoreProvider] Auth event: INITIAL_SESSION @ http://localhost:3000/_next/static/chunks/node_modules_%40sentry_core_build_esm_1q_qjqh._.js:10515
[80899459ms] [ERROR] Failed to load resource: the server responded with a status of 404 (Not Found) @ http://localhost:3000/login?redirect=%2Fen%2Fabout:0
[80900270ms] [ERROR] Failed to load resource: the server responded with a status of 403 () @ https://os.impakers.club/api/external/telemetry/auth:0
[80900319ms] [ERROR] Failed to load resource: the server responded with a status of 403 () @ https://os.impakers.club/api/external/telemetry/auth:0
[80903367ms] [ERROR] Failed to load resource: the server responded with a status of 403 () @ https://os.impakers.club/api/external/telemetry/auth:0
[80937341ms] [LOG] [Fast Refresh] rebuilding @ http://localhost:3000/_next/static/chunks/node_modules_%40sentry_core_build_esm_1q_qjqh._.js:10515
[80937388ms] [LOG] [Fast Refresh] done in 148ms @ http://localhost:3000/_next/static/chunks/node_modules_%40sentry_core_build_esm_1q_qjqh._.js:10515
[80960306ms] [ERROR] Failed to load resource: the server responded with a status of 403 () @ https://os.impakers.club/api/external/telemetry/auth:0
[80982183ms] [LOG] [Fast Refresh] rebuilding @ http://localhost:3000/_next/static/chunks/node_modules_%40sentry_core_build_esm_1q_qjqh._.js:10515
[80982770ms] [LOG] [Fast Refresh] done in 654ms @ http://localhost:3000/_next/static/chunks/node_modules_%40sentry_core_build_esm_1q_qjqh._.js:10515
[81020305ms] [ERROR] Failed to load resource: the server responded with a status of 403 () @ https://os.impakers.club/api/external/telemetry/auth:0
[81071031ms] [LOG] [Fast Refresh] rebuilding @ http://localhost:3000/_next/static/chunks/node_modules_%40sentry_core_build_esm_1q_qjqh._.js:10515
[81071211ms] [LOG] [Fast Refresh] done in 268ms @ http://localhost:3000/_next/static/chunks/node_modules_%40sentry_core_build_esm_1q_qjqh._.js:10515
[81078879ms] [LOG] [Fast Refresh] rebuilding @ http://localhost:3000/_next/static/chunks/node_modules_%40sentry_core_build_esm_1q_qjqh._.js:10515
[81079013ms] [LOG] [Fast Refresh] done in 215ms @ http://localhost:3000/_next/static/chunks/node_modules_%40sentry_core_build_esm_1q_qjqh._.js:10515
[81080238ms] [ERROR] Failed to load resource: the server responded with a status of 403 () @ https://os.impakers.club/api/external/telemetry/auth:0
[81085958ms] [LOG] [Fast Refresh] rebuilding @ http://localhost:3000/_next/static/chunks/node_modules_%40sentry_core_build_esm_1q_qjqh._.js:10515
[81085985ms] [LOG] [Fast Refresh] done in 110ms @ http://localhost:3000/_next/static/chunks/node_modules_%40sentry_core_build_esm_1q_qjqh._.js:10515
[81106942ms] [LOG] [Fast Refresh] rebuilding @ http://localhost:3000/_next/static/chunks/node_modules_%40sentry_core_build_esm_1q_qjqh._.js:10515
[81107054ms] [LOG] [Fast Refresh] done in 108ms @ http://localhost:3000/_next/static/chunks/node_modules_%40sentry_core_build_esm_1q_qjqh._.js:10515
[81140245ms] [ERROR] Failed to load resource: the server responded with a status of 403 () @ https://os.impakers.club/api/external/telemetry/auth:0
[81145933ms] [LOG] [Fast Refresh] rebuilding @ http://localhost:3000/_next/static/chunks/node_modules_%40sentry_core_build_esm_1q_qjqh._.js:10515
[81145970ms] [LOG] [Fast Refresh] done in 138ms @ http://localhost:3000/_next/static/chunks/node_modules_%40sentry_core_build_esm_1q_qjqh._.js:10515
[81146072ms] [LOG] [Fast Refresh] rebuilding @ http://localhost:3000/_next/static/chunks/node_modules_%40sentry_core_build_esm_1q_qjqh._.js:10515
[81146411ms] [LOG] [Fast Refresh] done in 440ms @ http://localhost:3000/_next/static/chunks/node_modules_%40sentry_core_build_esm_1q_qjqh._.js:10515
[81165120ms] [LOG] [Fast Refresh] rebuilding @ http://localhost:3000/_next/static/chunks/node_modules_%40sentry_core_build_esm_1q_qjqh._.js:10515
[81165170ms] [LOG] [Fast Refresh] done in 126ms @ http://localhost:3000/_next/static/chunks/node_modules_%40sentry_core_build_esm_1q_qjqh._.js:10515
[81188206ms] [LOG] [Fast Refresh] rebuilding @ http://localhost:3000/_next/static/chunks/node_modules_%40sentry_core_build_esm_1q_qjqh._.js:10515
[81188303ms] [LOG] [Fast Refresh] done in 187ms @ http://localhost:3000/_next/static/chunks/node_modules_%40sentry_core_build_esm_1q_qjqh._.js:10515
[81200222ms] [ERROR] Failed to load resource: the server responded with a status of 403 () @ https://os.impakers.club/api/external/telemetry/auth:0
[81205125ms] [LOG] [Fast Refresh] rebuilding @ http://localhost:3000/_next/static/chunks/node_modules_%40sentry_core_build_esm_1q_qjqh._.js:10515
[81205195ms] [LOG] [Fast Refresh] done in 168ms @ http://localhost:3000/_next/static/chunks/node_modules_%40sentry_core_build_esm_1q_qjqh._.js:10515
[81211819ms] [LOG] [Fast Refresh] rebuilding @ http://localhost:3000/_next/static/chunks/node_modules_%40sentry_core_build_esm_1q_qjqh._.js:10515
[81211850ms] [LOG] [Fast Refresh] done in 124ms @ http://localhost:3000/_next/static/chunks/node_modules_%40sentry_core_build_esm_1q_qjqh._.js:10515
[81223588ms] [LOG] [Fast Refresh] rebuilding @ http://localhost:3000/_next/static/chunks/node_modules_%40sentry_core_build_esm_1q_qjqh._.js:10515
[81223649ms] [LOG] [Fast Refresh] done in 158ms @ http://localhost:3000/_next/static/chunks/node_modules_%40sentry_core_build_esm_1q_qjqh._.js:10515
[81239571ms] [LOG] [Fast Refresh] rebuilding @ http://localhost:3000/_next/static/chunks/node_modules_%40sentry_core_build_esm_1q_qjqh._.js:10515
[81239642ms] [LOG] [Fast Refresh] done in 168ms @ http://localhost:3000/_next/static/chunks/node_modules_%40sentry_core_build_esm_1q_qjqh._.js:10515
[81246948ms] [LOG] [Fast Refresh] rebuilding @ http://localhost:3000/_next/static/chunks/node_modules_%40sentry_core_build_esm_1q_qjqh._.js:10515
[81247096ms] [LOG] [Fast Refresh] done in 232ms @ http://localhost:3000/_next/static/chunks/node_modules_%40sentry_core_build_esm_1q_qjqh._.js:10515
[81248840ms] [LOG] [Fast Refresh] rebuilding @ http://localhost:3000/_next/static/chunks/node_modules_%40sentry_core_build_esm_1q_qjqh._.js:10515
[81248881ms] [LOG] [Fast Refresh] done in 117ms @ http://localhost:3000/_next/static/chunks/node_modules_%40sentry_core_build_esm_1q_qjqh._.js:10515
[81254167ms] [LOG] [Fast Refresh] rebuilding @ http://localhost:3000/_next/static/chunks/node_modules_%40sentry_core_build_esm_1q_qjqh._.js:10515
[81254192ms] [LOG] [Fast Refresh] done in 92ms @ http://localhost:3000/_next/static/chunks/node_modules_%40sentry_core_build_esm_1q_qjqh._.js:10515
[81260496ms] [ERROR] Failed to load resource: the server responded with a status of 403 () @ https://os.impakers.club/api/external/telemetry/auth:0
[81273759ms] [LOG] [Fast Refresh] rebuilding @ http://localhost:3000/_next/static/chunks/node_modules_%40sentry_core_build_esm_1q_qjqh._.js:10515
[81273815ms] [LOG] [Fast Refresh] done in 153ms @ http://localhost:3000/_next/static/chunks/node_modules_%40sentry_core_build_esm_1q_qjqh._.js:10515
[81296782ms] [LOG] [Fast Refresh] rebuilding @ http://localhost:3000/_next/static/chunks/node_modules_%40sentry_core_build_esm_1q_qjqh._.js:10515
[81296835ms] [LOG] [Fast Refresh] done in 152ms @ http://localhost:3000/_next/static/chunks/node_modules_%40sentry_core_build_esm_1q_qjqh._.js:10515
[81321350ms] [ERROR] Failed to load resource: the server responded with a status of 403 () @ https://os.impakers.club/api/external/telemetry/auth:0
[81380286ms] [ERROR] Failed to load resource: the server responded with a status of 403 () @ https://os.impakers.club/api/external/telemetry/auth:0
[81440870ms] [ERROR] Failed to load resource: the server responded with a status of 403 () @ https://os.impakers.club/api/external/telemetry/auth:0
[81500666ms] [ERROR] Failed to load resource: the server responded with a status of 403 () @ https://os.impakers.club/api/external/telemetry/auth:0
[81529912ms] [LOG] [Fast Refresh] rebuilding @ http://localhost:3000/_next/static/chunks/node_modules_%40sentry_core_build_esm_1q_qjqh._.js:10515
[81529966ms] [LOG] [Fast Refresh] done in 157ms @ http://localhost:3000/_next/static/chunks/node_modules_%40sentry_core_build_esm_1q_qjqh._.js:10515
[81560526ms] [ERROR] Failed to load resource: the server responded with a status of 403 () @ https://os.impakers.club/api/external/telemetry/auth:0
[81620955ms] [ERROR] Failed to load resource: the server responded with a status of 403 () @ https://os.impakers.club/api/external/telemetry/auth:0
[81655240ms] [LOG] [Fast Refresh] rebuilding @ http://localhost:3000/_next/static/chunks/node_modules_%40sentry_core_build_esm_1q_qjqh._.js:10515
[81655674ms] [LOG] [Fast Refresh] done in 529ms @ http://localhost:3000/_next/static/chunks/node_modules_%40sentry_core_build_esm_1q_qjqh._.js:10515
[81680340ms] [ERROR] Failed to load resource: the server responded with a status of 403 () @ https://os.impakers.club/api/external/telemetry/auth:0
[81692442ms] [LOG] [HMR] connected @ http://localhost:3000/_next/static/chunks/node_modules_%40sentry_core_build_esm_1q_qjqh._.js:10515
[82724827ms] [ERROR] Failed to load resource: the server responded with a status of 403 () @ https://os.impakers.club/api/external/telemetry/auth:0
[82784545ms] [ERROR] Failed to load resource: the server responded with a status of 403 () @ https://os.impakers.club/api/external/telemetry/auth:0
[82843809ms] [LOG] [HMR] connected @ http://localhost:3000/_next/static/chunks/node_modules_%40sentry_core_build_esm_1q_qjqh._.js:10515
[82844737ms] [ERROR] Failed to load resource: the server responded with a status of 403 () @ https://os.impakers.club/api/external/telemetry/auth:0
[83112903ms] [ERROR] Failed to load resource: the server responded with a status of 403 () @ https://os.impakers.club/api/external/telemetry/auth:0
[83172468ms] [ERROR] Failed to load resource: the server responded with a status of 403 () @ https://os.impakers.club/api/external/telemetry/auth:0
[83232974ms] [ERROR] Failed to load resource: the server responded with a status of 403 () @ https://os.impakers.club/api/external/telemetry/auth:0
[83292882ms] [ERROR] Failed to load resource: the server responded with a status of 403 () @ https://os.impakers.club/api/external/telemetry/auth:0
[83352714ms] [ERROR] Failed to load resource: the server responded with a status of 403 () @ https://os.impakers.club/api/external/telemetry/auth:0
[83412620ms] [ERROR] Failed to load resource: the server responded with a status of 403 () @ https://os.impakers.club/api/external/telemetry/auth:0
[83472490ms] [ERROR] Failed to load resource: the server responded with a status of 403 () @ https://os.impakers.club/api/external/telemetry/auth:0
[83532882ms] [ERROR] Failed to load resource: the server responded with a status of 403 () @ https://os.impakers.club/api/external/telemetry/auth:0
[83589351ms] [LOG] [Fast Refresh] rebuilding @ http://localhost:3000/_next/static/chunks/node_modules_%40sentry_core_build_esm_1q_qjqh._.js:10515
[83589461ms] [LOG] [Fast Refresh] done in 213ms @ http://localhost:3000/_next/static/chunks/node_modules_%40sentry_core_build_esm_1q_qjqh._.js:10515
[83590034ms] [LOG] [Fast Refresh] rebuilding @ http://localhost:3000/_next/static/chunks/node_modules_%40sentry_core_build_esm_1q_qjqh._.js:10515
[83590100ms] [LOG] [Fast Refresh] done in 168ms @ http://localhost:3000/_next/static/chunks/node_modules_%40sentry_core_build_esm_1q_qjqh._.js:10515
[83593614ms] [ERROR] Failed to load resource: the server responded with a status of 403 () @ https://os.impakers.club/api/external/telemetry/auth:0
[83652548ms] [ERROR] Failed to load resource: the server responded with a status of 403 () @ https://os.impakers.club/api/external/telemetry/auth:0
[83713028ms] [ERROR] Failed to load resource: the server responded with a status of 403 () @ https://os.impakers.club/api/external/telemetry/auth:0
[83726695ms] [LOG] [Fast Refresh] rebuilding @ http://localhost:3000/_next/static/chunks/node_modules_%40sentry_core_build_esm_1q_qjqh._.js:10515
[83726981ms] [LOG] [Fast Refresh] done in 385ms @ http://localhost:3000/_next/static/chunks/node_modules_%40sentry_core_build_esm_1q_qjqh._.js:10515
[83751324ms] [LOG] [Fast Refresh] rebuilding @ http://localhost:3000/_next/static/chunks/node_modules_%40sentry_core_build_esm_1q_qjqh._.js:10515
[83751554ms] [LOG] [Fast Refresh] done in 321ms @ http://localhost:3000/_next/static/chunks/node_modules_%40sentry_core_build_esm_1q_qjqh._.js:10515
[83759171ms] [LOG] [Fast Refresh] rebuilding @ http://localhost:3000/_next/static/chunks/node_modules_%40sentry_core_build_esm_1q_qjqh._.js:10515
[83759359ms] [LOG] [Fast Refresh] done in 283ms @ http://localhost:3000/_next/static/chunks/node_modules_%40sentry_core_build_esm_1q_qjqh._.js:10515
[83771376ms] [LOG] [Fast Refresh] rebuilding @ http://localhost:3000/_next/static/chunks/node_modules_%40sentry_core_build_esm_1q_qjqh._.js:10515
[83771633ms] [LOG] [Fast Refresh] done in 353ms @ http://localhost:3000/_next/static/chunks/node_modules_%40sentry_core_build_esm_1q_qjqh._.js:10515
[83772614ms] [ERROR] Failed to load resource: the server responded with a status of 403 () @ https://os.impakers.club/api/external/telemetry/auth:0
[83783950ms] [LOG] [Fast Refresh] rebuilding @ http://localhost:3000/_next/static/chunks/node_modules_%40sentry_core_build_esm_1q_qjqh._.js:10515
[83784174ms] [LOG] [Fast Refresh] done in 320ms @ http://localhost:3000/_next/static/chunks/node_modules_%40sentry_core_build_esm_1q_qjqh._.js:10515
[83833184ms] [ERROR] Failed to load resource: the server responded with a status of 403 () @ https://os.impakers.club/api/external/telemetry/auth:0
[83892909ms] [ERROR] Failed to load resource: the server responded with a status of 403 () @ https://os.impakers.club/api/external/telemetry/auth:0
[83952649ms] [ERROR] Failed to load resource: the server responded with a status of 403 () @ https://os.impakers.club/api/external/telemetry/auth:0
[84012790ms] [ERROR] Failed to load resource: the server responded with a status of 403 () @ https://os.impakers.club/api/external/telemetry/auth:0
[84033346ms] [LOG] [Fast Refresh] rebuilding @ http://localhost:3000/_next/static/chunks/node_modules_%40sentry_core_build_esm_1q_qjqh._.js:10515
[84033613ms] [LOG] [Fast Refresh] done in 363ms @ http://localhost:3000/_next/static/chunks/node_modules_%40sentry_core_build_esm_1q_qjqh._.js:10515
[84052342ms] [LOG] [Fast Refresh] rebuilding @ http://localhost:3000/_next/static/chunks/node_modules_%40sentry_core_build_esm_1q_qjqh._.js:10515
[84052560ms] [LOG] [Fast Refresh] done in 312ms @ http://localhost:3000/_next/static/chunks/node_modules_%40sentry_core_build_esm_1q_qjqh._.js:10515
[84059370ms] [LOG] [Fast Refresh] rebuilding @ http://localhost:3000/_next/static/chunks/node_modules_%40sentry_core_build_esm_1q_qjqh._.js:10515
[84059520ms] [LOG] [Fast Refresh] done in 245ms @ http://localhost:3000/_next/static/chunks/node_modules_%40sentry_core_build_esm_1q_qjqh._.js:10515
[84072719ms] [ERROR] Failed to load resource: the server responded with a status of 403 () @ https://os.impakers.club/api/external/telemetry/auth:0
[84132639ms] [ERROR] Failed to load resource: the server responded with a status of 403 () @ https://os.impakers.club/api/external/telemetry/auth:0
[84155673ms] [LOG] [Fast Refresh] rebuilding @ http://localhost:3000/_next/static/chunks/node_modules_%40sentry_core_build_esm_1q_qjqh._.js:10515
[84156104ms] [LOG] [Fast Refresh] done in 525ms @ http://localhost:3000/_next/static/chunks/node_modules_%40sentry_core_build_esm_1q_qjqh._.js:10515
[84192819ms] [ERROR] Failed to load resource: the server responded with a status of 403 () @ https://os.impakers.club/api/external/telemetry/auth:0
[84253057ms] [ERROR] Failed to load resource: the server responded with a status of 403 () @ https://os.impakers.club/api/external/telemetry/auth:0
[84312954ms] [ERROR] Failed to load resource: the server responded with a status of 403 () @ https://os.impakers.club/api/external/telemetry/auth:0
[84372571ms] [ERROR] Failed to load resource: the server responded with a status of 403 () @ https://os.impakers.club/api/external/telemetry/auth:0
[84404513ms] [LOG] [Fast Refresh] rebuilding @ http://localhost:3000/_next/static/chunks/node_modules_%40sentry_core_build_esm_1q_qjqh._.js:10515
[84404818ms] [LOG] [Fast Refresh] done in 407ms @ http://localhost:3000/_next/static/chunks/node_modules_%40sentry_core_build_esm_1q_qjqh._.js:10515
[84404920ms] [LOG] [Fast Refresh] rebuilding @ http://localhost:3000/_next/static/chunks/node_modules_%40sentry_core_build_esm_1q_qjqh._.js:10515
[84405408ms] [LOG] [Fast Refresh] done in 590ms @ http://localhost:3000/_next/static/chunks/node_modules_%40sentry_core_build_esm_1q_qjqh._.js:10515
[84432501ms] [ERROR] Failed to load resource: the server responded with a status of 403 () @ https://os.impakers.club/api/external/telemetry/auth:0
[84492527ms] [ERROR] Failed to load resource: the server responded with a status of 403 () @ https://os.impakers.club/api/external/telemetry/auth:0
[84552722ms] [ERROR] Failed to load resource: the server responded with a status of 403 () @ https://os.impakers.club/api/external/telemetry/auth:0
[84576923ms] [LOG] [Fast Refresh] rebuilding @ http://localhost:3000/_next/static/chunks/node_modules_%40sentry_core_build_esm_1q_qjqh._.js:10515
[84578278ms] [LOG] [Fast Refresh] done in 1453ms @ http://localhost:3000/_next/static/chunks/node_modules_%40sentry_core_build_esm_1q_qjqh._.js:10515
[84578479ms] [LOG] [Fast Refresh] rebuilding @ http://localhost:3000/_next/static/chunks/node_modules_%40sentry_core_build_esm_1q_qjqh._.js:10515
[84578606ms] [LOG] [Fast Refresh] done in 229ms @ http://localhost:3000/_next/static/chunks/node_modules_%40sentry_core_build_esm_1q_qjqh._.js:10515
[84578707ms] [LOG] [Fast Refresh] rebuilding @ http://localhost:3000/_next/static/chunks/node_modules_%40sentry_core_build_esm_1q_qjqh._.js:10515
[84578807ms] [ERROR] Failed to load resource: the server responded with a status of 404 (Not Found) @ http://localhost:3000/login?redirect=%2Fen%2Fabout&_rsc=qDh8EWPhWRGr9PEZ:0
[84578909ms] [ERROR] Failed to load resource: the server responded with a status of 404 (Not Found) @ http://localhost:3000/login?redirect=%2Fen%2Fabout&_rsc=qDh8EWPhWRGr9PEZ:0
[84579114ms] [LOG] [Fast Refresh] done in 507ms @ http://localhost:3000/_next/static/chunks/node_modules_%40sentry_core_build_esm_1q_qjqh._.js:10515
[84579136ms] [LOG] [Fast Refresh] rebuilding @ http://localhost:3000/_next/static/chunks/node_modules_%40sentry_core_build_esm_1q_qjqh._.js:10515
[84579152ms] [LOG] [Fast Refresh] done in 26ms @ http://localhost:3000/_next/static/chunks/node_modules_%40sentry_core_build_esm_1q_qjqh._.js:10515
[84579165ms] [ERROR] Failed to load resource: the server responded with a status of 404 (Not Found) @ http://localhost:3000/login?redirect=%2Fen%2Fabout:0
[84579259ms] [LOG] [Client Instrumentation Hook] Slow execution detected: 17ms (Note: Code download overhead is not included in this measurement) @ http://localhost:3000/_next/static/chunks/node_modules_%40sentry_core_build_esm_1q_qjqh._.js:10515
[84579262ms] [INFO] %cDownload the React DevTools for a better development experience: https://react.dev/link/react-devtools font-weight:bold @ http://localhost:3000/_next/static/chunks/node_modules_%40sentry_core_build_esm_1q_qjqh._.js:10515
[84579407ms] [LOG] [HMR] connected @ http://localhost:3000/_next/static/chunks/node_modules_%40sentry_core_build_esm_1q_qjqh._.js:10515
[84579507ms] [LOG] [UserStoreProvider] Auth event: INITIAL_SESSION @ http://localhost:3000/_next/static/chunks/node_modules_%40sentry_core_build_esm_1q_qjqh._.js:10515
[84579521ms] [ERROR] Failed to load resource: the server responded with a status of 404 (Not Found) @ http://localhost:3000/login?redirect=%2Fen%2Fabout:0
[84580680ms] [ERROR] Failed to load resource: the server responded with a status of 403 () @ https://os.impakers.club/api/external/telemetry/auth:0
[84580742ms] [ERROR] Failed to load resource: the server responded with a status of 403 () @ https://os.impakers.club/api/external/telemetry/auth:0
[84584404ms] [ERROR] Failed to load resource: the server responded with a status of 403 () @ https://os.impakers.club/api/external/telemetry/auth:0
[84602363ms] [LOG] [Fast Refresh] rebuilding @ http://localhost:3000/_next/static/chunks/node_modules_%40sentry_core_build_esm_1q_qjqh._.js:10515
[84602647ms] [LOG] [Fast Refresh] done in 381ms @ http://localhost:3000/_next/static/chunks/node_modules_%40sentry_core_build_esm_1q_qjqh._.js:10515
[84640150ms] [LOG] [Fast Refresh] rebuilding @ http://localhost:3000/_next/static/chunks/node_modules_%40sentry_core_build_esm_1q_qjqh._.js:10515
[84640304ms] [LOG] [Fast Refresh] done in 252ms @ http://localhost:3000/_next/static/chunks/node_modules_%40sentry_core_build_esm_1q_qjqh._.js:10515
[84640718ms] [ERROR] Failed to load resource: the server responded with a status of 403 () @ https://os.impakers.club/api/external/telemetry/auth:0
[84655173ms] [LOG] [Fast Refresh] rebuilding @ http://localhost:3000/_next/static/chunks/node_modules_%40sentry_core_build_esm_1q_qjqh._.js:10515
[84655406ms] [LOG] [Fast Refresh] done in 329ms @ http://localhost:3000/_next/static/chunks/node_modules_%40sentry_core_build_esm_1q_qjqh._.js:10515
[84656615ms] [LOG] [Fast Refresh] rebuilding @ http://localhost:3000/_next/static/chunks/node_modules_%40sentry_core_build_esm_1q_qjqh._.js:10515
[84656770ms] [LOG] [Fast Refresh] done in 240ms @ http://localhost:3000/_next/static/chunks/node_modules_%40sentry_core_build_esm_1q_qjqh._.js:10515
[84661859ms] [LOG] [Fast Refresh] rebuilding @ http://localhost:3000/_next/static/chunks/node_modules_%40sentry_core_build_esm_1q_qjqh._.js:10515
[84662007ms] [LOG] [Fast Refresh] done in 244ms @ http://localhost:3000/_next/static/chunks/node_modules_%40sentry_core_build_esm_1q_qjqh._.js:10515
[84668967ms] [LOG] [Fast Refresh] rebuilding @ http://localhost:3000/_next/static/chunks/node_modules_%40sentry_core_build_esm_1q_qjqh._.js:10515
[84669450ms] [LOG] [Fast Refresh] done in 583ms @ http://localhost:3000/_next/static/chunks/node_modules_%40sentry_core_build_esm_1q_qjqh._.js:10515
[84669695ms] [LOG] [Fast Refresh] rebuilding @ http://localhost:3000/_next/static/chunks/node_modules_%40sentry_core_build_esm_1q_qjqh._.js:10515
[84669804ms] [LOG] [Fast Refresh] done in 209ms @ http://localhost:3000/_next/static/chunks/node_modules_%40sentry_core_build_esm_1q_qjqh._.js:10515
[84669866ms] [ERROR] Failed to load resource: the server responded with a status of 404 (Not Found) @ http://localhost:3000/login?redirect=%2Fen%2Fabout&_rsc=qDh8EWPhWRGr9PEZ:0
[84669991ms] [ERROR] Failed to load resource: the server responded with a status of 404 (Not Found) @ http://localhost:3000/login?redirect=%2Fen%2Fabout&_rsc=qDh8EWPhWRGr9PEZ:0
[84670045ms] [LOG] [Fast Refresh] rebuilding @ http://localhost:3000/_next/static/chunks/node_modules_%40sentry_core_build_esm_1q_qjqh._.js:10515
[84670047ms] [LOG] [Fast Refresh] done in 103ms @ http://localhost:3000/_next/static/chunks/node_modules_%40sentry_core_build_esm_1q_qjqh._.js:10515
[84670353ms] [ERROR] Failed to load resource: the server responded with a status of 404 (Not Found) @ http://localhost:3000/login?redirect=%2Fen%2Fabout:0
[84670512ms] [INFO] %cDownload the React DevTools for a better development experience: https://react.dev/link/react-devtools font-weight:bold @ http://localhost:3000/_next/static/chunks/node_modules_%40sentry_core_build_esm_1q_qjqh._.js:10515
[84670545ms] [LOG] [HMR] connected @ http://localhost:3000/_next/static/chunks/node_modules_%40sentry_core_build_esm_1q_qjqh._.js:10515
[84670754ms] [ERROR] Failed to load resource: the server responded with a status of 404 (Not Found) @ http://localhost:3000/login?redirect=%2Fen%2Fabout:0
[84670832ms] [LOG] [UserStoreProvider] Auth event: INITIAL_SESSION @ http://localhost:3000/_next/static/chunks/node_modules_%40sentry_core_build_esm_1q_qjqh._.js:10515
[84672112ms] [ERROR] Failed to load resource: the server responded with a status of 403 () @ https://os.impakers.club/api/external/telemetry/auth:0
[84672114ms] [ERROR] Failed to load resource: the server responded with a status of 403 () @ https://os.impakers.club/api/external/telemetry/auth:0
[84674217ms] [ERROR] Failed to load resource: the server responded with a status of 403 () @ https://os.impakers.club/api/external/telemetry/auth:0
[84685160ms] [LOG] [Fast Refresh] rebuilding @ http://localhost:3000/_next/static/chunks/node_modules_%40sentry_core_build_esm_1q_qjqh._.js:10515
[84685213ms] [LOG] [Fast Refresh] done in 142ms @ http://localhost:3000/_next/static/chunks/node_modules_%40sentry_core_build_esm_1q_qjqh._.js:10515
[84691176ms] [LOG] [Fast Refresh] rebuilding @ http://localhost:3000/_next/static/chunks/node_modules_%40sentry_core_build_esm_1q_qjqh._.js:10515
[84691209ms] [LOG] [Fast Refresh] done in 120ms @ http://localhost:3000/_next/static/chunks/node_modules_%40sentry_core_build_esm_1q_qjqh._.js:10515
[84709333ms] [LOG] [Fast Refresh] rebuilding @ http://localhost:3000/_next/static/chunks/node_modules_%40sentry_core_build_esm_1q_qjqh._.js:10515
[84709359ms] [LOG] [Fast Refresh] done in 112ms @ http://localhost:3000/_next/static/chunks/node_modules_%40sentry_core_build_esm_1q_qjqh._.js:10515
[84711092ms] [LOG] [Fast Refresh] rebuilding @ http://localhost:3000/_next/static/chunks/node_modules_%40sentry_core_build_esm_1q_qjqh._.js:10515
[84711111ms] [LOG] [Fast Refresh] done in 106ms @ http://localhost:3000/_next/static/chunks/node_modules_%40sentry_core_build_esm_1q_qjqh._.js:10515
[84712642ms] [LOG] [Fast Refresh] rebuilding @ http://localhost:3000/_next/static/chunks/node_modules_%40sentry_core_build_esm_1q_qjqh._.js:10515
[84712661ms] [LOG] [Fast Refresh] done in 99ms @ http://localhost:3000/_next/static/chunks/node_modules_%40sentry_core_build_esm_1q_qjqh._.js:10515
[84731500ms] [ERROR] Failed to load resource: the server responded with a status of 403 () @ https://os.impakers.club/api/external/telemetry/auth:0
[84769726ms] [LOG] [Fast Refresh] rebuilding @ http://localhost:3000/_next/static/chunks/node_modules_%40sentry_core_build_esm_1q_qjqh._.js:10515
[84769819ms] [LOG] [Fast Refresh] done in 195ms @ http://localhost:3000/_next/static/chunks/node_modules_%40sentry_core_build_esm_1q_qjqh._.js:10515
[84792166ms] [ERROR] Failed to load resource: the server responded with a status of 403 () @ https://os.impakers.club/api/external/telemetry/auth:0
[84851560ms] [ERROR] Failed to load resource: the server responded with a status of 403 () @ https://os.impakers.club/api/external/telemetry/auth:0
[84911518ms] [ERROR] Failed to load resource: the server responded with a status of 403 () @ https://os.impakers.club/api/external/telemetry/auth:0
[84971489ms] [ERROR] Failed to load resource: the server responded with a status of 403 () @ https://os.impakers.club/api/external/telemetry/auth:0
[85026137ms] [LOG] [Fast Refresh] rebuilding @ http://localhost:3000/_next/static/chunks/node_modules_%40sentry_core_build_esm_1q_qjqh._.js:10515
[85026401ms] [LOG] [Fast Refresh] done in 359ms @ http://localhost:3000/_next/static/chunks/node_modules_%40sentry_core_build_esm_1q_qjqh._.js:10515
[85031670ms] [ERROR] Failed to load resource: the server responded with a status of 403 () @ https://os.impakers.club/api/external/telemetry/auth:0
[85091669ms] [ERROR] Failed to load resource: the server responded with a status of 403 () @ https://os.impakers.club/api/external/telemetry/auth:0
[85103343ms] [LOG] [Fast Refresh] rebuilding @ http://localhost:3000/_next/static/chunks/node_modules_%40sentry_core_build_esm_1q_qjqh._.js:10515
[85103705ms] [LOG] [Fast Refresh] done in 464ms @ http://localhost:3000/_next/static/chunks/node_modules_%40sentry_core_build_esm_1q_qjqh._.js:10515
[85109488ms] [LOG] [Fast Refresh] rebuilding @ http://localhost:3000/_next/static/chunks/node_modules_%40sentry_core_build_esm_1q_qjqh._.js:10515
[85109648ms] [LOG] [Fast Refresh] done in 255ms @ http://localhost:3000/_next/static/chunks/node_modules_%40sentry_core_build_esm_1q_qjqh._.js:10515
[85126293ms] [LOG] [Fast Refresh] rebuilding @ http://localhost:3000/_next/static/chunks/node_modules_%40sentry_core_build_esm_1q_qjqh._.js:10515
[85126575ms] [LOG] [Fast Refresh] done in 381ms @ http://localhost:3000/_next/static/chunks/node_modules_%40sentry_core_build_esm_1q_qjqh._.js:10515
[85151463ms] [ERROR] Failed to load resource: the server responded with a status of 403 () @ https://os.impakers.club/api/external/telemetry/auth:0
[85199200ms] [LOG] [Fast Refresh] rebuilding @ http://localhost:3000/_next/static/chunks/node_modules_%40sentry_core_build_esm_1q_qjqh._.js:10515
[85199486ms] [LOG] [Fast Refresh] done in 382ms @ http://localhost:3000/_next/static/chunks/node_modules_%40sentry_core_build_esm_1q_qjqh._.js:10515
[85203946ms] [LOG] [Fast Refresh] rebuilding @ http://localhost:3000/_next/static/chunks/node_modules_%40sentry_core_build_esm_1q_qjqh._.js:10515
[85204422ms] [LOG] [Fast Refresh] done in 576ms @ http://localhost:3000/_next/static/chunks/node_modules_%40sentry_core_build_esm_1q_qjqh._.js:10515
[85204628ms] [LOG] [Fast Refresh] rebuilding @ http://localhost:3000/_next/static/chunks/node_modules_%40sentry_core_build_esm_1q_qjqh._.js:10515
[85204745ms] [LOG] [Fast Refresh] done in 218ms @ http://localhost:3000/_next/static/chunks/node_modules_%40sentry_core_build_esm_1q_qjqh._.js:10515
[85204806ms] [ERROR] Failed to load resource: the server responded with a status of 404 (Not Found) @ http://localhost:3000/login?redirect=%2Fen%2Fabout&_rsc=qDh8EWPhWRGr9PEZ:0
[85204919ms] [ERROR] Failed to load resource: the server responded with a status of 404 (Not Found) @ http://localhost:3000/login?redirect=%2Fen%2Fabout&_rsc=qDh8EWPhWRGr9PEZ:0
[85205058ms] [LOG] [Fast Refresh] rebuilding @ http://localhost:3000/_next/static/chunks/node_modules_%40sentry_core_build_esm_1q_qjqh._.js:10515
[85205218ms] [LOG] [Fast Refresh] done in 262ms @ http://localhost:3000/_next/static/chunks/node_modules_%40sentry_core_build_esm_1q_qjqh._.js:10515
[85205249ms] [ERROR] Failed to load resource: the server responded with a status of 404 (Not Found) @ http://localhost:3000/login?redirect=%2Fen%2Fabout:0
[85205420ms] [INFO] %cDownload the React DevTools for a better development experience: https://react.dev/link/react-devtools font-weight:bold @ http://localhost:3000/_next/static/chunks/node_modules_%40sentry_core_build_esm_1q_qjqh._.js:10515
[85205446ms] [LOG] [HMR] connected @ http://localhost:3000/_next/static/chunks/node_modules_%40sentry_core_build_esm_1q_qjqh._.js:10515
[85205666ms] [ERROR] Failed to load resource: the server responded with a status of 404 (Not Found) @ http://localhost:3000/login?redirect=%2Fen%2Fabout:0
[85205757ms] [LOG] [UserStoreProvider] Auth event: INITIAL_SESSION @ http://localhost:3000/_next/static/chunks/node_modules_%40sentry_core_build_esm_1q_qjqh._.js:10515
[85206252ms] [LOG] [Fast Refresh] rebuilding @ http://localhost:3000/_next/static/chunks/node_modules_%40sentry_core_build_esm_1q_qjqh._.js:10515
[85206285ms] [LOG] [Fast Refresh] done in 134ms @ http://localhost:3000/_next/static/chunks/node_modules_%40sentry_core_build_esm_1q_qjqh._.js:10515
[85209433ms] [ERROR] Failed to load resource: the server responded with a status of 403 () @ https://os.impakers.club/api/external/telemetry/auth:0
[85209890ms] [ERROR] Failed to load resource: the server responded with a status of 403 () @ https://os.impakers.club/api/external/telemetry/auth:0
[85210108ms] [ERROR] Failed to load resource: the server responded with a status of 403 () @ https://os.impakers.club/api/external/telemetry/auth:0
[85244868ms] [LOG] [Fast Refresh] rebuilding @ http://localhost:3000/_next/static/chunks/node_modules_%40sentry_core_build_esm_1q_qjqh._.js:10515
[85244891ms] [LOG] [Fast Refresh] done in 125ms @ http://localhost:3000/_next/static/chunks/node_modules_%40sentry_core_build_esm_1q_qjqh._.js:10515
[85264317ms] [LOG] [Fast Refresh] rebuilding @ http://localhost:3000/_next/static/chunks/node_modules_%40sentry_core_build_esm_1q_qjqh._.js:10515
[85264605ms] [LOG] [Fast Refresh] done in 384ms @ http://localhost:3000/_next/static/chunks/node_modules_%40sentry_core_build_esm_1q_qjqh._.js:10515
[85266470ms] [ERROR] Failed to load resource: the server responded with a status of 403 () @ https://os.impakers.club/api/external/telemetry/auth:0
[85326426ms] [ERROR] Failed to load resource: the server responded with a status of 403 () @ https://os.impakers.club/api/external/telemetry/auth:0
[85386480ms] [ERROR] Failed to load resource: the server responded with a status of 403 () @ https://os.impakers.club/api/external/telemetry/auth:0
[85445147ms] [LOG] [Fast Refresh] rebuilding @ http://localhost:3000/_next/static/chunks/node_modules_%40sentry_core_build_esm_1q_qjqh._.js:10515
[85445421ms] [LOG] [Fast Refresh] done in 370ms @ http://localhost:3000/_next/static/chunks/node_modules_%40sentry_core_build_esm_1q_qjqh._.js:10515
[85446489ms] [ERROR] Failed to load resource: the server responded with a status of 403 () @ https://os.impakers.club/api/external/telemetry/auth:0
[85495605ms] [LOG] [Fast Refresh] rebuilding @ http://localhost:3000/_next/static/chunks/node_modules_%40sentry_core_build_esm_1q_qjqh._.js:10515
[85495918ms] [LOG] [Fast Refresh] done in 409ms @ http://localhost:3000/_next/static/chunks/node_modules_%40sentry_core_build_esm_1q_qjqh._.js:10515
[85506447ms] [ERROR] Failed to load resource: the server responded with a status of 403 () @ https://os.impakers.club/api/external/telemetry/auth:0
[85566416ms] [ERROR] Failed to load resource: the server responded with a status of 403 () @ https://os.impakers.club/api/external/telemetry/auth:0
[85575622ms] [LOG] [Fast Refresh] rebuilding @ http://localhost:3000/_next/static/chunks/node_modules_%40sentry_core_build_esm_1q_qjqh._.js:10515
[85575884ms] [LOG] [Fast Refresh] done in 358ms @ http://localhost:3000/_next/static/chunks/node_modules_%40sentry_core_build_esm_1q_qjqh._.js:10515
[85626455ms] [ERROR] Failed to load resource: the server responded with a status of 403 () @ https://os.impakers.club/api/external/telemetry/auth:0
[85636460ms] [LOG] [Fast Refresh] rebuilding @ http://localhost:3000/_next/static/chunks/node_modules_%40sentry_core_build_esm_1q_qjqh._.js:10515
[85636744ms] [LOG] [Fast Refresh] done in 380ms @ http://localhost:3000/_next/static/chunks/node_modules_%40sentry_core_build_esm_1q_qjqh._.js:10515
[85686747ms] [ERROR] Failed to load resource: the server responded with a status of 403 () @ https://os.impakers.club/api/external/telemetry/auth:0
[85699145ms] [LOG] [Fast Refresh] rebuilding @ http://localhost:3000/_next/static/chunks/node_modules_%40sentry_core_build_esm_1q_qjqh._.js:10515
[85699420ms] [LOG] [Fast Refresh] done in 371ms @ http://localhost:3000/_next/static/chunks/node_modules_%40sentry_core_build_esm_1q_qjqh._.js:10515
[85743376ms] [LOG] [Fast Refresh] rebuilding @ http://localhost:3000/_next/static/chunks/node_modules_%40sentry_core_build_esm_1q_qjqh._.js:10515
[85743629ms] [LOG] [Fast Refresh] done in 351ms @ http://localhost:3000/_next/static/chunks/node_modules_%40sentry_core_build_esm_1q_qjqh._.js:10515
[85746511ms] [ERROR] Failed to load resource: the server responded with a status of 403 () @ https://os.impakers.club/api/external/telemetry/auth:0
[85806507ms] [ERROR] Failed to load resource: the server responded with a status of 403 () @ https://os.impakers.club/api/external/telemetry/auth:0
[85866471ms] [ERROR] Failed to load resource: the server responded with a status of 403 () @ https://os.impakers.club/api/external/telemetry/auth:0
[85926399ms] [ERROR] Failed to load resource: the server responded with a status of 403 () @ https://os.impakers.club/api/external/telemetry/auth:0
[85986478ms] [ERROR] Failed to load resource: the server responded with a status of 403 () @ https://os.impakers.club/api/external/telemetry/auth:0
[86046537ms] [ERROR] Failed to load resource: the server responded with a status of 403 () @ https://os.impakers.club/api/external/telemetry/auth:0
[86075313ms] [LOG] [Fast Refresh] rebuilding @ http://localhost:3000/_next/static/chunks/node_modules_%40sentry_core_build_esm_1q_qjqh._.js:10515
[86075580ms] [LOG] [Fast Refresh] done in 365ms @ http://localhost:3000/_next/static/chunks/node_modules_%40sentry_core_build_esm_1q_qjqh._.js:10515
[86087748ms] [LOG] [Fast Refresh] rebuilding @ http://localhost:3000/_next/static/chunks/node_modules_%40sentry_core_build_esm_1q_qjqh._.js:10515
[86087985ms] [LOG] [Fast Refresh] done in 334ms @ http://localhost:3000/_next/static/chunks/node_modules_%40sentry_core_build_esm_1q_qjqh._.js:10515
[86106023ms] [LOG] [Fast Refresh] rebuilding @ http://localhost:3000/_next/static/chunks/node_modules_%40sentry_core_build_esm_1q_qjqh._.js:10515
[86106284ms] [LOG] [Fast Refresh] done in 353ms @ http://localhost:3000/_next/static/chunks/node_modules_%40sentry_core_build_esm_1q_qjqh._.js:10515
[86106647ms] [ERROR] Failed to load resource: the server responded with a status of 403 () @ https://os.impakers.club/api/external/telemetry/auth:0
[86112947ms] [LOG] [Fast Refresh] rebuilding @ http://localhost:3000/_next/static/chunks/node_modules_%40sentry_core_build_esm_1q_qjqh._.js:10515
[86113190ms] [LOG] [Fast Refresh] done in 345ms @ http://localhost:3000/_next/static/chunks/node_modules_%40sentry_core_build_esm_1q_qjqh._.js:10515
[86114538ms] [LOG] [Fast Refresh] rebuilding @ http://localhost:3000/_next/static/chunks/node_modules_%40sentry_core_build_esm_1q_qjqh._.js:10515
[86114778ms] [LOG] [Fast Refresh] done in 337ms @ http://localhost:3000/_next/static/chunks/node_modules_%40sentry_core_build_esm_1q_qjqh._.js:10515
[86166468ms] [ERROR] Failed to load resource: the server responded with a status of 403 () @ https://os.impakers.club/api/external/telemetry/auth:0
[86193094ms] [LOG] [Fast Refresh] rebuilding @ http://localhost:3000/_next/static/chunks/node_modules_%40sentry_core_build_esm_1q_qjqh._.js:10515
[86193352ms] [LOG] [Fast Refresh] done in 355ms @ http://localhost:3000/_next/static/chunks/node_modules_%40sentry_core_build_esm_1q_qjqh._.js:10515
[86218010ms] [LOG] [Fast Refresh] rebuilding @ http://localhost:3000/_next/static/chunks/node_modules_%40sentry_core_build_esm_1q_qjqh._.js:10515
[86218265ms] [LOG] [Fast Refresh] done in 343ms @ http://localhost:3000/_next/static/chunks/node_modules_%40sentry_core_build_esm_1q_qjqh._.js:10515
[86226404ms] [ERROR] Failed to load resource: the server responded with a status of 403 () @ https://os.impakers.club/api/external/telemetry/auth:0
[86228248ms] [LOG] [Fast Refresh] rebuilding @ http://localhost:3000/_next/static/chunks/node_modules_%40sentry_core_build_esm_1q_qjqh._.js:10515
[86228536ms] [LOG] [Fast Refresh] done in 386ms @ http://localhost:3000/_next/static/chunks/node_modules_%40sentry_core_build_esm_1q_qjqh._.js:10515
[86235153ms] [LOG] [Fast Refresh] rebuilding @ http://localhost:3000/_next/static/chunks/node_modules_%40sentry_core_build_esm_1q_qjqh._.js:10515
[86235319ms] [LOG] [Fast Refresh] done in 265ms @ http://localhost:3000/_next/static/chunks/node_modules_%40sentry_core_build_esm_1q_qjqh._.js:10515
[86286618ms] [ERROR] Failed to load resource: the server responded with a status of 403 () @ https://os.impakers.club/api/external/telemetry/auth:0
[86347448ms] [ERROR] Failed to load resource: the server responded with a status of 403 () @ https://os.impakers.club/api/external/telemetry/auth:0
[86406669ms] [ERROR] Failed to load resource: the server responded with a status of 403 () @ https://os.impakers.club/api/external/telemetry/auth:0
[86466710ms] [ERROR] Failed to load resource: the server responded with a status of 403 () @ https://os.impakers.club/api/external/telemetry/auth:0
[86496549ms] [LOG] [Fast Refresh] rebuilding @ http://localhost:3000/_next/static/chunks/node_modules_%40sentry_core_build_esm_1q_qjqh._.js:10515
[86496816ms] [LOG] [Fast Refresh] done in 365ms @ http://localhost:3000/_next/static/chunks/node_modules_%40sentry_core_build_esm_1q_qjqh._.js:10515
[86526703ms] [ERROR] Failed to load resource: the server responded with a status of 403 () @ https://os.impakers.club/api/external/telemetry/auth:0
[86564583ms] [LOG] [Fast Refresh] rebuilding @ http://localhost:3000/_next/static/chunks/node_modules_%40sentry_core_build_esm_1q_qjqh._.js:10515
[86564836ms] [LOG] [Fast Refresh] done in 349ms @ http://localhost:3000/_next/static/chunks/node_modules_%40sentry_core_build_esm_1q_qjqh._.js:10515
[86566216ms] [LOG] [Fast Refresh] rebuilding @ http://localhost:3000/_next/static/chunks/node_modules_%40sentry_core_build_esm_1q_qjqh._.js:10515
[86566372ms] [LOG] [Fast Refresh] done in 252ms @ http://localhost:3000/_next/static/chunks/node_modules_%40sentry_core_build_esm_1q_qjqh._.js:10515
[86586525ms] [ERROR] Failed to load resource: the server responded with a status of 403 () @ https://os.impakers.club/api/external/telemetry/auth:0
[86646570ms] [ERROR] Failed to load resource: the server responded with a status of 403 () @ https://os.impakers.club/api/external/telemetry/auth:0
[86696321ms] [LOG] [Fast Refresh] rebuilding @ http://localhost:3000/_next/static/chunks/node_modules_%40sentry_core_build_esm_1q_qjqh._.js:10515
[86696422ms] [LOG] [Fast Refresh] done in 205ms @ http://localhost:3000/_next/static/chunks/node_modules_%40sentry_core_build_esm_1q_qjqh._.js:10515
[86699027ms] [LOG] [Fast Refresh] rebuilding @ http://localhost:3000/_next/static/chunks/node_modules_%40sentry_core_build_esm_1q_qjqh._.js:10515
[86699050ms] [LOG] [Fast Refresh] done in 97ms @ http://localhost:3000/_next/static/chunks/node_modules_%40sentry_core_build_esm_1q_qjqh._.js:10515
[86701913ms] [LOG] [Fast Refresh] rebuilding @ http://localhost:3000/_next/static/chunks/node_modules_%40sentry_core_build_esm_1q_qjqh._.js:10515
[86701933ms] [LOG] [Fast Refresh] done in 110ms @ http://localhost:3000/_next/static/chunks/node_modules_%40sentry_core_build_esm_1q_qjqh._.js:10515
[86706674ms] [ERROR] Failed to load resource: the server responded with a status of 403 () @ https://os.impakers.club/api/external/telemetry/auth:0
[86721263ms] [LOG] [Fast Refresh] rebuilding @ http://localhost:3000/_next/static/chunks/node_modules_%40sentry_core_build_esm_1q_qjqh._.js:10515
[86721328ms] [LOG] [Fast Refresh] done in 140ms @ http://localhost:3000/_next/static/chunks/node_modules_%40sentry_core_build_esm_1q_qjqh._.js:10515
[86743083ms] [LOG] [Fast Refresh] rebuilding @ http://localhost:3000/_next/static/chunks/node_modules_%40sentry_core_build_esm_1q_qjqh._.js:10515
[86743269ms] [LOG] [Fast Refresh] done in 284ms @ http://localhost:3000/_next/static/chunks/node_modules_%40sentry_core_build_esm_1q_qjqh._.js:10515
[86746625ms] [LOG] [Fast Refresh] rebuilding @ http://localhost:3000/_next/static/chunks/node_modules_%40sentry_core_build_esm_1q_qjqh._.js:10515
[86746899ms] [LOG] [Fast Refresh] done in 370ms @ http://localhost:3000/_next/static/chunks/node_modules_%40sentry_core_build_esm_1q_qjqh._.js:10515
[86750014ms] [LOG] [Fast Refresh] rebuilding @ http://localhost:3000/_next/static/chunks/node_modules_%40sentry_core_build_esm_1q_qjqh._.js:10515
[86750125ms] [LOG] [Fast Refresh] done in 205ms @ http://localhost:3000/_next/static/chunks/node_modules_%40sentry_core_build_esm_1q_qjqh._.js:10515
[86762152ms] [LOG] [Fast Refresh] rebuilding @ http://localhost:3000/_next/static/chunks/node_modules_%40sentry_core_build_esm_1q_qjqh._.js:10515
[86762429ms] [LOG] [Fast Refresh] done in 375ms @ http://localhost:3000/_next/static/chunks/node_modules_%40sentry_core_build_esm_1q_qjqh._.js:10515
[86766862ms] [LOG] [Fast Refresh] rebuilding @ http://localhost:3000/_next/static/chunks/node_modules_%40sentry_core_build_esm_1q_qjqh._.js:10515
[86775243ms] [ERROR] Failed to load resource: the server responded with a status of 403 () @ https://os.impakers.club/api/external/telemetry/auth:0
[86780256ms] [LOG] [Fast Refresh] done in 13495ms @ http://localhost:3000/_next/static/chunks/node_modules_%40sentry_core_build_esm_1q_qjqh._.js:10515
[86780433ms] [LOG] [Fast Refresh] rebuilding @ http://localhost:3000/_next/static/chunks/node_modules_%40sentry_core_build_esm_1q_qjqh._.js:10515
[86780449ms] [LOG] [Fast Refresh] done in 116ms @ http://localhost:3000/_next/static/chunks/node_modules_%40sentry_core_build_esm_1q_qjqh._.js:10515
[86826555ms] [ERROR] Failed to load resource: the server responded with a status of 403 () @ https://os.impakers.club/api/external/telemetry/auth:0
[86886493ms] [ERROR] Failed to load resource: the server responded with a status of 403 () @ https://os.impakers.club/api/external/telemetry/auth:0
[86888976ms] [LOG] [Fast Refresh] rebuilding @ http://localhost:3000/_next/static/chunks/node_modules_%40sentry_core_build_esm_1q_qjqh._.js:10515
[86889064ms] [LOG] [Fast Refresh] done in 177ms @ http://localhost:3000/_next/static/chunks/node_modules_%40sentry_core_build_esm_1q_qjqh._.js:10515
[86947057ms] [ERROR] Failed to load resource: the server responded with a status of 403 () @ https://os.impakers.club/api/external/telemetry/auth:0
[87006438ms] [ERROR] Failed to load resource: the server responded with a status of 403 () @ https://os.impakers.club/api/external/telemetry/auth:0
[87066507ms] [ERROR] Failed to load resource: the server responded with a status of 403 () @ https://os.impakers.club/api/external/telemetry/auth:0
[87126453ms] [ERROR] Failed to load resource: the server responded with a status of 403 () @ https://os.impakers.club/api/external/telemetry/auth:0
[87186516ms] [ERROR] Failed to load resource: the server responded with a status of 403 () @ https://os.impakers.club/api/external/telemetry/auth:0
[87192909ms] [LOG] [Fast Refresh] rebuilding @ http://localhost:3000/_next/static/chunks/node_modules_%40sentry_core_build_esm_1q_qjqh._.js:10515
[87192932ms] [LOG] [Fast Refresh] done in 126ms @ http://localhost:3000/_next/static/chunks/node_modules_%40sentry_core_build_esm_1q_qjqh._.js:10515
[87193033ms] [LOG] [Fast Refresh] rebuilding @ http://localhost:3000/_next/static/chunks/node_modules_%40sentry_core_build_esm_1q_qjqh._.js:10515
[87193141ms] [LOG] [Fast Refresh] done in 208ms @ http://localhost:3000/_next/static/chunks/node_modules_%40sentry_core_build_esm_1q_qjqh._.js:10515
[87210744ms] [LOG] [Fast Refresh] rebuilding @ http://localhost:3000/_next/static/chunks/node_modules_%40sentry_core_build_esm_1q_qjqh._.js:10515
[87211332ms] [LOG] [Fast Refresh] done in 687ms @ http://localhost:3000/_next/static/chunks/node_modules_%40sentry_core_build_esm_1q_qjqh._.js:10515
[87246410ms] [ERROR] Failed to load resource: the server responded with a status of 403 () @ https://os.impakers.club/api/external/telemetry/auth:0
[87306270ms] [LOG] [Fast Refresh] rebuilding @ http://localhost:3000/_next/static/chunks/node_modules_%40sentry_core_build_esm_1q_qjqh._.js:10515
[87306557ms] [LOG] [Fast Refresh] done in 383ms @ http://localhost:3000/_next/static/chunks/node_modules_%40sentry_core_build_esm_1q_qjqh._.js:10515
[87306744ms] [ERROR] Failed to load resource: the server responded with a status of 403 () @ https://os.impakers.club/api/external/telemetry/auth:0
[87366460ms] [ERROR] Failed to load resource: the server responded with a status of 403 () @ https://os.impakers.club/api/external/telemetry/auth:0
[87426651ms] [ERROR] Failed to load resource: the server responded with a status of 403 () @ https://os.impakers.club/api/external/telemetry/auth:0
[87486567ms] [ERROR] Failed to load resource: the server responded with a status of 403 () @ https://os.impakers.club/api/external/telemetry/auth:0
[87546441ms] [ERROR] Failed to load resource: the server responded with a status of 403 () @ https://os.impakers.club/api/external/telemetry/auth:0
[87606396ms] [ERROR] Failed to load resource: the server responded with a status of 403 () @ https://os.impakers.club/api/external/telemetry/auth:0
[87666467ms] [ERROR] Failed to load resource: the server responded with a status of 403 () @ https://os.impakers.club/api/external/telemetry/auth:0
[87726501ms] [ERROR] Failed to load resource: the server responded with a status of 403 () @ https://os.impakers.club/api/external/telemetry/auth:0
[87786623ms] [ERROR] Failed to load resource: the server responded with a status of 403 () @ https://os.impakers.club/api/external/telemetry/auth:0
[87846510ms] [ERROR] Failed to load resource: the server responded with a status of 403 () @ https://os.impakers.club/api/external/telemetry/auth:0
[87906416ms] [ERROR] Failed to load resource: the server responded with a status of 403 () @ https://os.impakers.club/api/external/telemetry/auth:0
[87966645ms] [ERROR] Failed to load resource: the server responded with a status of 403 () @ https://os.impakers.club/api/external/telemetry/auth:0
[88026644ms] [ERROR] Failed to load resource: the server responded with a status of 403 () @ https://os.impakers.club/api/external/telemetry/auth:0
[88086423ms] [ERROR] Failed to load resource: the server responded with a status of 403 () @ https://os.impakers.club/api/external/telemetry/auth:0
[88146435ms] [ERROR] Failed to load resource: the server responded with a status of 403 () @ https://os.impakers.club/api/external/telemetry/auth:0
[88206897ms] [ERROR] Failed to load resource: the server responded with a status of 403 () @ https://os.impakers.club/api/external/telemetry/auth:0
[88266809ms] [ERROR] Failed to load resource: the server responded with a status of 403 () @ https://os.impakers.club/api/external/telemetry/auth:0
[88326393ms] [ERROR] Failed to load resource: the server responded with a status of 403 () @ https://os.impakers.club/api/external/telemetry/auth:0
[88386478ms] [ERROR] Failed to load resource: the server responded with a status of 403 () @ https://os.impakers.club/api/external/telemetry/auth:0
[88446506ms] [ERROR] Failed to load resource: the server responded with a status of 403 () @ https://os.impakers.club/api/external/telemetry/auth:0
[88506481ms] [ERROR] Failed to load resource: the server responded with a status of 403 () @ https://os.impakers.club/api/external/telemetry/auth:0
[88566446ms] [ERROR] Failed to load resource: the server responded with a status of 403 () @ https://os.impakers.club/api/external/telemetry/auth:0
[88626884ms] [ERROR] Failed to load resource: the server responded with a status of 403 () @ https://os.impakers.club/api/external/telemetry/auth:0
[88686895ms] [ERROR] Failed to load resource: the server responded with a status of 403 () @ https://os.impakers.club/api/external/telemetry/auth:0
[88746593ms] [ERROR] Failed to load resource: the server responded with a status of 403 () @ https://os.impakers.club/api/external/telemetry/auth:0
[88806601ms] [ERROR] Failed to load resource: the server responded with a status of 403 () @ https://os.impakers.club/api/external/telemetry/auth:0
[88866417ms] [ERROR] Failed to load resource: the server responded with a status of 403 () @ https://os.impakers.club/api/external/telemetry/auth:0
[88926686ms] [ERROR] Failed to load resource: the server responded with a status of 403 () @ https://os.impakers.club/api/external/telemetry/auth:0
[88986455ms] [ERROR] Failed to load resource: the server responded with a status of 403 () @ https://os.impakers.club/api/external/telemetry/auth:0
[89046462ms] [ERROR] Failed to load resource: the server responded with a status of 403 () @ https://os.impakers.club/api/external/telemetry/auth:0
[89106609ms] [ERROR] Failed to load resource: the server responded with a status of 403 () @ https://os.impakers.club/api/external/telemetry/auth:0
[89166807ms] [ERROR] Failed to load resource: the server responded with a status of 403 () @ https://os.impakers.club/api/external/telemetry/auth:0
[89226680ms] [ERROR] Failed to load resource: the server responded with a status of 403 () @ https://os.impakers.club/api/external/telemetry/auth:0
[89286581ms] [ERROR] Failed to load resource: the server responded with a status of 403 () @ https://os.impakers.club/api/external/telemetry/auth:0
[89346851ms] [ERROR] Failed to load resource: the server responded with a status of 403 () @ https://os.impakers.club/api/external/telemetry/auth:0
[89407023ms] [ERROR] Failed to load resource: the server responded with a status of 403 () @ https://os.impakers.club/api/external/telemetry/auth:0
[89467230ms] [ERROR] Failed to load resource: the server responded with a status of 403 () @ https://os.impakers.club/api/external/telemetry/auth:0
[89526476ms] [ERROR] Failed to load resource: the server responded with a status of 403 () @ https://os.impakers.club/api/external/telemetry/auth:0
[89577504ms] [LOG] [Fast Refresh] rebuilding @ http://localhost:3000/_next/static/chunks/node_modules_%40sentry_core_build_esm_1q_qjqh._.js:10515
[89579248ms] [ERROR] Failed to load resource: net::ERR_EMPTY_RESPONSE @ http://localhost:3000/login?redirect=%2Fen%2Fabout&_rsc=qDh8EWPhWRGr9PEZ:0
[89579266ms] [ERROR] Failed to fetch RSC payload for http://localhost:3000/login?redirect=%2Fen%2Fabout. Falling back to browser navigation. TypeError: Failed to fetch (localhost:3000)
    at http://localhost:3000/_next/static/chunks/node_modules_%40sentry_core_build_esm_1q_qjqh._.js:10782:34
    at createFetch (http://localhost:3000/_next/static/chunks/node_modules_next_dist_client_1um1_-a._.js:9501:21)
    at async fetchServerResponse (http://localhost:3000/_next/static/chunks/node_modules_next_dist_client_1um1_-a._.js:9345:21)
    at async fetchMissingDynamicData (http://localhost:3000/_next/static/chunks/node_modules_next_dist_client_1um1_-a._.js:10758:24) @ http://localhost:3000/_next/static/chunks/node_modules_%40sentry_core_build_esm_1q_qjqh._.js:10515
[89579272ms] [ERROR] Failed to load resource: net::ERR_CONNECTION_REFUSED @ http://localhost:3000/login?redirect=%2Fen%2Fabout&_rsc=qDh8EWPhWRGr9PEZ:0
[89579273ms] [ERROR] Failed to fetch RSC payload for http://localhost:3000/login?redirect=%2Fen%2Fabout. Falling back to browser navigation. TypeError: Failed to fetch (localhost:3000)
    at http://localhost:3000/_next/static/chunks/node_modules_%40sentry_core_build_esm_1q_qjqh._.js:10782:34
    at createFetch (http://localhost:3000/_next/static/chunks/node_modules_next_dist_client_1um1_-a._.js:9501:21)
    at async fetchServerResponse (http://localhost:3000/_next/static/chunks/node_modules_next_dist_client_1um1_-a._.js:9345:21)
    at async fetchMissingDynamicData (http://localhost:3000/_next/static/chunks/node_modules_next_dist_client_1um1_-a._.js:10758:24) @ http://localhost:3000/_next/static/chunks/node_modules_%40sentry_core_build_esm_1q_qjqh._.js:10515
[89579274ms] [ERROR] Failed to load resource: net::ERR_CONNECTION_REFUSED @ http://localhost:3000/login?redirect=%2Fen%2Fabout&_rsc=qDh8EWPhWRGr9PEZ:0
[89579275ms] [ERROR] Failed to fetch RSC payload for http://localhost:3000/login?redirect=%2Fen%2Fabout. Falling back to browser navigation. TypeError: Failed to fetch (localhost:3000)
    at http://localhost:3000/_next/static/chunks/node_modules_%40sentry_core_build_esm_1q_qjqh._.js:10782:34
    at createFetch (http://localhost:3000/_next/static/chunks/node_modules_next_dist_client_1um1_-a._.js:9501:21)
    at async fetchServerResponse (http://localhost:3000/_next/static/chunks/node_modules_next_dist_client_1um1_-a._.js:9345:21)
    at async fetchMissingDynamicData (http://localhost:3000/_next/static/chunks/node_modules_next_dist_client_1um1_-a._.js:10758:24) @ http://localhost:3000/_next/static/chunks/node_modules_%40sentry_core_build_esm_1q_qjqh._.js:10515
[89579276ms] [ERROR] Failed to load resource: net::ERR_CONNECTION_REFUSED @ http://localhost:3000/login?redirect=%2Fen%2Fabout&_rsc=qDh8EWPhWRGr9PEZ:0
[89579276ms] [ERROR] Failed to fetch RSC payload for http://localhost:3000/login?redirect=%2Fen%2Fabout. Falling back to browser navigation. TypeError: Failed to fetch (localhost:3000)
    at http://localhost:3000/_next/static/chunks/node_modules_%40sentry_core_build_esm_1q_qjqh._.js:10782:34
    at createFetch (http://localhost:3000/_next/static/chunks/node_modules_next_dist_client_1um1_-a._.js:9501:21)
    at async fetchServerResponse (http://localhost:3000/_next/static/chunks/node_modules_next_dist_client_1um1_-a._.js:9345:21)
    at async fetchMissingDynamicData (http://localhost:3000/_next/static/chunks/node_modules_next_dist_client_1um1_-a._.js:10758:24) @ http://localhost:3000/_next/static/chunks/node_modules_%40sentry_core_build_esm_1q_qjqh._.js:10515
[89579276ms] [ERROR] Failed to load resource: net::ERR_CONNECTION_REFUSED @ http://localhost:3000/login?redirect=%2Fen%2Fabout&_rsc=qDh8EWPhWRGr9PEZ:0
[89579277ms] [ERROR] Failed to fetch RSC payload for http://localhost:3000/login?redirect=%2Fen%2Fabout. Falling back to browser navigation. TypeError: Failed to fetch (localhost:3000)
    at http://localhost:3000/_next/static/chunks/node_modules_%40sentry_core_build_esm_1q_qjqh._.js:10782:34
    at createFetch (http://localhost:3000/_next/static/chunks/node_modules_next_dist_client_1um1_-a._.js:9501:21)
    at async fetchServerResponse (http://localhost:3000/_next/static/chunks/node_modules_next_dist_client_1um1_-a._.js:9345:21)
    at async fetchMissingDynamicData (http://localhost:3000/_next/static/chunks/node_modules_next_dist_client_1um1_-a._.js:10758:24) @ http://localhost:3000/_next/static/chunks/node_modules_%40sentry_core_build_esm_1q_qjqh._.js:10515
[89579277ms] [ERROR] Failed to load resource: net::ERR_CONNECTION_REFUSED @ http://localhost:3000/login?redirect=%2Fen%2Fabout&_rsc=qDh8EWPhWRGr9PEZ:0
[89579277ms] [ERROR] Failed to fetch RSC payload for http://localhost:3000/login?redirect=%2Fen%2Fabout. Falling back to browser navigation. TypeError: Failed to fetch (localhost:3000)
    at http://localhost:3000/_next/static/chunks/node_modules_%40sentry_core_build_esm_1q_qjqh._.js:10782:34
    at createFetch (http://localhost:3000/_next/static/chunks/node_modules_next_dist_client_1um1_-a._.js:9501:21)
    at async fetchServerResponse (http://localhost:3000/_next/static/chunks/node_modules_next_dist_client_1um1_-a._.js:9345:21)
    at async fetchMissingDynamicData (http://localhost:3000/_next/static/chunks/node_modules_next_dist_client_1um1_-a._.js:10758:24) @ http://localhost:3000/_next/static/chunks/node_modules_%40sentry_core_build_esm_1q_qjqh._.js:10515
[89579277ms] [ERROR] Failed to load resource: net::ERR_CONNECTION_REFUSED @ http://localhost:3000/login?redirect=%2Fen%2Fabout&_rsc=qDh8EWPhWRGr9PEZ:0
[89579278ms] [ERROR] Failed to fetch RSC payload for http://localhost:3000/login?redirect=%2Fen%2Fabout. Falling back to browser navigation. TypeError: Failed to fetch (localhost:3000)
    at http://localhost:3000/_next/static/chunks/node_modules_%40sentry_core_build_esm_1q_qjqh._.js:10782:34
    at createFetch (http://localhost:3000/_next/static/chunks/node_modules_next_dist_client_1um1_-a._.js:9501:21)
    at async fetchServerResponse (http://localhost:3000/_next/static/chunks/node_modules_next_dist_client_1um1_-a._.js:9345:21)
    at async fetchMissingDynamicData (http://localhost:3000/_next/static/chunks/node_modules_next_dist_client_1um1_-a._.js:10758:24) @ http://localhost:3000/_next/static/chunks/node_modules_%40sentry_core_build_esm_1q_qjqh._.js:10515
[89579281ms] [ERROR] Failed to load resource: net::ERR_CONNECTION_REFUSED @ http://localhost:3000/login?redirect=%2Fen%2Fabout&_rsc=qDh8EWPhWRGr9PEZ:0
[89579282ms] [ERROR] Failed to fetch RSC payload for http://localhost:3000/login?redirect=%2Fen%2Fabout. Falling back to browser navigation. TypeError: Failed to fetch (localhost:3000)
    at http://localhost:3000/_next/static/chunks/node_modules_%40sentry_core_build_esm_1q_qjqh._.js:10782:34
    at createFetch (http://localhost:3000/_next/static/chunks/node_modules_next_dist_client_1um1_-a._.js:9501:21)
    at async fetchServerResponse (http://localhost:3000/_next/static/chunks/node_modules_next_dist_client_1um1_-a._.js:9345:21)
    at async fetchMissingDynamicData (http://localhost:3000/_next/static/chunks/node_modules_next_dist_client_1um1_-a._.js:10758:24) @ http://localhost:3000/_next/static/chunks/node_modules_%40sentry_core_build_esm_1q_qjqh._.js:10515
[89579288ms] [ERROR] Failed to load resource: net::ERR_CONNECTION_REFUSED @ http://localhost:3000/login?redirect=%2Fen%2Fabout&_rsc=qDh8EWPhWRGr9PEZ:0
[89579288ms] [ERROR] Failed to fetch RSC payload for http://localhost:3000/login?redirect=%2Fen%2Fabout. Falling back to browser navigation. TypeError: Failed to fetch (localhost:3000)
    at http://localhost:3000/_next/static/chunks/node_modules_%40sentry_core_build_esm_1q_qjqh._.js:10782:34
    at createFetch (http://localhost:3000/_next/static/chunks/node_modules_next_dist_client_1um1_-a._.js:9501:21)
    at async fetchServerResponse (http://localhost:3000/_next/static/chunks/node_modules_next_dist_client_1um1_-a._.js:9345:21)
    at async fetchMissingDynamicData (http://localhost:3000/_next/static/chunks/node_modules_next_dist_client_1um1_-a._.js:10758:24) @ http://localhost:3000/_next/static/chunks/node_modules_%40sentry_core_build_esm_1q_qjqh._.js:10515
[89579289ms] [ERROR] Failed to load resource: net::ERR_CONNECTION_REFUSED @ http://localhost:3000/login?redirect=%2Fen%2Fabout&_rsc=qDh8EWPhWRGr9PEZ:0
[89579289ms] [ERROR] Failed to fetch RSC payload for http://localhost:3000/login?redirect=%2Fen%2Fabout. Falling back to browser navigation. TypeError: Failed to fetch (localhost:3000)
    at http://localhost:3000/_next/static/chunks/node_modules_%40sentry_core_build_esm_1q_qjqh._.js:10782:34
    at createFetch (http://localhost:3000/_next/static/chunks/node_modules_next_dist_client_1um1_-a._.js:9501:21)
    at async fetchServerResponse (http://localhost:3000/_next/static/chunks/node_modules_next_dist_client_1um1_-a._.js:9345:21)
    at async fetchMissingDynamicData (http://localhost:3000/_next/static/chunks/node_modules_next_dist_client_1um1_-a._.js:10758:24) @ http://localhost:3000/_next/static/chunks/node_modules_%40sentry_core_build_esm_1q_qjqh._.js:10515
[89579292ms] [ERROR] Failed to load resource: net::ERR_CONNECTION_REFUSED @ http://localhost:3000/login?redirect=%2Fen%2Fabout&_rsc=qDh8EWPhWRGr9PEZ:0
[89579292ms] [ERROR] Failed to fetch RSC payload for http://localhost:3000/login?redirect=%2Fen%2Fabout. Falling back to browser navigation. TypeError: Failed to fetch (localhost:3000)
    at http://localhost:3000/_next/static/chunks/node_modules_%40sentry_core_build_esm_1q_qjqh._.js:10782:34
    at createFetch (http://localhost:3000/_next/static/chunks/node_modules_next_dist_client_1um1_-a._.js:9501:21)
    at async fetchServerResponse (http://localhost:3000/_next/static/chunks/node_modules_next_dist_client_1um1_-a._.js:9345:21)
    at async fetchMissingDynamicData (http://localhost:3000/_next/static/chunks/node_modules_next_dist_client_1um1_-a._.js:10758:24) @ http://localhost:3000/_next/static/chunks/node_modules_%40sentry_core_build_esm_1q_qjqh._.js:10515
[89579293ms] [ERROR] Failed to load resource: net::ERR_CONNECTION_REFUSED @ http://localhost:3000/login?redirect=%2Fen%2Fabout&_rsc=qDh8EWPhWRGr9PEZ:0
[89579294ms] [ERROR] Failed to fetch RSC payload for http://localhost:3000/login?redirect=%2Fen%2Fabout. Falling back to browser navigation. TypeError: Failed to fetch (localhost:3000)
    at http://localhost:3000/_next/static/chunks/node_modules_%40sentry_core_build_esm_1q_qjqh._.js:10782:34
    at createFetch (http://localhost:3000/_next/static/chunks/node_modules_next_dist_client_1um1_-a._.js:9501:21)
    at async fetchServerResponse (http://localhost:3000/_next/static/chunks/node_modules_next_dist_client_1um1_-a._.js:9345:21)
    at async fetchMissingDynamicData (http://localhost:3000/_next/static/chunks/node_modules_next_dist_client_1um1_-a._.js:10758:24) @ http://localhost:3000/_next/static/chunks/node_modules_%40sentry_core_build_esm_1q_qjqh._.js:10515
[89579295ms] [ERROR] Failed to load resource: net::ERR_CONNECTION_REFUSED @ http://localhost:3000/login?redirect=%2Fen%2Fabout&_rsc=qDh8EWPhWRGr9PEZ:0
[89579295ms] [ERROR] Failed to fetch RSC payload for http://localhost:3000/login?redirect=%2Fen%2Fabout. Falling back to browser navigation. TypeError: Failed to fetch (localhost:3000)
    at http://localhost:3000/_next/static/chunks/node_modules_%40sentry_core_build_esm_1q_qjqh._.js:10782:34
    at createFetch (http://localhost:3000/_next/static/chunks/node_modules_next_dist_client_1um1_-a._.js:9501:21)
    at async fetchServerResponse (http://localhost:3000/_next/static/chunks/node_modules_next_dist_client_1um1_-a._.js:9345:21)
    at async fetchMissingDynamicData (http://localhost:3000/_next/static/chunks/node_modules_next_dist_client_1um1_-a._.js:10758:24) @ http://localhost:3000/_next/static/chunks/node_modules_%40sentry_core_build_esm_1q_qjqh._.js:10515
[89579296ms] [ERROR] Failed to load resource: net::ERR_CONNECTION_REFUSED @ http://localhost:3000/login?redirect=%2Fen%2Fabout&_rsc=qDh8EWPhWRGr9PEZ:0
[89579296ms] [ERROR] Failed to fetch RSC payload for http://localhost:3000/login?redirect=%2Fen%2Fabout. Falling back to browser navigation. TypeError: Failed to fetch (localhost:3000)
    at http://localhost:3000/_next/static/chunks/node_modules_%40sentry_core_build_esm_1q_qjqh._.js:10782:34
    at createFetch (http://localhost:3000/_next/static/chunks/node_modules_next_dist_client_1um1_-a._.js:9501:21)
    at async fetchServerResponse (http://localhost:3000/_next/static/chunks/node_modules_next_dist_client_1um1_-a._.js:9345:21)
    at async fetchMissingDynamicData (http://localhost:3000/_next/static/chunks/node_modules_next_dist_client_1um1_-a._.js:10758:24) @ http://localhost:3000/_next/static/chunks/node_modules_%40sentry_core_build_esm_1q_qjqh._.js:10515
[89579297ms] [ERROR] Failed to load resource: net::ERR_CONNECTION_REFUSED @ http://localhost:3000/login?redirect=%2Fen%2Fabout&_rsc=qDh8EWPhWRGr9PEZ:0
[89579297ms] [ERROR] Failed to fetch RSC payload for http://localhost:3000/login?redirect=%2Fen%2Fabout. Falling back to browser navigation. TypeError: Failed to fetch (localhost:3000)
    at http://localhost:3000/_next/static/chunks/node_modules_%40sentry_core_build_esm_1q_qjqh._.js:10782:34
    at createFetch (http://localhost:3000/_next/static/chunks/node_modules_next_dist_client_1um1_-a._.js:9501:21)
    at async fetchServerResponse (http://localhost:3000/_next/static/chunks/node_modules_next_dist_client_1um1_-a._.js:9345:21)
    at async fetchMissingDynamicData (http://localhost:3000/_next/static/chunks/node_modules_next_dist_client_1um1_-a._.js:10758:24) @ http://localhost:3000/_next/static/chunks/node_modules_%40sentry_core_build_esm_1q_qjqh._.js:10515
[89579297ms] [ERROR] Failed to load resource: net::ERR_CONNECTION_REFUSED @ http://localhost:3000/login?redirect=%2Fen%2Fabout&_rsc=qDh8EWPhWRGr9PEZ:0
[89579297ms] [ERROR] Failed to fetch RSC payload for http://localhost:3000/login?redirect=%2Fen%2Fabout. Falling back to browser navigation. TypeError: Failed to fetch (localhost:3000)
    at http://localhost:3000/_next/static/chunks/node_modules_%40sentry_core_build_esm_1q_qjqh._.js:10782:34
    at createFetch (http://localhost:3000/_next/static/chunks/node_modules_next_dist_client_1um1_-a._.js:9501:21)
    at async fetchServerResponse (http://localhost:3000/_next/static/chunks/node_modules_next_dist_client_1um1_-a._.js:9345:21)
    at async fetchMissingDynamicData (http://localhost:3000/_next/static/chunks/node_modules_next_dist_client_1um1_-a._.js:10758:24) @ http://localhost:3000/_next/static/chunks/node_modules_%40sentry_core_build_esm_1q_qjqh._.js:10515
[89579298ms] [ERROR] Failed to load resource: net::ERR_CONNECTION_REFUSED @ http://localhost:3000/login?redirect=%2Fen%2Fabout&_rsc=qDh8EWPhWRGr9PEZ:0
[89579298ms] [ERROR] Failed to fetch RSC payload for http://localhost:3000/login?redirect=%2Fen%2Fabout. Falling back to browser navigation. TypeError: Failed to fetch (localhost:3000)
    at http://localhost:3000/_next/static/chunks/node_modules_%40sentry_core_build_esm_1q_qjqh._.js:10782:34
    at createFetch (http://localhost:3000/_next/static/chunks/node_modules_next_dist_client_1um1_-a._.js:9501:21)
    at async fetchServerResponse (http://localhost:3000/_next/static/chunks/node_modules_next_dist_client_1um1_-a._.js:9345:21)
    at async fetchMissingDynamicData (http://localhost:3000/_next/static/chunks/node_modules_next_dist_client_1um1_-a._.js:10758:24) @ http://localhost:3000/_next/static/chunks/node_modules_%40sentry_core_build_esm_1q_qjqh._.js:10515
[89579298ms] [ERROR] Failed to load resource: net::ERR_CONNECTION_REFUSED @ http://localhost:3000/login?redirect=%2Fen%2Fabout&_rsc=qDh8EWPhWRGr9PEZ:0
[89579298ms] [ERROR] Failed to fetch RSC payload for http://localhost:3000/login?redirect=%2Fen%2Fabout. Falling back to browser navigation. TypeError: Failed to fetch (localhost:3000)
    at http://localhost:3000/_next/static/chunks/node_modules_%40sentry_core_build_esm_1q_qjqh._.js:10782:34
    at createFetch (http://localhost:3000/_next/static/chunks/node_modules_next_dist_client_1um1_-a._.js:9501:21)
    at async fetchServerResponse (http://localhost:3000/_next/static/chunks/node_modules_next_dist_client_1um1_-a._.js:9345:21)
    at async fetchMissingDynamicData (http://localhost:3000/_next/static/chunks/node_modules_next_dist_client_1um1_-a._.js:10758:24) @ http://localhost:3000/_next/static/chunks/node_modules_%40sentry_core_build_esm_1q_qjqh._.js:10515
[89579298ms] [ERROR] Failed to load resource: net::ERR_CONNECTION_REFUSED @ http://localhost:3000/login?redirect=%2Fen%2Fabout&_rsc=qDh8EWPhWRGr9PEZ:0
[89579298ms] [ERROR] Failed to fetch RSC payload for http://localhost:3000/login?redirect=%2Fen%2Fabout. Falling back to browser navigation. TypeError: Failed to fetch (localhost:3000)
    at http://localhost:3000/_next/static/chunks/node_modules_%40sentry_core_build_esm_1q_qjqh._.js:10782:34
    at createFetch (http://localhost:3000/_next/static/chunks/node_modules_next_dist_client_1um1_-a._.js:9501:21)
    at async fetchServerResponse (http://localhost:3000/_next/static/chunks/node_modules_next_dist_client_1um1_-a._.js:9345:21)
    at async fetchMissingDynamicData (http://localhost:3000/_next/static/chunks/node_modules_next_dist_client_1um1_-a._.js:10758:24) @ http://localhost:3000/_next/static/chunks/node_modules_%40sentry_core_build_esm_1q_qjqh._.js:10515
[89579299ms] [ERROR] Failed to load resource: net::ERR_CONNECTION_REFUSED @ http://localhost:3000/login?redirect=%2Fen%2Fabout&_rsc=qDh8EWPhWRGr9PEZ:0
[89579299ms] [ERROR] Failed to fetch RSC payload for http://localhost:3000/login?redirect=%2Fen%2Fabout. Falling back to browser navigation. TypeError: Failed to fetch (localhost:3000)
    at http://localhost:3000/_next/static/chunks/node_modules_%40sentry_core_build_esm_1q_qjqh._.js:10782:34
    at createFetch (http://localhost:3000/_next/static/chunks/node_modules_next_dist_client_1um1_-a._.js:9501:21)
    at async fetchServerResponse (http://localhost:3000/_next/static/chunks/node_modules_next_dist_client_1um1_-a._.js:9345:21)
    at async fetchMissingDynamicData (http://localhost:3000/_next/static/chunks/node_modules_next_dist_client_1um1_-a._.js:10758:24) @ http://localhost:3000/_next/static/chunks/node_modules_%40sentry_core_build_esm_1q_qjqh._.js:10515
[89579299ms] [ERROR] Failed to load resource: net::ERR_CONNECTION_REFUSED @ http://localhost:3000/login?redirect=%2Fen%2Fabout&_rsc=qDh8EWPhWRGr9PEZ:0
[89579299ms] [ERROR] Failed to fetch RSC payload for http://localhost:3000/login?redirect=%2Fen%2Fabout. Falling back to browser navigation. TypeError: Failed to fetch (localhost:3000)
    at http://localhost:3000/_next/static/chunks/node_modules_%40sentry_core_build_esm_1q_qjqh._.js:10782:34
    at createFetch (http://localhost:3000/_next/static/chunks/node_modules_next_dist_client_1um1_-a._.js:9501:21)
    at async fetchServerResponse (http://localhost:3000/_next/static/chunks/node_modules_next_dist_client_1um1_-a._.js:9345:21)
    at async fetchMissingDynamicData (http://localhost:3000/_next/static/chunks/node_modules_next_dist_client_1um1_-a._.js:10758:24) @ http://localhost:3000/_next/static/chunks/node_modules_%40sentry_core_build_esm_1q_qjqh._.js:10515
[89579300ms] [ERROR] Failed to load resource: net::ERR_CONNECTION_REFUSED @ http://localhost:3000/login?redirect=%2Fen%2Fabout&_rsc=qDh8EWPhWRGr9PEZ:0
[89579300ms] [ERROR] Failed to fetch RSC payload for http://localhost:3000/login?redirect=%2Fen%2Fabout. Falling back to browser navigation. TypeError: Failed to fetch (localhost:3000)
    at http://localhost:3000/_next/static/chunks/node_modules_%40sentry_core_build_esm_1q_qjqh._.js:10782:34
    at createFetch (http://localhost:3000/_next/static/chunks/node_modules_next_dist_client_1um1_-a._.js:9501:21)
    at async fetchServerResponse (http://localhost:3000/_next/static/chunks/node_modules_next_dist_client_1um1_-a._.js:9345:21)
    at async fetchMissingDynamicData (http://localhost:3000/_next/static/chunks/node_modules_next_dist_client_1um1_-a._.js:10758:24) @ http://localhost:3000/_next/static/chunks/node_modules_%40sentry_core_build_esm_1q_qjqh._.js:10515
[89579305ms] [ERROR] Failed to load resource: net::ERR_CONNECTION_REFUSED @ http://localhost:3000/login?redirect=%2Fen%2Fabout&_rsc=qDh8EWPhWRGr9PEZ:0
[89579305ms] [ERROR] Failed to fetch RSC payload for http://localhost:3000/login?redirect=%2Fen%2Fabout. Falling back to browser navigation. TypeError: Failed to fetch (localhost:3000)
    at http://localhost:3000/_next/static/chunks/node_modules_%40sentry_core_build_esm_1q_qjqh._.js:10782:34
    at createFetch (http://localhost:3000/_next/static/chunks/node_modules_next_dist_client_1um1_-a._.js:9501:21)
    at async fetchServerResponse (http://localhost:3000/_next/static/chunks/node_modules_next_dist_client_1um1_-a._.js:9345:21)
    at async fetchMissingDynamicData (http://localhost:3000/_next/static/chunks/node_modules_next_dist_client_1um1_-a._.js:10758:24) @ http://localhost:3000/_next/static/chunks/node_modules_%40sentry_core_build_esm_1q_qjqh._.js:10515
[89579306ms] [ERROR] Failed to load resource: net::ERR_CONNECTION_REFUSED @ http://localhost:3000/login?redirect=%2Fen%2Fabout&_rsc=qDh8EWPhWRGr9PEZ:0
[89579306ms] [ERROR] Failed to fetch RSC payload for http://localhost:3000/login?redirect=%2Fen%2Fabout. Falling back to browser navigation. TypeError: Failed to fetch (localhost:3000)
    at http://localhost:3000/_next/static/chunks/node_modules_%40sentry_core_build_esm_1q_qjqh._.js:10782:34
    at createFetch (http://localhost:3000/_next/static/chunks/node_modules_next_dist_client_1um1_-a._.js:9501:21)
    at async fetchServerResponse (http://localhost:3000/_next/static/chunks/node_modules_next_dist_client_1um1_-a._.js:9345:21)
    at async fetchMissingDynamicData (http://localhost:3000/_next/static/chunks/node_modules_next_dist_client_1um1_-a._.js:10758:24) @ http://localhost:3000/_next/static/chunks/node_modules_%40sentry_core_build_esm_1q_qjqh._.js:10515
[89579308ms] [ERROR] Failed to load resource: net::ERR_CONNECTION_REFUSED @ http://localhost:3000/login?redirect=%2Fen%2Fabout&_rsc=qDh8EWPhWRGr9PEZ:0
[89579308ms] [ERROR] Failed to fetch RSC payload for http://localhost:3000/login?redirect=%2Fen%2Fabout. Falling back to browser navigation. TypeError: Failed to fetch (localhost:3000)
    at http://localhost:3000/_next/static/chunks/node_modules_%40sentry_core_build_esm_1q_qjqh._.js:10782:34
    at createFetch (http://localhost:3000/_next/static/chunks/node_modules_next_dist_client_1um1_-a._.js:9501:21)
    at async fetchServerResponse (http://localhost:3000/_next/static/chunks/node_modules_next_dist_client_1um1_-a._.js:9345:21)
    at async fetchMissingDynamicData (http://localhost:3000/_next/static/chunks/node_modules_next_dist_client_1um1_-a._.js:10758:24) @ http://localhost:3000/_next/static/chunks/node_modules_%40sentry_core_build_esm_1q_qjqh._.js:10515
[89579309ms] [ERROR] Failed to load resource: net::ERR_CONNECTION_REFUSED @ http://localhost:3000/login?redirect=%2Fen%2Fabout&_rsc=qDh8EWPhWRGr9PEZ:0
[89579309ms] [ERROR] Failed to fetch RSC payload for http://localhost:3000/login?redirect=%2Fen%2Fabout. Falling back to browser navigation. TypeError: Failed to fetch (localhost:3000)
    at http://localhost:3000/_next/static/chunks/node_modules_%40sentry_core_build_esm_1q_qjqh._.js:10782:34
    at createFetch (http://localhost:3000/_next/static/chunks/node_modules_next_dist_client_1um1_-a._.js:9501:21)
    at async fetchServerResponse (http://localhost:3000/_next/static/chunks/node_modules_next_dist_client_1um1_-a._.js:9345:21)
    at async fetchMissingDynamicData (http://localhost:3000/_next/static/chunks/node_modules_next_dist_client_1um1_-a._.js:10758:24) @ http://localhost:3000/_next/static/chunks/node_modules_%40sentry_core_build_esm_1q_qjqh._.js:10515
[89579310ms] [ERROR] Failed to load resource: net::ERR_CONNECTION_REFUSED @ http://localhost:3000/login?redirect=%2Fen%2Fabout&_rsc=qDh8EWPhWRGr9PEZ:0
[89579310ms] [ERROR] Failed to fetch RSC payload for http://localhost:3000/login?redirect=%2Fen%2Fabout. Falling back to browser navigation. TypeError: Failed to fetch (localhost:3000)
    at http://localhost:3000/_next/static/chunks/node_modules_%40sentry_core_build_esm_1q_qjqh._.js:10782:34
    at createFetch (http://localhost:3000/_next/static/chunks/node_modules_next_dist_client_1um1_-a._.js:9501:21)
    at async fetchServerResponse (http://localhost:3000/_next/static/chunks/node_modules_next_dist_client_1um1_-a._.js:9345:21)
    at async fetchMissingDynamicData (http://localhost:3000/_next/static/chunks/node_modules_next_dist_client_1um1_-a._.js:10758:24) @ http://localhost:3000/_next/static/chunks/node_modules_%40sentry_core_build_esm_1q_qjqh._.js:10515
[89579311ms] [ERROR] Failed to load resource: net::ERR_CONNECTION_REFUSED @ http://localhost:3000/login?redirect=%2Fen%2Fabout&_rsc=qDh8EWPhWRGr9PEZ:0
[89579311ms] [ERROR] Failed to fetch RSC payload for http://localhost:3000/login?redirect=%2Fen%2Fabout. Falling back to browser navigation. TypeError: Failed to fetch (localhost:3000)
    at http://localhost:3000/_next/static/chunks/node_modules_%40sentry_core_build_esm_1q_qjqh._.js:10782:34
    at createFetch (http://localhost:3000/_next/static/chunks/node_modules_next_dist_client_1um1_-a._.js:9501:21)
    at async fetchServerResponse (http://localhost:3000/_next/static/chunks/node_modules_next_dist_client_1um1_-a._.js:9345:21)
    at async fetchMissingDynamicData (http://localhost:3000/_next/static/chunks/node_modules_next_dist_client_1um1_-a._.js:10758:24) @ http://localhost:3000/_next/static/chunks/node_modules_%40sentry_core_build_esm_1q_qjqh._.js:10515
[89579312ms] [ERROR] Failed to load resource: net::ERR_CONNECTION_REFUSED @ http://localhost:3000/login?redirect=%2Fen%2Fabout&_rsc=qDh8EWPhWRGr9PEZ:0
[89579313ms] [ERROR] Failed to fetch RSC payload for http://localhost:3000/login?redirect=%2Fen%2Fabout. Falling back to browser navigation. TypeError: Failed to fetch (localhost:3000)
    at http://localhost:3000/_next/static/chunks/node_modules_%40sentry_core_build_esm_1q_qjqh._.js:10782:34
    at createFetch (http://localhost:3000/_next/static/chunks/node_modules_next_dist_client_1um1_-a._.js:9501:21)
    at async fetchServerResponse (http://localhost:3000/_next/static/chunks/node_modules_next_dist_client_1um1_-a._.js:9345:21)
    at async fetchMissingDynamicData (http://localhost:3000/_next/static/chunks/node_modules_next_dist_client_1um1_-a._.js:10758:24) @ http://localhost:3000/_next/static/chunks/node_modules_%40sentry_core_build_esm_1q_qjqh._.js:10515
[89579324ms] [ERROR] WebSocket is already in CLOSING or CLOSED state. @ http://localhost:3000/_next/static/chunks/node_modules_next_dist_13-jpzv._.js:1433
[89579325ms] [ERROR] Failed to load resource: net::ERR_CONNECTION_REFUSED @ http://localhost:3000/__nextjs_original-stack-frames:0
[89618561ms] [ERROR] Failed to load resource: the server responded with a status of 404 (Not Found) @ http://localhost:3000/login?redirect=%2Fen%2Fabout:0
[89618663ms] [LOG] [Client Instrumentation Hook] Slow execution detected: 27ms (Note: Code download overhead is not included in this measurement) @ http://localhost:3000/_next/static/chunks/node_modules_%40sentry_core_build_esm_1q_qjqh._.js:10515
[89618673ms] [INFO] %cDownload the React DevTools for a better development experience: https://react.dev/link/react-devtools font-weight:bold @ http://localhost:3000/_next/static/chunks/node_modules_%40sentry_core_build_esm_1q_qjqh._.js:10515
[89618716ms] [LOG] [HMR] connected @ http://localhost:3000/_next/static/chunks/node_modules_%40sentry_core_build_esm_1q_qjqh._.js:10515
[89618808ms] [LOG] [UserStoreProvider] Auth event: INITIAL_SESSION @ http://localhost:3000/_next/static/chunks/node_modules_%40sentry_core_build_esm_1q_qjqh._.js:10515
[89618825ms] [ERROR] Failed to load resource: the server responded with a status of 404 (Not Found) @ http://localhost:3000/login?redirect=%2Fen%2Fabout:0
[89619464ms] [ERROR] Failed to load resource: the server responded with a status of 403 () @ https://os.impakers.club/api/external/telemetry/auth:0
[89619797ms] [ERROR] Failed to load resource: the server responded with a status of 403 () @ https://os.impakers.club/api/external/telemetry/auth:0
[89622107ms] [ERROR] Failed to load resource: the server responded with a status of 403 () @ https://os.impakers.club/api/external/telemetry/auth:0
[89679460ms] [ERROR] Failed to load resource: the server responded with a status of 403 () @ https://os.impakers.club/api/external/telemetry/auth:0
[89735845ms] [LOG] [Fast Refresh] rebuilding @ http://localhost:3000/_next/static/chunks/node_modules_%40sentry_core_build_esm_1q_qjqh._.js:10515
[89735884ms] [LOG] [Fast Refresh] done in 140ms @ http://localhost:3000/_next/static/chunks/node_modules_%40sentry_core_build_esm_1q_qjqh._.js:10515
[89737429ms] [LOG] [Fast Refresh] rebuilding @ http://localhost:3000/_next/static/chunks/node_modules_%40sentry_core_build_esm_1q_qjqh._.js:10515
[89737449ms] [LOG] [Fast Refresh] done in 121ms @ http://localhost:3000/_next/static/chunks/node_modules_%40sentry_core_build_esm_1q_qjqh._.js:10515
[89738718ms] [LOG] [Fast Refresh] rebuilding @ http://localhost:3000/_next/static/chunks/node_modules_%40sentry_core_build_esm_1q_qjqh._.js:10515
[89738735ms] [LOG] [Fast Refresh] done in 118ms @ http://localhost:3000/_next/static/chunks/node_modules_%40sentry_core_build_esm_1q_qjqh._.js:10515
[89738986ms] [LOG] [Fast Refresh] rebuilding @ http://localhost:3000/_next/static/chunks/node_modules_%40sentry_core_build_esm_1q_qjqh._.js:10515
[89739008ms] [LOG] [Fast Refresh] done in 123ms @ http://localhost:3000/_next/static/chunks/node_modules_%40sentry_core_build_esm_1q_qjqh._.js:10515
[89739473ms] [ERROR] Failed to load resource: the server responded with a status of 403 () @ https://os.impakers.club/api/external/telemetry/auth:0
[89755401ms] [LOG] [Fast Refresh] rebuilding @ http://localhost:3000/_next/static/chunks/node_modules_%40sentry_core_build_esm_1q_qjqh._.js:10515
[89757277ms] [LOG] [Fast Refresh] done in 1977ms @ http://localhost:3000/_next/static/chunks/node_modules_%40sentry_core_build_esm_1q_qjqh._.js:10515
[89757539ms] [LOG] [Fast Refresh] rebuilding @ http://localhost:3000/_next/static/chunks/node_modules_%40sentry_core_build_esm_1q_qjqh._.js:10515
[89758922ms] [LOG] [Fast Refresh] done in 1483ms @ http://localhost:3000/_next/static/chunks/node_modules_%40sentry_core_build_esm_1q_qjqh._.js:10515
[89761046ms] [LOG] [Fast Refresh] rebuilding @ http://localhost:3000/_next/static/chunks/node_modules_%40sentry_core_build_esm_1q_qjqh._.js:10515
[89761615ms] [LOG] [Fast Refresh] done in 671ms @ http://localhost:3000/_next/static/chunks/node_modules_%40sentry_core_build_esm_1q_qjqh._.js:10515
[89763801ms] [LOG] [Fast Refresh] rebuilding @ http://localhost:3000/_next/static/chunks/node_modules_%40sentry_core_build_esm_1q_qjqh._.js:10515
[89763929ms] [LOG] [Fast Refresh] done in 229ms @ http://localhost:3000/_next/static/chunks/node_modules_%40sentry_core_build_esm_1q_qjqh._.js:10515
[89777649ms] [LOG] [Fast Refresh] rebuilding @ http://localhost:3000/_next/static/chunks/node_modules_%40sentry_core_build_esm_1q_qjqh._.js:10515
[89777683ms] [LOG] [Fast Refresh] done in 137ms @ http://localhost:3000/_next/static/chunks/node_modules_%40sentry_core_build_esm_1q_qjqh._.js:10515
[89785114ms] [LOG] [Fast Refresh] rebuilding @ http://localhost:3000/_next/static/chunks/node_modules_%40sentry_core_build_esm_1q_qjqh._.js:10515
[89785137ms] [LOG] [Fast Refresh] done in 124ms @ http://localhost:3000/_next/static/chunks/node_modules_%40sentry_core_build_esm_1q_qjqh._.js:10515
[89799477ms] [ERROR] Failed to load resource: the server responded with a status of 403 () @ https://os.impakers.club/api/external/telemetry/auth:0
[89808574ms] [LOG] [Fast Refresh] rebuilding @ http://localhost:3000/_next/static/chunks/node_modules_%40sentry_core_build_esm_1q_qjqh._.js:10515
[89808598ms] [LOG] [Fast Refresh] done in 126ms @ http://localhost:3000/_next/static/chunks/node_modules_%40sentry_core_build_esm_1q_qjqh._.js:10515
[89853024ms] [LOG] [Fast Refresh] rebuilding @ http://localhost:3000/_next/static/chunks/node_modules_%40sentry_core_build_esm_1q_qjqh._.js:10515
[89855261ms] [LOG] [Fast Refresh] done in 2338ms @ http://localhost:3000/_next/static/chunks/node_modules_%40sentry_core_build_esm_1q_qjqh._.js:10515
[89856140ms] [LOG] [Fast Refresh] rebuilding @ http://localhost:3000/_next/static/chunks/node_modules_%40sentry_core_build_esm_1q_qjqh._.js:10515
[89856146ms] [LOG] [Fast Refresh] done in 107ms @ http://localhost:3000/_next/static/chunks/node_modules_%40sentry_core_build_esm_1q_qjqh._.js:10515
[89859739ms] [ERROR] Failed to load resource: the server responded with a status of 403 () @ https://os.impakers.club/api/external/telemetry/auth:0
[89861722ms] [LOG] [Fast Refresh] rebuilding @ http://localhost:3000/_next/static/chunks/node_modules_%40sentry_core_build_esm_1q_qjqh._.js:10515
[89861770ms] [LOG] [Fast Refresh] done in 150ms @ http://localhost:3000/_next/static/chunks/node_modules_%40sentry_core_build_esm_1q_qjqh._.js:10515
[89865472ms] [LOG] [Fast Refresh] rebuilding @ http://localhost:3000/_next/static/chunks/node_modules_%40sentry_core_build_esm_1q_qjqh._.js:10515
[89865518ms] [LOG] [Fast Refresh] done in 119ms @ http://localhost:3000/_next/static/chunks/node_modules_%40sentry_core_build_esm_1q_qjqh._.js:10515
[89873163ms] [LOG] [Fast Refresh] rebuilding @ http://localhost:3000/_next/static/chunks/node_modules_%40sentry_core_build_esm_1q_qjqh._.js:10515
[89873402ms] [LOG] [Fast Refresh] done in 316ms @ http://localhost:3000/_next/static/chunks/node_modules_%40sentry_core_build_esm_1q_qjqh._.js:10515
[89919459ms] [ERROR] Failed to load resource: the server responded with a status of 403 () @ https://os.impakers.club/api/external/telemetry/auth:0
[89943461ms] [LOG] [Fast Refresh] rebuilding @ http://localhost:3000/_next/static/chunks/node_modules_%40sentry_core_build_esm_1q_qjqh._.js:10515
[89946200ms] [WARNING] [Fast Refresh] performing full reload

Fast Refresh will perform a full reload when you edit a file that's imported by modules outside of the React rendering tree.
You might have a file which exports a React component but also exports a value that is imported by a non-React component file.
Consider migrating the non-React component export to a separate file and importing it into both files.

It is also possible the parent component of the component you edited is a class component, which disables Fast Refresh.
Fast Refresh requires at least one parent function component in your React tree. @ http://localhost:3000/_next/static/chunks/node_modules_%40sentry_core_build_esm_1q_qjqh._.js:10515
[89946698ms] [ERROR] Failed to load resource: the server responded with a status of 404 (Not Found) @ http://localhost:3000/login?redirect=%2Fen%2Fabout&_rsc=qDh8EWPhWRGr9PEZ:0
[89946993ms] [ERROR] Failed to load resource: the server responded with a status of 404 (Not Found) @ http://localhost:3000/login?redirect=%2Fen%2Fabout&_rsc=qDh8EWPhWRGr9PEZ:0
[89947910ms] [ERROR] Failed to load resource: the server responded with a status of 404 (Not Found) @ http://localhost:3000/login?redirect=%2Fen%2Fabout:0
[89948114ms] [INFO] %cDownload the React DevTools for a better development experience: https://react.dev/link/react-devtools font-weight:bold @ http://localhost:3000/_next/static/chunks/node_modules_%40sentry_core_build_esm_1q_qjqh._.js:10515
[89948142ms] [LOG] [HMR] connected @ http://localhost:3000/_next/static/chunks/node_modules_%40sentry_core_build_esm_1q_qjqh._.js:10515
[89948439ms] [ERROR] Failed to load resource: the server responded with a status of 404 (Not Found) @ http://localhost:3000/login?redirect=%2Fen%2Fabout:0
[89948499ms] [LOG] [UserStoreProvider] Auth event: INITIAL_SESSION @ http://localhost:3000/_next/static/chunks/node_modules_%40sentry_core_build_esm_1q_qjqh._.js:10515
[89948936ms] [ERROR] Failed to load resource: the server responded with a status of 403 () @ https://os.impakers.club/api/external/telemetry/auth:0
[89948963ms] [ERROR] Failed to load resource: the server responded with a status of 403 () @ https://os.impakers.club/api/external/telemetry/auth:0
[89950239ms] [LOG] [Fast Refresh] rebuilding @ http://localhost:3000/_next/static/chunks/node_modules_%40sentry_core_build_esm_1q_qjqh._.js:10515
[89950277ms] [LOG] [Fast Refresh] done in 140ms @ http://localhost:3000/_next/static/chunks/node_modules_%40sentry_core_build_esm_1q_qjqh._.js:10515
[89950313ms] [ERROR] Failed to load resource: the server responded with a status of 404 (Not Found) @ http://localhost:3000/login?redirect=%2Fen%2Fabout&_rsc=qDh8EWPhWRGr9PEZ:0
[89950691ms] [ERROR] Failed to load resource: the server responded with a status of 404 (Not Found) @ http://localhost:3000/login?redirect=%2Fen%2Fabout&_rsc=qDh8EWPhWRGr9PEZ:0
[89950753ms] [ERROR] Failed to load resource: the server responded with a status of 404 (Not Found) @ http://localhost:3000/login?redirect=%2Fen%2Fabout:0
[89950954ms] [INFO] %cDownload the React DevTools for a better development experience: https://react.dev/link/react-devtools font-weight:bold @ http://localhost:3000/_next/static/chunks/node_modules_%40sentry_core_build_esm_1q_qjqh._.js:10515
[89950984ms] [LOG] [HMR] connected @ http://localhost:3000/_next/static/chunks/node_modules_%40sentry_core_build_esm_1q_qjqh._.js:10515
[89951243ms] [ERROR] Failed to load resource: the server responded with a status of 404 (Not Found) @ http://localhost:3000/login?redirect=%2Fen%2Fabout:0
[89951322ms] [LOG] [UserStoreProvider] Auth event: INITIAL_SESSION @ http://localhost:3000/_next/static/chunks/node_modules_%40sentry_core_build_esm_1q_qjqh._.js:10515
[89951491ms] [LOG] [Fast Refresh] rebuilding @ http://localhost:3000/_next/static/chunks/node_modules_%40sentry_core_build_esm_1q_qjqh._.js:10515
[89951515ms] [ERROR] Failed to load resource: the server responded with a status of 403 () @ https://os.impakers.club/api/external/telemetry/auth:0
[89951526ms] [ERROR] Failed to load resource: the server responded with a status of 403 () @ https://os.impakers.club/api/external/telemetry/auth:0
[89951649ms] [LOG] [Fast Refresh] done in 259ms @ http://localhost:3000/_next/static/chunks/node_modules_%40sentry_core_build_esm_1q_qjqh._.js:10515
[89955045ms] [ERROR] Failed to load resource: the server responded with a status of 403 () @ https://os.impakers.club/api/external/telemetry/auth:0
[89962645ms] [LOG] [Fast Refresh] rebuilding @ http://localhost:3000/_next/static/chunks/node_modules_%40sentry_core_build_esm_1q_qjqh._.js:10515
[89962745ms] [LOG] [Fast Refresh] done in 202ms @ http://localhost:3000/_next/static/chunks/node_modules_%40sentry_core_build_esm_1q_qjqh._.js:10515
[89964357ms] [LOG] [Fast Refresh] rebuilding @ http://localhost:3000/_next/static/chunks/node_modules_%40sentry_core_build_esm_1q_qjqh._.js:10515
[89966460ms] [WARNING] [Fast Refresh] performing full reload

Fast Refresh will perform a full reload when you edit a file that's imported by modules outside of the React rendering tree.
You might have a file which exports a React component but also exports a value that is imported by a non-React component file.
Consider migrating the non-React component export to a separate file and importing it into both files.

It is also possible the parent component of the component you edited is a class component, which disables Fast Refresh.
Fast Refresh requires at least one parent function component in your React tree. @ http://localhost:3000/_next/static/chunks/node_modules_%40sentry_core_build_esm_1q_qjqh._.js:10515
[89966794ms] [ERROR] Failed to load resource: the server responded with a status of 404 (Not Found) @ http://localhost:3000/login?redirect=%2Fen%2Fabout&_rsc=qDh8EWPhWRGr9PEZ:0
[89967106ms] [ERROR] Failed to load resource: the server responded with a status of 404 (Not Found) @ http://localhost:3000/login?redirect=%2Fen%2Fabout&_rsc=qDh8EWPhWRGr9PEZ:0
[89967368ms] [ERROR] Failed to load resource: the server responded with a status of 404 (Not Found) @ http://localhost:3000/login?redirect=%2Fen%2Fabout:0
[89967489ms] [INFO] %cDownload the React DevTools for a better development experience: https://react.dev/link/react-devtools font-weight:bold @ http://localhost:3000/_next/static/chunks/node_modules_%40sentry_core_build_esm_1q_qjqh._.js:10515
[89967507ms] [LOG] [HMR] connected @ http://localhost:3000/_next/static/chunks/node_modules_%40sentry_core_build_esm_1q_qjqh._.js:10515
[89967735ms] [LOG] [UserStoreProvider] Auth event: INITIAL_SESSION @ http://localhost:3000/_next/static/chunks/node_modules_%40sentry_core_build_esm_1q_qjqh._.js:10515
[89968016ms] [ERROR] Failed to load resource: the server responded with a status of 404 (Not Found) @ http://localhost:3000/login?redirect=%2Fen%2Fabout:0
[89968758ms] [ERROR] Failed to load resource: the server responded with a status of 404 (Not Found) @ http://localhost:3000/login?redirect=%2Fen%2Fabout&_rsc=qDh8EWPhWRGr9PEZ:0
[89968951ms] [ERROR] Failed to load resource: the server responded with a status of 404 (Not Found) @ http://localhost:3000/login?redirect=%2Fen%2Fabout&_rsc=qDh8EWPhWRGr9PEZ:0
[89969011ms] [ERROR] Failed to load resource: the server responded with a status of 404 (Not Found) @ http://localhost:3000/login?redirect=%2Fen%2Fabout:0
[89969215ms] [INFO] %cDownload the React DevTools for a better development experience: https://react.dev/link/react-devtools font-weight:bold @ http://localhost:3000/_next/static/chunks/node_modules_%40sentry_core_build_esm_1q_qjqh._.js:10515
[89969248ms] [LOG] [HMR] connected @ http://localhost:3000/_next/static/chunks/node_modules_%40sentry_core_build_esm_1q_qjqh._.js:10515
[89969533ms] [ERROR] Failed to load resource: the server responded with a status of 404 (Not Found) @ http://localhost:3000/login?redirect=%2Fen%2Fabout:0
[89969535ms] [LOG] [Fast Refresh] rebuilding @ http://localhost:3000/_next/static/chunks/node_modules_%40sentry_core_build_esm_1q_qjqh._.js:10515
[89969536ms] [LOG] [Fast Refresh] done in 170ms @ http://localhost:3000/_next/static/chunks/node_modules_%40sentry_core_build_esm_1q_qjqh._.js:10515
[89969606ms] [LOG] [UserStoreProvider] Auth event: INITIAL_SESSION @ http://localhost:3000/_next/static/chunks/node_modules_%40sentry_core_build_esm_1q_qjqh._.js:10515
[89969816ms] [LOG] [Fast Refresh] rebuilding @ http://localhost:3000/_next/static/chunks/node_modules_%40sentry_core_build_esm_1q_qjqh._.js:10515
[89969818ms] [ERROR] Failed to load resource: the server responded with a status of 403 () @ https://os.impakers.club/api/external/telemetry/auth:0
[89969820ms] [ERROR] Failed to load resource: the server responded with a status of 403 () @ https://os.impakers.club/api/external/telemetry/auth:0
[89969833ms] [LOG] [Fast Refresh] done in 118ms @ http://localhost:3000/_next/static/chunks/node_modules_%40sentry_core_build_esm_1q_qjqh._.js:10515
[89972966ms] [ERROR] Failed to load resource: the server responded with a status of 403 () @ https://os.impakers.club/api/external/telemetry/auth:0
[90030239ms] [ERROR] Failed to load resource: the server responded with a status of 403 () @ https://os.impakers.club/api/external/telemetry/auth:0
[90090245ms] [ERROR] Failed to load resource: the server responded with a status of 403 () @ https://os.impakers.club/api/external/telemetry/auth:0
[90150218ms] [ERROR] Failed to load resource: the server responded with a status of 403 () @ https://os.impakers.club/api/external/telemetry/auth:0
[90155210ms] [LOG] [Fast Refresh] rebuilding @ http://localhost:3000/_next/static/chunks/node_modules_%40sentry_core_build_esm_1q_qjqh._.js:10515
[90155388ms] [LOG] [Fast Refresh] done in 274ms @ http://localhost:3000/_next/static/chunks/node_modules_%40sentry_core_build_esm_1q_qjqh._.js:10515
[90161565ms] [LOG] [Fast Refresh] rebuilding @ http://localhost:3000/_next/static/chunks/node_modules_%40sentry_core_build_esm_1q_qjqh._.js:10515
[90161613ms] [LOG] [Fast Refresh] done in 145ms @ http://localhost:3000/_next/static/chunks/node_modules_%40sentry_core_build_esm_1q_qjqh._.js:10515
[90210231ms] [ERROR] Failed to load resource: the server responded with a status of 403 () @ https://os.impakers.club/api/external/telemetry/auth:0
[90214263ms] [LOG] [Fast Refresh] rebuilding @ http://localhost:3000/_next/static/chunks/node_modules_%40sentry_core_build_esm_1q_qjqh._.js:10515
[90215279ms] [LOG] [Fast Refresh] done in 1118ms @ http://localhost:3000/_next/static/chunks/node_modules_%40sentry_core_build_esm_1q_qjqh._.js:10515
[90271121ms] [ERROR] Failed to load resource: the server responded with a status of 403 () @ https://os.impakers.club/api/external/telemetry/auth:0
[90291587ms] [LOG] [Fast Refresh] rebuilding @ http://localhost:3000/_next/static/chunks/node_modules_%40sentry_core_build_esm_1q_qjqh._.js:10515
[90291895ms] [LOG] [Fast Refresh] done in 404ms @ http://localhost:3000/_next/static/chunks/node_modules_%40sentry_core_build_esm_1q_qjqh._.js:10515
[90292990ms] [LOG] [Fast Refresh] rebuilding @ http://localhost:3000/_next/static/chunks/node_modules_%40sentry_core_build_esm_1q_qjqh._.js:10515
[90295731ms] [WARNING] [Fast Refresh] performing full reload

Fast Refresh will perform a full reload when you edit a file that's imported by modules outside of the React rendering tree.
You might have a file which exports a React component but also exports a value that is imported by a non-React component file.
Consider migrating the non-React component export to a separate file and importing it into both files.

It is also possible the parent component of the component you edited is a class component, which disables Fast Refresh.
Fast Refresh requires at least one parent function component in your React tree. @ http://localhost:3000/_next/static/chunks/node_modules_%40sentry_core_build_esm_1q_qjqh._.js:10515
[90296315ms] [ERROR] Failed to load resource: the server responded with a status of 404 (Not Found) @ http://localhost:3000/login?redirect=%2Fen%2Fabout&_rsc=qDh8EWPhWRGr9PEZ:0
[90296507ms] [WARNING] [Fast Refresh] performing full reload

Fast Refresh will perform a full reload when you edit a file that's imported by modules outside of the React rendering tree.
You might have a file which exports a React component but also exports a value that is imported by a non-React component file.
Consider migrating the non-React component export to a separate file and importing it into both files.

It is also possible the parent component of the component you edited is a class component, which disables Fast Refresh.
Fast Refresh requires at least one parent function component in your React tree. @ http://localhost:3000/_next/static/chunks/node_modules_%40sentry_core_build_esm_1q_qjqh._.js:10515
[90296923ms] [LOG] [Fast Refresh] done in 3618ms @ http://localhost:3000/_next/static/chunks/node_modules_%40sentry_core_build_esm_1q_qjqh._.js:10515
[90297084ms] [WARNING] [Fast Refresh] performing full reload

Fast Refresh will perform a full reload when you edit a file that's imported by modules outside of the React rendering tree.
You might have a file which exports a React component but also exports a value that is imported by a non-React component file.
Consider migrating the non-React component export to a separate file and importing it into both files.

It is also possible the parent component of the component you edited is a class component, which disables Fast Refresh.
Fast Refresh requires at least one parent function component in your React tree. @ http://localhost:3000/_next/static/chunks/node_modules_%40sentry_core_build_esm_1q_qjqh._.js:10515
[90297790ms] [ERROR] Failed to load resource: the server responded with a status of 404 (Not Found) @ http://localhost:3000/login?redirect=%2Fen%2Fabout&_rsc=qDh8EWPhWRGr9PEZ:0
[90297854ms] [LOG] [Fast Refresh] rebuilding @ http://localhost:3000/_next/static/chunks/node_modules_%40sentry_core_build_esm_1q_qjqh._.js:10515
[90297865ms] [LOG] [Fast Refresh] done in 112ms @ http://localhost:3000/_next/static/chunks/node_modules_%40sentry_core_build_esm_1q_qjqh._.js:10515
[90298170ms] [ERROR] Failed to load resource: the server responded with a status of 404 (Not Found) @ http://localhost:3000/login?redirect=%2Fen%2Fabout:0
[90298641ms] [LOG] [Client Instrumentation Hook] Slow execution detected: 17ms (Note: Code download overhead is not included in this measurement) @ http://localhost:3000/_next/static/chunks/node_modules_%40sentry_core_build_esm_1q_qjqh._.js:10515
[90298644ms] [INFO] %cDownload the React DevTools for a better development experience: https://react.dev/link/react-devtools font-weight:bold @ http://localhost:3000/_next/static/chunks/node_modules_%40sentry_core_build_esm_1q_qjqh._.js:10515
[90298684ms] [LOG] [HMR] connected @ http://localhost:3000/_next/static/chunks/node_modules_%40sentry_core_build_esm_1q_qjqh._.js:10515
[90298995ms] [ERROR] Failed to load resource: the server responded with a status of 404 (Not Found) @ http://localhost:3000/login?redirect=%2Fen%2Fabout:0
[90298999ms] [LOG] [Fast Refresh] rebuilding @ http://localhost:3000/_next/static/chunks/node_modules_%40sentry_core_build_esm_1q_qjqh._.js:10515
[90298999ms] [LOG] [Fast Refresh] done in 271ms @ http://localhost:3000/_next/static/chunks/node_modules_%40sentry_core_build_esm_1q_qjqh._.js:10515
[90299077ms] [LOG] [UserStoreProvider] Auth event: INITIAL_SESSION @ http://localhost:3000/_next/static/chunks/node_modules_%40sentry_core_build_esm_1q_qjqh._.js:10515
[90299306ms] [LOG] [Fast Refresh] rebuilding @ http://localhost:3000/_next/static/chunks/node_modules_%40sentry_core_build_esm_1q_qjqh._.js:10515
[90299319ms] [ERROR] Failed to load resource: the server responded with a status of 403 () @ https://os.impakers.club/api/external/telemetry/auth:0
[90299319ms] [ERROR] Failed to load resource: the server responded with a status of 403 () @ https://os.impakers.club/api/external/telemetry/auth:0
[90299575ms] [LOG] [Fast Refresh] done in 370ms @ http://localhost:3000/_next/static/chunks/node_modules_%40sentry_core_build_esm_1q_qjqh._.js:10515
[90302431ms] [LOG] [Fast Refresh] rebuilding @ http://localhost:3000/_next/static/chunks/node_modules_%40sentry_core_build_esm_1q_qjqh._.js:10515
[90302463ms] [ERROR] Failed to load resource: the server responded with a status of 403 () @ https://os.impakers.club/api/external/telemetry/auth:0
[90303842ms] [ERROR] ./components/classes/ClassFormModal.tsx:950:6
Expression expected
  948 |                               <Input placeholder="예: 초등부 A반" {...field} />
  949 |                             </FormControl>
> 950 | <<<<<<< HEAD
      |      ^^
  951 |                             <FieldDescription>
  952 |                               클래스를 구분할 수 있는 명확한 이름을
  953 |                               입력해주세요.

Parsing ecmascript source code failed

Generated code of loaders [next/dist/build/babel/loader] transform of file content of components/classes/ClassFormModal.tsx:
./components/classes/ClassFormModal.tsx:950:6
  948 |                               <Input placeholder="예: 초등부 A반" {...field} />
  949 |                             </FormControl>
> 950 | <<<<<<< HEAD
      |      ^^
  951 |                             <FieldDescription>
  952 |                               클래스를 구분할 수 있는 명확한 이름을
  953 |                               입력해주세요.

Import traces:
  Client Component Browser:
    ./components/classes/ClassFormModal.tsx [Client Component Browser]
    ./app/center/classes/list/page.tsx [Client Component Browser]
    ./app/center/classes/list/page.tsx [Server Component]

  Client Component SSR:
    ./components/classes/ClassFormModal.tsx [Client Component SSR]
    ./app/center/classes/list/page.tsx [Client Component SSR]
    ./app/center/classes/list/page.tsx [Server Component] @ http://localhost:3000/_next/static/chunks/node_modules_%40sentry_core_build_esm_1q_qjqh._.js:10515
[90303933ms] [ERROR] ./components/classes/ClassFormModal.tsx:950:6
Expression expected
  948 |                               <Input placeholder="예: 초등부 A반" {...field} />
  949 |                             </FormControl>
> 950 | <<<<<<< HEAD
      |      ^^
  951 |                             <FieldDescription>
  952 |                               클래스를 구분할 수 있는 명확한 이름을
  953 |                               입력해주세요.

Parsing ecmascript source code failed

Generated code of loaders [next/dist/build/babel/loader] transform of file content of components/classes/ClassFormModal.tsx:
./components/classes/ClassFormModal.tsx:950:6
  948 |                               <Input placeholder="예: 초등부 A반" {...field} />
  949 |                             </FormControl>
> 950 | <<<<<<< HEAD
      |      ^^
  951 |                             <FieldDescription>
  952 |                               클래스를 구분할 수 있는 명확한 이름을
  953 |                               입력해주세요.

Import traces:
  Client Component Browser:
    ./components/classes/ClassFormModal.tsx [Client Component Browser]
    ./app/center/classes/list/page.tsx [Client Component Browser]
    ./app/center/classes/list/page.tsx [Server Component]

  Client Component SSR:
    ./components/classes/ClassFormModal.tsx [Client Component SSR]
    ./app/center/classes/list/page.tsx [Client Component SSR]
    ./app/center/classes/list/page.tsx [Server Component] @ http://localhost:3000/_next/static/chunks/node_modules_%40sentry_core_build_esm_1q_qjqh._.js:10515
[90304034ms] [LOG] [Fast Refresh] rebuilding @ http://localhost:3000/_next/static/chunks/node_modules_%40sentry_core_build_esm_1q_qjqh._.js:10515
[90304686ms] [ERROR] ./components/classes/ClassFormModal.tsx:950:6
Expression expected
  948 |                               <Input placeholder="예: 초등부 A반" {...field} />
  949 |                             </FormControl>
> 950 | <<<<<<< HEAD
      |      ^^
  951 |                             <FieldDescription>
  952 |                               클래스를 구분할 수 있는 명확한 이름을
  953 |                               입력해주세요.

Parsing ecmascript source code failed

Generated code of loaders [next/dist/build/babel/loader] transform of file content of components/classes/ClassFormModal.tsx:
./components/classes/ClassFormModal.tsx:950:6
  948 |                               <Input placeholder="예: 초등부 A반" {...field} />
  949 |                             </FormControl>
> 950 | <<<<<<< HEAD
      |      ^^
  951 |                             <FieldDescription>
  952 |                               클래스를 구분할 수 있는 명확한 이름을
  953 |                               입력해주세요.

Import traces:
  Client Component Browser:
    ./components/classes/ClassFormModal.tsx [Client Component Browser]
    ./app/center/classes/list/page.tsx [Client Component Browser]
    ./app/center/classes/list/page.tsx [Server Component]

  Client Component SSR:
    ./components/classes/ClassFormModal.tsx [Client Component SSR]
    ./app/center/classes/list/page.tsx [Client Component SSR]
    ./app/center/classes/list/page.tsx [Server Component] @ http://localhost:3000/_next/static/chunks/node_modules_%40sentry_core_build_esm_1q_qjqh._.js:10515
[90304788ms] [LOG] [Fast Refresh] rebuilding @ http://localhost:3000/_next/static/chunks/node_modules_%40sentry_core_build_esm_1q_qjqh._.js:10515
[90304955ms] [ERROR] ./components/classes/ClassFormModal.tsx:950:6
Expression expected
  948 |                               <Input placeholder="예: 초등부 A반" {...field} />
  949 |                             </FormControl>
> 950 | <<<<<<< HEAD
      |      ^^
  951 |                             <FieldDescription>
  952 |                               클래스를 구분할 수 있는 명확한 이름을
  953 |                               입력해주세요.

Parsing ecmascript source code failed

Generated code of loaders [next/dist/build/babel/loader] transform of file content of components/classes/ClassFormModal.tsx:
./components/classes/ClassFormModal.tsx:950:6
  948 |                               <Input placeholder="예: 초등부 A반" {...field} />
  949 |                             </FormControl>
> 950 | <<<<<<< HEAD
      |      ^^
  951 |                             <FieldDescription>
  952 |                               클래스를 구분할 수 있는 명확한 이름을
  953 |                               입력해주세요.

Import traces:
  Client Component Browser:
    ./components/classes/ClassFormModal.tsx [Client Component Browser]
    ./app/center/classes/list/page.tsx [Client Component Browser]
    ./app/center/classes/list/page.tsx [Server Component]

  Client Component SSR:
    ./components/classes/ClassFormModal.tsx [Client Component SSR]
    ./app/center/classes/list/page.tsx [Client Component SSR]
    ./app/center/classes/list/page.tsx [Server Component] @ http://localhost:3000/_next/static/chunks/node_modules_%40sentry_core_build_esm_1q_qjqh._.js:10515
[90305027ms] [ERROR] Failed to load resource: the server responded with a status of 500 (Internal Server Error) @ http://localhost:3000/login?redirect=%2Fen%2Fabout&_rsc=qDh8EWPhWRGr9PEZ:0
[90305157ms] [LOG] [Fast Refresh] rebuilding @ http://localhost:3000/_next/static/chunks/node_modules_%40sentry_core_build_esm_1q_qjqh._.js:10515
[90305162ms] [ERROR] Failed to load resource: the server responded with a status of 500 (Internal Server Error) @ http://localhost:3000/login?redirect=%2Fen%2Fabout&_rsc=qDh8EWPhWRGr9PEZ:0
[90305226ms] [ERROR] Failed to load resource: the server responded with a status of 500 (Internal Server Error) @ http://localhost:3000/login?redirect=%2Fen%2Fabout:0
[90305494ms] [INFO] %cDownload the React DevTools for a better development experience: https://react.dev/link/react-devtools font-weight:bold @ http://localhost:3000/_next/static/chunks/node_modules_react-dom_0kla17-._.js:15306
[90305580ms] Error: ./components/classes/ClassFormModal.tsx:950:6
Expression expected
  948 |                               <Input placeholder="예: 초등부 A반" {...field} />
  949 |                             </FormControl>
> 950 | <<<<<<< HEAD
      |      ^^
  951 |                             <FieldDescription>
  952 |                               클래스를 구분할 수 있는 명확한 이름을
  953 |                               입력해주세요.

Parsing ecmascript source code failed

Generated code of loaders [next/dist/build/babel/loader] transform of file content of components/classes/ClassFormModal.tsx:
./components/classes/ClassFormModal.tsx:950:6
  948 |                               <Input placeholder="예: 초등부 A반" {...field} />
  949 |                             </FormControl>
> 950 | <<<<<<< HEAD
      |      ^^
  951 |                             <FieldDescription>
  952 |                               클래스를 구분할 수 있는 명확한 이름을
  953 |                               입력해주세요.

Import traces:
  Client Component Browser:
    ./components/classes/ClassFormModal.tsx [Client Component Browser]
    ./app/center/classes/list/page.tsx [Client Component Browser]
    ./app/center/classes/list/page.tsx [Server Component]

  Client Component SSR:
    ./components/classes/ClassFormModal.tsx [Client Component SSR]
    ./app/center/classes/list/page.tsx [Client Component SSR]
    ./app/center/classes/list/page.tsx [Server Component]


    at <unknown> (Error: ./components/classes/ClassFormModal.tsx:950:6)
    at <unknown> (./components/classes/ClassFormModal.tsx:950:6)
    at Object.getCompilationErrors (file:///Users/sangsoolee/GitHub/place-real/place/node_modules/next/dist/server/dev/hot-reloader-turbopack.js:1186:59)
    at DevBundlerService.getCompilationError (file:///Users/sangsoolee/GitHub/place-real/place/node_modules/next/dist/server/lib/dev-bundler-service.js:44:55)
    at DevServer.getCompilationError (file:///Users/sangsoolee/GitHub/place-real/place/node_modules/next/dist/server/dev/next-dev-server.js:720:42)
    at DevServer.findPageComponents (file:///Users/sangsoolee/GitHub/place-real/place/node_modules/next/dist/server/dev/next-dev-server.js:690:43)
    at async DevServer.renderErrorToResponseImpl (file:///Users/sangsoolee/GitHub/place-real/place/node_modules/next/dist/server/base-server.js:1694:30)
[90305548ms] [LOG] [HMR] connected @ http://localhost:3000/_next/static/chunks/node_modules_%40sentry_core_build_esm_0pcxffo._.js:10515
[90305550ms] [ERROR] ./components/classes/ClassFormModal.tsx:950:6
Expression expected
  948 |                               <Input placeholder="예: 초등부 A반" {...field} />
  949 |                             </FormControl>
> 950 | <<<<<<< HEAD
      |      ^^
  951 |                             <FieldDescription>
  952 |                               클래스를 구분할 수 있는 명확한 이름을
  953 |                               입력해주세요.

Parsing ecmascript source code failed

Generated code of loaders [next/dist/build/babel/loader] transform of file content of components/classes/ClassFormModal.tsx:
./components/classes/ClassFormModal.tsx:950:6
  948 |                               <Input placeholder="예: 초등부 A반" {...field} />
  949 |                             </FormControl>
> 950 | <<<<<<< HEAD
      |      ^^
  951 |                             <FieldDescription>
  952 |                               클래스를 구분할 수 있는 명확한 이름을
  953 |                               입력해주세요.

Import traces:
  Client Component Browser:
    ./components/classes/ClassFormModal.tsx [Client Component Browser]
    ./app/center/classes/list/page.tsx [Client Component Browser]
    ./app/center/classes/list/page.tsx [Server Component]

  Client Component SSR:
    ./components/classes/ClassFormModal.tsx [Client Component SSR]
    ./app/center/classes/list/page.tsx [Client Component SSR]
    ./app/center/classes/list/page.tsx [Server Component] @ http://localhost:3000/_next/static/chunks/node_modules_next_dist_1gdrd03._.js:1951
[90305601ms] [ERROR] ./components/classes/ClassFormModal.tsx:950:6
Expression expected
  948 |                               <Input placeholder="예: 초등부 A반" {...field} />
  949 |                             </FormControl>
> 950 | <<<<<<< HEAD
      |      ^^
  951 |                             <FieldDescription>
  952 |                               클래스를 구분할 수 있는 명확한 이름을
  953 |                               입력해주세요.

Parsing ecmascript source code failed

Generated code of loaders [next/dist/build/babel/loader] transform of file content of components/classes/ClassFormModal.tsx:
./components/classes/ClassFormModal.tsx:950:6
  948 |                               <Input placeholder="예: 초등부 A반" {...field} />
  949 |                             </FormControl>
> 950 | <<<<<<< HEAD
      |      ^^
  951 |                             <FieldDescription>
  952 |                               클래스를 구분할 수 있는 명확한 이름을
  953 |                               입력해주세요.

Import traces:
  Client Component Browser:
    ./components/classes/ClassFormModal.tsx [Client Component Browser]
    ./app/center/classes/list/page.tsx [Client Component Browser]
    ./app/center/classes/list/page.tsx [Server Component]

  Client Component SSR:
    ./components/classes/ClassFormModal.tsx [Client Component SSR]
    ./app/center/classes/list/page.tsx [Client Component SSR]
    ./app/center/classes/list/page.tsx [Server Component] @ http://localhost:3000/_next/static/chunks/node_modules_next_dist_1gdrd03._.js:1951
[90305677ms] [ERROR] ./components/classes/ClassFormModal.tsx:950:6
Expression expected
  948 |                               <Input placeholder="예: 초등부 A반" {...field} />
  949 |                             </FormControl>
> 950 | <<<<<<< HEAD
      |      ^^
  951 |                             <FieldDescription>
  952 |                               클래스를 구분할 수 있는 명확한 이름을
  953 |                               입력해주세요.

Parsing ecmascript source code failed

Generated code of loaders [next/dist/build/babel/loader] transform of file content of components/classes/ClassFormModal.tsx:
./components/classes/ClassFormModal.tsx:950:6
  948 |                               <Input placeholder="예: 초등부 A반" {...field} />
  949 |                             </FormControl>
> 950 | <<<<<<< HEAD
      |      ^^
  951 |                             <FieldDescription>
  952 |                               클래스를 구분할 수 있는 명확한 이름을
  953 |                               입력해주세요.

Import traces:
  Client Component Browser:
    ./components/classes/ClassFormModal.tsx [Client Component Browser]
    ./app/center/classes/list/page.tsx [Client Component Browser]
    ./app/center/classes/list/page.tsx [Server Component]

  Client Component SSR:
    ./components/classes/ClassFormModal.tsx [Client Component SSR]
    ./app/center/classes/list/page.tsx [Client Component SSR]
    ./app/center/classes/list/page.tsx [Server Component] @ http://localhost:3000/_next/static/chunks/node_modules_next_dist_1gdrd03._.js:1951
[90305702ms] [LOG] [Fast Refresh] rebuilding @ http://localhost:3000/_next/static/chunks/node_modules_%40sentry_core_build_esm_0pcxffo._.js:10515
[90305807ms] [ERROR] ./components/classes/ClassFormModal.tsx:950:6
Expression expected
  948 |                               <Input placeholder="예: 초등부 A반" {...field} />
  949 |                             </FormControl>
> 950 | <<<<<<< HEAD
      |      ^^
  951 |                             <FieldDescription>
  952 |                               클래스를 구분할 수 있는 명확한 이름을
  953 |                               입력해주세요.

Parsing ecmascript source code failed

Generated code of loaders [next/dist/build/babel/loader] transform of file content of components/classes/ClassFormModal.tsx:
./components/classes/ClassFormModal.tsx:950:6
  948 |                               <Input placeholder="예: 초등부 A반" {...field} />
  949 |                             </FormControl>
> 950 | <<<<<<< HEAD
      |      ^^
  951 |                             <FieldDescription>
  952 |                               클래스를 구분할 수 있는 명확한 이름을
  953 |                               입력해주세요.

Import traces:
  Client Component Browser:
    ./components/classes/ClassFormModal.tsx [Client Component Browser]
    ./app/center/classes/list/page.tsx [Client Component Browser]
    ./app/center/classes/list/page.tsx [Server Component]

  Client Component SSR:
    ./components/classes/ClassFormModal.tsx [Client Component SSR]
    ./app/center/classes/list/page.tsx [Client Component SSR]
    ./app/center/classes/list/page.tsx [Server Component] @ http://localhost:3000/_next/static/chunks/node_modules_next_dist_1gdrd03._.js:1951
[90305821ms] [LOG] [Fast Refresh] rebuilding @ http://localhost:3000/_next/static/chunks/node_modules_%40sentry_core_build_esm_0pcxffo._.js:10515
[90310946ms] [ERROR] Failed to load resource: the server responded with a status of 429 () @ https://o4510435610853376.ingest.us.sentry.io/api/4510435768664064/envelope/?sentry_version=7&sentry_key=10791d539fe865c27b1da8be6680477b&sentry_client=sentry.javascript.nextjs%2F10.48.0:0
[90322110ms] [LOG] [Fast Refresh] rebuilding @ http://localhost:3000/_next/static/chunks/node_modules_%40sentry_core_build_esm_0pcxffo._.js:10515
[90322447ms] [LOG] [Fast Refresh] done in 351ms @ http://localhost:3000/_next/static/chunks/node_modules_%40sentry_core_build_esm_0pcxffo._.js:10515
[90322650ms] [LOG] [Fast Refresh] rebuilding @ http://localhost:3000/_next/static/chunks/node_modules_%40sentry_core_build_esm_0pcxffo._.js:10515
[90322762ms] [LOG] [Fast Refresh] done in 212ms @ http://localhost:3000/_next/static/chunks/node_modules_%40sentry_core_build_esm_0pcxffo._.js:10515
[90323356ms] [ERROR] Failed to load resource: the server responded with a status of 404 (Not Found) @ http://localhost:3000/login?redirect=%2Fen%2Fabout:0
[90323570ms] [INFO] %cDownload the React DevTools for a better development experience: https://react.dev/link/react-devtools font-weight:bold @ http://localhost:3000/_next/static/chunks/node_modules_%40sentry_core_build_esm_1q_qjqh._.js:10515
[90323603ms] [LOG] [HMR] connected @ http://localhost:3000/_next/static/chunks/node_modules_%40sentry_core_build_esm_1q_qjqh._.js:10515
[90323766ms] [LOG] [UserStoreProvider] Auth event: INITIAL_SESSION @ http://localhost:3000/_next/static/chunks/node_modules_%40sentry_core_build_esm_1q_qjqh._.js:10515
[90323818ms] [LOG] [Fast Refresh] rebuilding @ http://localhost:3000/_next/static/chunks/node_modules_%40sentry_core_build_esm_1q_qjqh._.js:10515
[90323832ms] [LOG] [Fast Refresh] done in 116ms @ http://localhost:3000/_next/static/chunks/node_modules_%40sentry_core_build_esm_1q_qjqh._.js:10515
[90323837ms] [ERROR] Failed to load resource: the server responded with a status of 404 (Not Found) @ http://localhost:3000/login?redirect=%2Fen%2Fabout:0
[90324532ms] [ERROR] Failed to load resource: the server responded with a status of 403 () @ https://os.impakers.club/api/external/telemetry/auth:0
[90324538ms] [ERROR] Failed to load resource: the server responded with a status of 403 () @ https://os.impakers.club/api/external/telemetry/auth:0
[90327281ms] [ERROR] Failed to load resource: the server responded with a status of 403 () @ https://os.impakers.club/api/external/telemetry/auth:0
[90329443ms] [ERROR] Failed to load resource: the server responded with a status of 429 () @ https://o4510435610853376.ingest.us.sentry.io/api/4510435768664064/envelope/?sentry_version=7&sentry_key=10791d539fe865c27b1da8be6680477b&sentry_client=sentry.javascript.nextjs%2F10.48.0:0
[90340388ms] [LOG] [Fast Refresh] rebuilding @ http://localhost:3000/_next/static/chunks/node_modules_%40sentry_core_build_esm_1q_qjqh._.js:10515
[90340454ms] [LOG] [Fast Refresh] done in 161ms @ http://localhost:3000/_next/static/chunks/node_modules_%40sentry_core_build_esm_1q_qjqh._.js:10515
[90345841ms] [LOG] [Fast Refresh] rebuilding @ http://localhost:3000/_next/static/chunks/node_modules_%40sentry_core_build_esm_1q_qjqh._.js:10515
[90345858ms] [LOG] [Fast Refresh] done in 119ms @ http://localhost:3000/_next/static/chunks/node_modules_%40sentry_core_build_esm_1q_qjqh._.js:10515
[90347738ms] [LOG] [Fast Refresh] rebuilding @ http://localhost:3000/_next/static/chunks/node_modules_%40sentry_core_build_esm_1q_qjqh._.js:10515
[90347778ms] [LOG] [Fast Refresh] done in 137ms @ http://localhost:3000/_next/static/chunks/node_modules_%40sentry_core_build_esm_1q_qjqh._.js:10515
[90351649ms] [LOG] [Fast Refresh] rebuilding @ http://localhost:3000/_next/static/chunks/node_modules_%40sentry_core_build_esm_1q_qjqh._.js:10515
[90353274ms] [LOG] [Fast Refresh] done in 1727ms @ http://localhost:3000/_next/static/chunks/node_modules_%40sentry_core_build_esm_1q_qjqh._.js:10515
[90353375ms] [LOG] [Fast Refresh] rebuilding @ http://localhost:3000/_next/static/chunks/node_modules_%40sentry_core_build_esm_1q_qjqh._.js:10515
[90353449ms] [LOG] [Fast Refresh] done in 175ms @ http://localhost:3000/_next/static/chunks/node_modules_%40sentry_core_build_esm_1q_qjqh._.js:10515
[90360311ms] [LOG] [Fast Refresh] rebuilding @ http://localhost:3000/_next/static/chunks/node_modules_%40sentry_core_build_esm_1q_qjqh._.js:10515
[90360423ms] [LOG] [Fast Refresh] done in 210ms @ http://localhost:3000/_next/static/chunks/node_modules_%40sentry_core_build_esm_1q_qjqh._.js:10515
[90368684ms] [LOG] [Fast Refresh] rebuilding @ http://localhost:3000/_next/static/chunks/node_modules_%40sentry_core_build_esm_1q_qjqh._.js:10515
[90369843ms] [LOG] [Fast Refresh] done in 1260ms @ http://localhost:3000/_next/static/chunks/node_modules_%40sentry_core_build_esm_1q_qjqh._.js:10515
[90374838ms] [LOG] [Fast Refresh] rebuilding @ http://localhost:3000/_next/static/chunks/node_modules_%40sentry_core_build_esm_1q_qjqh._.js:10515
[90377295ms] [LOG] [Fast Refresh] done in 2557ms @ http://localhost:3000/_next/static/chunks/node_modules_%40sentry_core_build_esm_1q_qjqh._.js:10515
[90377424ms] [LOG] [Fast Refresh] rebuilding @ http://localhost:3000/_next/static/chunks/node_modules_%40sentry_core_build_esm_1q_qjqh._.js:10515
[90377432ms] [LOG] [Fast Refresh] done in 110ms @ http://localhost:3000/_next/static/chunks/node_modules_%40sentry_core_build_esm_1q_qjqh._.js:10515
[90384535ms] [ERROR] Failed to load resource: the server responded with a status of 403 () @ https://os.impakers.club/api/external/telemetry/auth:0
[90444234ms] [LOG] [Fast Refresh] rebuilding @ http://localhost:3000/_next/static/chunks/node_modules_%40sentry_core_build_esm_1q_qjqh._.js:10515
[90444426ms] [LOG] [Fast Refresh] done in 286ms @ http://localhost:3000/_next/static/chunks/node_modules_%40sentry_core_build_esm_1q_qjqh._.js:10515
[90444584ms] [ERROR] Failed to load resource: the server responded with a status of 403 () @ https://os.impakers.club/api/external/telemetry/auth:0
[90505023ms] [ERROR] Failed to load resource: the server responded with a status of 403 () @ https://os.impakers.club/api/external/telemetry/auth:0
[90564472ms] [ERROR] Failed to load resource: the server responded with a status of 403 () @ https://os.impakers.club/api/external/telemetry/auth:0
[90597764ms] [ERROR] WebSocket connection to 'ws://localhost:3000/_next/webpack-hmr?id=O76nxDDivSBzCascBSts8' failed: Error in connection establishment: net::ERR_CONNECTION_REFUSED @ http://localhost:3000/_next/static/chunks/node_modules_next_dist_client_1um1_-a._.js:14623
[90598767ms] [ERROR] WebSocket connection to 'ws://localhost:3000/_next/webpack-hmr?id=O76nxDDivSBzCascBSts8' failed: Error in connection establishment: net::ERR_CONNECTION_REFUSED @ http://localhost:3000/_next/static/chunks/node_modules_next_dist_client_1um1_-a._.js:14623
[90599770ms] [ERROR] WebSocket connection to 'ws://localhost:3000/_next/webpack-hmr?id=O76nxDDivSBzCascBSts8' failed: Error in connection establishment: net::ERR_CONNECTION_REFUSED @ http://localhost:3000/_next/static/chunks/node_modules_next_dist_client_1um1_-a._.js:14623
[90600772ms] [ERROR] WebSocket connection to 'ws://localhost:3000/_next/webpack-hmr?id=O76nxDDivSBzCascBSts8' failed: Error in connection establishment: net::ERR_CONNECTION_REFUSED @ http://localhost:3000/_next/static/chunks/node_modules_next_dist_client_1um1_-a._.js:14623
[90601775ms] [ERROR] WebSocket connection to 'ws://localhost:3000/_next/webpack-hmr?id=O76nxDDivSBzCascBSts8' failed: Error in connection establishment: net::ERR_CONNECTION_REFUSED @ http://localhost:3000/_next/static/chunks/node_modules_next_dist_client_1um1_-a._.js:14623
[90606780ms] [ERROR] WebSocket connection to 'ws://localhost:3000/_next/webpack-hmr?id=O76nxDDivSBzCascBSts8' failed: Error in connection establishment: net::ERR_CONNECTION_REFUSED @ http://localhost:3000/_next/static/chunks/node_modules_next_dist_client_1um1_-a._.js:14623
[90611788ms] [ERROR] WebSocket connection to 'ws://localhost:3000/_next/webpack-hmr?id=O76nxDDivSBzCascBSts8' failed: Error in connection establishment: net::ERR_CONNECTION_REFUSED @ http://localhost:3000/_next/static/chunks/node_modules_next_dist_client_1um1_-a._.js:14623
[90616817ms] [ERROR] WebSocket connection to 'ws://localhost:3000/_next/webpack-hmr?id=O76nxDDivSBzCascBSts8' failed: Error in connection establishment: net::ERR_CONNECTION_REFUSED @ http://localhost:3000/_next/static/chunks/node_modules_next_dist_client_1um1_-a._.js:14623
[90621854ms] [ERROR] WebSocket connection to 'ws://localhost:3000/_next/webpack-hmr?id=O76nxDDivSBzCascBSts8' failed: Error in connection establishment: net::ERR_CONNECTION_REFUSED @ http://localhost:3000/_next/static/chunks/node_modules_next_dist_client_1um1_-a._.js:14623
[90624506ms] [ERROR] Failed to load resource: the server responded with a status of 403 () @ https://os.impakers.club/api/external/telemetry/auth:0
[90626895ms] [ERROR] WebSocket connection to 'ws://localhost:3000/_next/webpack-hmr?id=O76nxDDivSBzCascBSts8' failed: Error in connection establishment: net::ERR_CONNECTION_REFUSED @ http://localhost:3000/_next/static/chunks/node_modules_next_dist_client_1um1_-a._.js:14623
[90632052ms] [ERROR] WebSocket connection to 'ws://localhost:3000/_next/webpack-hmr?id=O76nxDDivSBzCascBSts8' failed: Error in connection establishment: net::ERR_CONNECTION_REFUSED @ http://localhost:3000/_next/static/chunks/node_modules_next_dist_client_1um1_-a._.js:14623
[90637128ms] [ERROR] WebSocket connection to 'ws://localhost:3000/_next/webpack-hmr?id=O76nxDDivSBzCascBSts8' failed: Error in connection establishment: net::ERR_CONNECTION_REFUSED @ http://localhost:3000/_next/static/chunks/node_modules_next_dist_client_1um1_-a._.js:14623
[90733400ms] [ERROR] Failed to load resource: the server responded with a status of 404 (Not Found) @ http://localhost:3000/login?redirect=%2Fen%2Fabout:0
[90733485ms] [INFO] %cDownload the React DevTools for a better development experience: https://react.dev/link/react-devtools font-weight:bold @ http://localhost:3000/_next/static/chunks/node_modules_%40sentry_core_build_esm_1q_qjqh._.js:10515
[90733522ms] [LOG] [HMR] connected @ http://localhost:3000/_next/static/chunks/node_modules_%40sentry_core_build_esm_1q_qjqh._.js:10515
[90733599ms] [ERROR] Failed to load resource: the server responded with a status of 404 (Not Found) @ http://localhost:3000/login?redirect=%2Fen%2Fabout:0
[90733754ms] [LOG] [UserStoreProvider] Auth event: INITIAL_SESSION @ http://localhost:3000/_next/static/chunks/node_modules_%40sentry_core_build_esm_1q_qjqh._.js:10515
[90734481ms] [ERROR] Failed to load resource: the server responded with a status of 403 () @ https://os.impakers.club/api/external/telemetry/auth:0
[90734482ms] [ERROR] Failed to load resource: the server responded with a status of 403 () @ https://os.impakers.club/api/external/telemetry/auth:0
[90737021ms] [ERROR] Failed to load resource: the server responded with a status of 403 () @ https://os.impakers.club/api/external/telemetry/auth:0
[90783943ms] [LOG] [Fast Refresh] rebuilding @ http://localhost:3000/_next/static/chunks/node_modules_%40sentry_core_build_esm_1q_qjqh._.js:10515
[90784010ms] [LOG] [Fast Refresh] done in 163ms @ http://localhost:3000/_next/static/chunks/node_modules_%40sentry_core_build_esm_1q_qjqh._.js:10515
[90789504ms] [LOG] [Fast Refresh] rebuilding @ http://localhost:3000/_next/static/chunks/node_modules_%40sentry_core_build_esm_1q_qjqh._.js:10515
[90789538ms] [LOG] [Fast Refresh] done in 128ms @ http://localhost:3000/_next/static/chunks/node_modules_%40sentry_core_build_esm_1q_qjqh._.js:10515
[90794444ms] [ERROR] Failed to load resource: the server responded with a status of 403 () @ https://os.impakers.club/api/external/telemetry/auth:0
[90854476ms] [ERROR] Failed to load resource: the server responded with a status of 403 () @ https://os.impakers.club/api/external/telemetry/auth:0
[90914472ms] [ERROR] Failed to load resource: the server responded with a status of 403 () @ https://os.impakers.club/api/external/telemetry/auth:0
[90974605ms] [ERROR] Failed to load resource: the server responded with a status of 403 () @ https://os.impakers.club/api/external/telemetry/auth:0
[91034751ms] [ERROR] Failed to load resource: the server responded with a status of 403 () @ https://os.impakers.club/api/external/telemetry/auth:0
[91094699ms] [ERROR] Failed to load resource: the server responded with a status of 403 () @ https://os.impakers.club/api/external/telemetry/auth:0
[91114850ms] [LOG] [Fast Refresh] rebuilding @ http://localhost:3000/_next/static/chunks/node_modules_%40sentry_core_build_esm_1q_qjqh._.js:10515
[91114928ms] [LOG] [Fast Refresh] done in 174ms @ http://localhost:3000/_next/static/chunks/node_modules_%40sentry_core_build_esm_1q_qjqh._.js:10515
[91116992ms] [LOG] [Fast Refresh] rebuilding @ http://localhost:3000/_next/static/chunks/node_modules_%40sentry_core_build_esm_1q_qjqh._.js:10515
[91117022ms] [LOG] [Fast Refresh] done in 128ms @ http://localhost:3000/_next/static/chunks/node_modules_%40sentry_core_build_esm_1q_qjqh._.js:10515
[91121570ms] [LOG] [Fast Refresh] rebuilding @ http://localhost:3000/_next/static/chunks/node_modules_%40sentry_core_build_esm_1q_qjqh._.js:10515
[91121604ms] [LOG] [Fast Refresh] done in 131ms @ http://localhost:3000/_next/static/chunks/node_modules_%40sentry_core_build_esm_1q_qjqh._.js:10515
[91125981ms] [LOG] [Fast Refresh] rebuilding @ http://localhost:3000/_next/static/chunks/node_modules_%40sentry_core_build_esm_1q_qjqh._.js:10515
[91126030ms] [LOG] [Fast Refresh] done in 146ms @ http://localhost:3000/_next/static/chunks/node_modules_%40sentry_core_build_esm_1q_qjqh._.js:10515
[91127439ms] [LOG] [Fast Refresh] rebuilding @ http://localhost:3000/_next/static/chunks/node_modules_%40sentry_core_build_esm_1q_qjqh._.js:10515
[91127465ms] [LOG] [Fast Refresh] done in 128ms @ http://localhost:3000/_next/static/chunks/node_modules_%40sentry_core_build_esm_1q_qjqh._.js:10515
[91154804ms] [ERROR] Failed to load resource: the server responded with a status of 403 () @ https://os.impakers.club/api/external/telemetry/auth:0
[91174151ms] [LOG] [Fast Refresh] rebuilding @ http://localhost:3000/_next/static/chunks/node_modules_%40sentry_core_build_esm_1q_qjqh._.js:10515
[91175269ms] [LOG] [Fast Refresh] done in 1220ms @ http://localhost:3000/_next/static/chunks/node_modules_%40sentry_core_build_esm_1q_qjqh._.js:10515
[91211601ms] [LOG] [Fast Refresh] rebuilding @ http://localhost:3000/_next/static/chunks/node_modules_%40sentry_core_build_esm_1q_qjqh._.js:10515
[91211652ms] [LOG] [Fast Refresh] done in 153ms @ http://localhost:3000/_next/static/chunks/node_modules_%40sentry_core_build_esm_1q_qjqh._.js:10515
[91214470ms] [ERROR] Failed to load resource: the server responded with a status of 403 () @ https://os.impakers.club/api/external/telemetry/auth:0
[91275000ms] [ERROR] Failed to load resource: the server responded with a status of 403 () @ https://os.impakers.club/api/external/telemetry/auth:0
[91334733ms] [ERROR] Failed to load resource: the server responded with a status of 403 () @ https://os.impakers.club/api/external/telemetry/auth:0
[91396208ms] [ERROR] Failed to load resource: the server responded with a status of 403 () @ https://os.impakers.club/api/external/telemetry/auth:0
[91454861ms] [ERROR] Failed to load resource: the server responded with a status of 403 () @ https://os.impakers.club/api/external/telemetry/auth:0
[91514464ms] [ERROR] Failed to load resource: the server responded with a status of 403 () @ https://os.impakers.club/api/external/telemetry/auth:0
[91574436ms] [ERROR] Failed to load resource: the server responded with a status of 403 () @ https://os.impakers.club/api/external/telemetry/auth:0
[91625055ms] [LOG] [Fast Refresh] rebuilding @ http://localhost:3000/_next/static/chunks/node_modules_%40sentry_core_build_esm_1q_qjqh._.js:10515
[91627234ms] [WARNING] [Fast Refresh] performing full reload

Fast Refresh will perform a full reload when you edit a file that's imported by modules outside of the React rendering tree.
You might have a file which exports a React component but also exports a value that is imported by a non-React component file.
Consider migrating the non-React component export to a separate file and importing it into both files.

It is also possible the parent component of the component you edited is a class component, which disables Fast Refresh.
Fast Refresh requires at least one parent function component in your React tree. @ http://localhost:3000/_next/static/chunks/node_modules_%40sentry_core_build_esm_1q_qjqh._.js:10515
[91627595ms] [ERROR] Failed to load resource: the server responded with a status of 404 (Not Found) @ http://localhost:3000/login?redirect=%2Fen%2Fabout&_rsc=qDh8EWPhWRGr9PEZ:0
[91627944ms] [ERROR] Failed to load resource: the server responded with a status of 404 (Not Found) @ http://localhost:3000/login?redirect=%2Fen%2Fabout&_rsc=qDh8EWPhWRGr9PEZ:0
[91628989ms] [ERROR] Failed to load resource: the server responded with a status of 404 (Not Found) @ http://localhost:3000/login?redirect=%2Fen%2Fabout:0
[91629510ms] [INFO] %cDownload the React DevTools for a better development experience: https://react.dev/link/react-devtools font-weight:bold @ http://localhost:3000/_next/static/chunks/node_modules_%40sentry_core_build_esm_1q_qjqh._.js:10515
[91629545ms] [LOG] [HMR] connected @ http://localhost:3000/_next/static/chunks/node_modules_%40sentry_core_build_esm_1q_qjqh._.js:10515
[91629770ms] [LOG] [UserStoreProvider] Auth event: INITIAL_SESSION @ http://localhost:3000/_next/static/chunks/node_modules_%40sentry_core_build_esm_1q_qjqh._.js:10515
[91629825ms] [ERROR] Failed to load resource: the server responded with a status of 404 (Not Found) @ http://localhost:3000/login?redirect=%2Fen%2Fabout:0
[91630193ms] [ERROR] Failed to load resource: the server responded with a status of 403 () @ https://os.impakers.club/api/external/telemetry/auth:0
[91630209ms] [ERROR] Failed to load resource: the server responded with a status of 403 () @ https://os.impakers.club/api/external/telemetry/auth:0
[91631455ms] [ERROR] Failed to load resource: the server responded with a status of 404 (Not Found) @ http://localhost:3000/login?redirect=%2Fen%2Fabout&_rsc=qDh8EWPhWRGr9PEZ:0
[91631556ms] [ERROR] Failed to load resource: the server responded with a status of 404 (Not Found) @ http://localhost:3000/login?redirect=%2Fen%2Fabout:0
[91631597ms] [INFO] %cDownload the React DevTools for a better development experience: https://react.dev/link/react-devtools font-weight:bold @ http://localhost:3000/_next/static/chunks/node_modules_%40sentry_core_build_esm_1q_qjqh._.js:10515
[91631616ms] [LOG] [HMR] connected @ http://localhost:3000/_next/static/chunks/node_modules_%40sentry_core_build_esm_1q_qjqh._.js:10515
[91631798ms] [ERROR] Failed to load resource: the server responded with a status of 404 (Not Found) @ http://localhost:3000/login?redirect=%2Fen%2Fabout:0
[91631847ms] [LOG] [UserStoreProvider] Auth event: INITIAL_SESSION @ http://localhost:3000/_next/static/chunks/node_modules_%40sentry_core_build_esm_1q_qjqh._.js:10515
[91632086ms] [ERROR] Failed to load resource: the server responded with a status of 403 () @ https://os.impakers.club/api/external/telemetry/auth:0
[91632086ms] [ERROR] Failed to load resource: the server responded with a status of 403 () @ https://os.impakers.club/api/external/telemetry/auth:0
[91632832ms] [LOG] [Fast Refresh] rebuilding @ http://localhost:3000/_next/static/chunks/node_modules_%40sentry_core_build_esm_1q_qjqh._.js:10515
[91632857ms] [LOG] [Fast Refresh] done in 126ms @ http://localhost:3000/_next/static/chunks/node_modules_%40sentry_core_build_esm_1q_qjqh._.js:10515
[91632907ms] [ERROR] Failed to load resource: the server responded with a status of 404 (Not Found) @ http://localhost:3000/login?redirect=%2Fen%2Fabout&_rsc=qDh8EWPhWRGr9PEZ:0
[91632967ms] [ERROR] Failed to load resource: the server responded with a status of 404 (Not Found) @ http://localhost:3000/login?redirect=%2Fen%2Fabout&_rsc=qDh8EWPhWRGr9PEZ:0
[91633072ms] [ERROR] Failed to load resource: the server responded with a status of 404 (Not Found) @ http://localhost:3000/login?redirect=%2Fen%2Fabout:0
[91633194ms] [INFO] %cDownload the React DevTools for a better development experience: https://react.dev/link/react-devtools font-weight:bold @ http://localhost:3000/_next/static/chunks/node_modules_%40sentry_core_build_esm_1q_qjqh._.js:10515
[91633205ms] [LOG] [HMR] connected @ http://localhost:3000/_next/static/chunks/node_modules_%40sentry_core_build_esm_1q_qjqh._.js:10515
[91633406ms] [ERROR] Failed to load resource: the server responded with a status of 404 (Not Found) @ http://localhost:3000/login?redirect=%2Fen%2Fabout:0
[91633475ms] [LOG] [UserStoreProvider] Auth event: INITIAL_SESSION @ http://localhost:3000/_next/static/chunks/node_modules_%40sentry_core_build_esm_1q_qjqh._.js:10515
[91633681ms] [ERROR] Failed to load resource: the server responded with a status of 403 () @ https://os.impakers.club/api/external/telemetry/auth:0
[91633720ms] [ERROR] Failed to load resource: the server responded with a status of 403 () @ https://os.impakers.club/api/external/telemetry/auth:0
[91637963ms] [ERROR] Failed to load resource: the server responded with a status of 403 () @ https://os.impakers.club/api/external/telemetry/auth:0
[91665861ms] [LOG] [Fast Refresh] rebuilding @ http://localhost:3000/_next/static/chunks/node_modules_%40sentry_core_build_esm_1q_qjqh._.js:10515
[91665967ms] [LOG] [Fast Refresh] done in 203ms @ http://localhost:3000/_next/static/chunks/node_modules_%40sentry_core_build_esm_1q_qjqh._.js:10515
[91667582ms] [LOG] [Fast Refresh] rebuilding @ http://localhost:3000/_next/static/chunks/node_modules_%40sentry_core_build_esm_1q_qjqh._.js:10515
[91667612ms] [LOG] [Fast Refresh] done in 125ms @ http://localhost:3000/_next/static/chunks/node_modules_%40sentry_core_build_esm_1q_qjqh._.js:10515
[91672259ms] [LOG] [Fast Refresh] rebuilding @ http://localhost:3000/_next/static/chunks/node_modules_%40sentry_core_build_esm_1q_qjqh._.js:10515
[91672424ms] [LOG] [Fast Refresh] done in 258ms @ http://localhost:3000/_next/static/chunks/node_modules_%40sentry_core_build_esm_1q_qjqh._.js:10515
[91676322ms] [LOG] [Fast Refresh] rebuilding @ http://localhost:3000/_next/static/chunks/node_modules_%40sentry_core_build_esm_1q_qjqh._.js:10515
[91676389ms] [LOG] [Fast Refresh] done in 161ms @ http://localhost:3000/_next/static/chunks/node_modules_%40sentry_core_build_esm_1q_qjqh._.js:10515
[91678474ms] [LOG] [Fast Refresh] rebuilding @ http://localhost:3000/_next/static/chunks/node_modules_%40sentry_core_build_esm_1q_qjqh._.js:10515
[91678690ms] [LOG] [Fast Refresh] done in 318ms @ http://localhost:3000/_next/static/chunks/node_modules_%40sentry_core_build_esm_1q_qjqh._.js:10515
[91680539ms] [LOG] [Fast Refresh] rebuilding @ http://localhost:3000/_next/static/chunks/node_modules_%40sentry_core_build_esm_1q_qjqh._.js:10515
[91680708ms] [LOG] [Fast Refresh] done in 270ms @ http://localhost:3000/_next/static/chunks/node_modules_%40sentry_core_build_esm_1q_qjqh._.js:10515
[91694159ms] [ERROR] Failed to load resource: the server responded with a status of 403 () @ https://os.impakers.club/api/external/telemetry/auth:0
[91712659ms] [LOG] [Fast Refresh] rebuilding @ http://localhost:3000/_next/static/chunks/node_modules_%40sentry_core_build_esm_1q_qjqh._.js:10515
[91712813ms] [LOG] [Fast Refresh] done in 258ms @ http://localhost:3000/_next/static/chunks/node_modules_%40sentry_core_build_esm_1q_qjqh._.js:10515
[91737302ms] [LOG] [Fast Refresh] rebuilding @ http://localhost:3000/_next/static/chunks/node_modules_%40sentry_core_build_esm_1q_qjqh._.js:10515
[91737493ms] [LOG] [Fast Refresh] done in 269ms @ http://localhost:3000/_next/static/chunks/node_modules_%40sentry_core_build_esm_1q_qjqh._.js:10515
[91755612ms] [ERROR] Failed to load resource: the server responded with a status of 403 () @ https://os.impakers.club/api/external/telemetry/auth:0
[91758103ms] [LOG] [Fast Refresh] rebuilding @ http://localhost:3000/_next/static/chunks/node_modules_%40sentry_core_build_esm_1q_qjqh._.js:10515
[91758223ms] [LOG] [Fast Refresh] done in 195ms @ http://localhost:3000/_next/static/chunks/node_modules_%40sentry_core_build_esm_1q_qjqh._.js:10515
[91772756ms] [LOG] [Fast Refresh] rebuilding @ http://localhost:3000/_next/static/chunks/node_modules_%40sentry_core_build_esm_1q_qjqh._.js:10515
[91773842ms] [LOG] [Fast Refresh] done in 1096ms @ http://localhost:3000/_next/static/chunks/node_modules_%40sentry_core_build_esm_1q_qjqh._.js:10515
[91774027ms] [LOG] [Fast Refresh] rebuilding @ http://localhost:3000/_next/static/chunks/node_modules_%40sentry_core_build_esm_1q_qjqh._.js:10515
[91774083ms] [LOG] [Fast Refresh] done in 156ms @ http://localhost:3000/_next/static/chunks/node_modules_%40sentry_core_build_esm_1q_qjqh._.js:10515
[91774101ms] [ERROR] Failed to load resource: the server responded with a status of 404 (Not Found) @ http://localhost:3000/login?redirect=%2Fen%2Fabout&_rsc=qDh8EWPhWRGr9PEZ:0
[91774138ms] [ERROR] Failed to load resource: the server responded with a status of 404 (Not Found) @ http://localhost:3000/login?redirect=%2Fen%2Fabout&_rsc=qDh8EWPhWRGr9PEZ:0
[91774186ms] [LOG] [Fast Refresh] rebuilding @ http://localhost:3000/_next/static/chunks/node_modules_%40sentry_core_build_esm_1q_qjqh._.js:10515
[91774327ms] [LOG] [Fast Refresh] done in 241ms @ http://localhost:3000/_next/static/chunks/node_modules_%40sentry_core_build_esm_1q_qjqh._.js:10515
[91774336ms] [ERROR] Failed to load resource: the server responded with a status of 404 (Not Found) @ http://localhost:3000/login?redirect=%2Fen%2Fabout:0
[91774398ms] [LOG] [Client Instrumentation Hook] Slow execution detected: 17ms (Note: Code download overhead is not included in this measurement) @ http://localhost:3000/_next/static/chunks/node_modules_%40sentry_core_build_esm_1q_qjqh._.js:10515
[91774399ms] [INFO] %cDownload the React DevTools for a better development experience: https://react.dev/link/react-devtools font-weight:bold @ http://localhost:3000/_next/static/chunks/node_modules_%40sentry_core_build_esm_1q_qjqh._.js:10515
[91774473ms] [LOG] [HMR] connected @ http://localhost:3000/_next/static/chunks/node_modules_%40sentry_core_build_esm_1q_qjqh._.js:10515
[91774628ms] [ERROR] Failed to load resource: the server responded with a status of 404 (Not Found) @ http://localhost:3000/login?redirect=%2Fen%2Fabout:0
[91774667ms] [LOG] [UserStoreProvider] Auth event: INITIAL_SESSION @ http://localhost:3000/_next/static/chunks/node_modules_%40sentry_core_build_esm_1q_qjqh._.js:10515
[91775723ms] [ERROR] Failed to load resource: the server responded with a status of 403 () @ https://os.impakers.club/api/external/telemetry/auth:0
[91775723ms] [ERROR] Failed to load resource: the server responded with a status of 403 () @ https://os.impakers.club/api/external/telemetry/auth:0
[91778115ms] [ERROR] Failed to load resource: the server responded with a status of 403 () @ https://os.impakers.club/api/external/telemetry/auth:0
[91827951ms] [LOG] [Fast Refresh] rebuilding @ http://localhost:3000/_next/static/chunks/node_modules_%40sentry_core_build_esm_1q_qjqh._.js:10515
[91828019ms] [LOG] [Fast Refresh] done in 171ms @ http://localhost:3000/_next/static/chunks/node_modules_%40sentry_core_build_esm_1q_qjqh._.js:10515
[91835112ms] [LOG] [Fast Refresh] rebuilding @ http://localhost:3000/_next/static/chunks/node_modules_%40sentry_core_build_esm_1q_qjqh._.js:10515
[91835129ms] [LOG] [Fast Refresh] done in 117ms @ http://localhost:3000/_next/static/chunks/node_modules_%40sentry_core_build_esm_1q_qjqh._.js:10515
[91835647ms] [ERROR] Failed to load resource: the server responded with a status of 403 () @ https://os.impakers.club/api/external/telemetry/auth:0
[91837488ms] [LOG] [Fast Refresh] rebuilding @ http://localhost:3000/_next/static/chunks/node_modules_%40sentry_core_build_esm_1q_qjqh._.js:10515
[91838942ms] [LOG] [Fast Refresh] done in 1556ms @ http://localhost:3000/_next/static/chunks/node_modules_%40sentry_core_build_esm_1q_qjqh._.js:10515
[91895355ms] [ERROR] Failed to load resource: the server responded with a status of 403 () @ https://os.impakers.club/api/external/telemetry/auth:0
[91900014ms] [LOG] [Fast Refresh] rebuilding @ http://localhost:3000/_next/static/chunks/node_modules_%40sentry_core_build_esm_1q_qjqh._.js:10515
[91900158ms] [LOG] [Fast Refresh] done in 224ms @ http://localhost:3000/_next/static/chunks/node_modules_%40sentry_core_build_esm_1q_qjqh._.js:10515
[91955520ms] [ERROR] Failed to load resource: the server responded with a status of 403 () @ https://os.impakers.club/api/external/telemetry/auth:0
[92015381ms] [ERROR] Failed to load resource: the server responded with a status of 403 () @ https://os.impakers.club/api/external/telemetry/auth:0
[92020078ms] [LOG] [Fast Refresh] rebuilding @ http://localhost:3000/_next/static/chunks/node_modules_%40sentry_core_build_esm_1q_qjqh._.js:10515
[92020122ms] [LOG] [Fast Refresh] done in 120ms @ http://localhost:3000/_next/static/chunks/node_modules_%40sentry_core_build_esm_1q_qjqh._.js:10515
[92075626ms] [ERROR] Failed to load resource: the server responded with a status of 403 () @ https://os.impakers.club/api/external/telemetry/auth:0
[92101402ms] [LOG] [Fast Refresh] rebuilding @ http://localhost:3000/_next/static/chunks/node_modules_%40sentry_core_build_esm_1q_qjqh._.js:10515
[92101488ms] [LOG] [Fast Refresh] done in 187ms @ http://localhost:3000/_next/static/chunks/node_modules_%40sentry_core_build_esm_1q_qjqh._.js:10515
[92126345ms] [ERROR] WebSocket connection to 'ws://localhost:3000/_next/webpack-hmr?id=xUaJYJ5visrFJZxM-kF85' failed: Error in connection establishment: net::ERR_CONNECTION_REFUSED @ http://localhost:3000/_next/static/chunks/node_modules_next_dist_client_1um1_-a._.js:14623
[92127347ms] [ERROR] WebSocket connection to 'ws://localhost:3000/_next/webpack-hmr?id=xUaJYJ5visrFJZxM-kF85' failed: Error in connection establishment: net::ERR_CONNECTION_REFUSED @ http://localhost:3000/_next/static/chunks/node_modules_next_dist_client_1um1_-a._.js:14623
[92128350ms] [ERROR] WebSocket connection to 'ws://localhost:3000/_next/webpack-hmr?id=xUaJYJ5visrFJZxM-kF85' failed: Error in connection establishment: net::ERR_CONNECTION_REFUSED @ http://localhost:3000/_next/static/chunks/node_modules_next_dist_client_1um1_-a._.js:14623
[92129353ms] [ERROR] WebSocket connection to 'ws://localhost:3000/_next/webpack-hmr?id=xUaJYJ5visrFJZxM-kF85' failed: Error in connection establishment: net::ERR_CONNECTION_REFUSED @ http://localhost:3000/_next/static/chunks/node_modules_next_dist_client_1um1_-a._.js:14623
[92132167ms] [LOG] [HMR] connected @ http://localhost:3000/_next/static/chunks/node_modules_%40sentry_core_build_esm_1q_qjqh._.js:10515
[92133232ms] [ERROR] Failed to load resource: the server responded with a status of 404 (Not Found) @ http://localhost:3000/login?redirect=%2Fen%2Fabout:0
[92133344ms] [INFO] %cDownload the React DevTools for a better development experience: https://react.dev/link/react-devtools font-weight:bold @ http://localhost:3000/_next/static/chunks/node_modules_%40sentry_core_build_esm_1q_qjqh._.js:10515
[92133371ms] [LOG] [HMR] connected @ http://localhost:3000/_next/static/chunks/node_modules_%40sentry_core_build_esm_1q_qjqh._.js:10515
[92133478ms] [LOG] [UserStoreProvider] Auth event: INITIAL_SESSION @ http://localhost:3000/_next/static/chunks/node_modules_%40sentry_core_build_esm_1q_qjqh._.js:10515
[92133499ms] [ERROR] Failed to load resource: the server responded with a status of 404 (Not Found) @ http://localhost:3000/login?redirect=%2Fen%2Fabout:0
[92134850ms] [ERROR] Failed to load resource: the server responded with a status of 403 () @ https://os.impakers.club/api/external/telemetry/auth:0
[92135004ms] [ERROR] Failed to load resource: the server responded with a status of 403 () @ https://os.impakers.club/api/external/telemetry/auth:0
[92137568ms] [ERROR] Failed to load resource: the server responded with a status of 403 () @ https://os.impakers.club/api/external/telemetry/auth:0
[92194676ms] [ERROR] Failed to load resource: the server responded with a status of 403 () @ https://os.impakers.club/api/external/telemetry/auth:0
[92254322ms] [ERROR] Failed to load resource: the server responded with a status of 403 () @ https://os.impakers.club/api/external/telemetry/auth:0
[92265489ms] [ERROR] WebSocket connection to 'ws://localhost:3000/_next/webpack-hmr?id=rvgAIt0TCZ69eIArfwVhr' failed: Error in connection establishment: net::ERR_CONNECTION_REFUSED @ http://localhost:3000/_next/static/chunks/node_modules_next_dist_client_1um1_-a._.js:14623
[92266491ms] [ERROR] WebSocket connection to 'ws://localhost:3000/_next/webpack-hmr?id=rvgAIt0TCZ69eIArfwVhr' failed: Error in connection establishment: net::ERR_CONNECTION_REFUSED @ http://localhost:3000/_next/static/chunks/node_modules_next_dist_client_1um1_-a._.js:14623
[92267492ms] [ERROR] WebSocket connection to 'ws://localhost:3000/_next/webpack-hmr?id=rvgAIt0TCZ69eIArfwVhr' failed: Error in connection establishment: net::ERR_CONNECTION_REFUSED @ http://localhost:3000/_next/static/chunks/node_modules_next_dist_client_1um1_-a._.js:14623
[92268494ms] [ERROR] WebSocket connection to 'ws://localhost:3000/_next/webpack-hmr?id=rvgAIt0TCZ69eIArfwVhr' failed: Error in connection establishment: net::ERR_CONNECTION_REFUSED @ http://localhost:3000/_next/static/chunks/node_modules_next_dist_client_1um1_-a._.js:14623
[92269496ms] [ERROR] WebSocket connection to 'ws://localhost:3000/_next/webpack-hmr?id=rvgAIt0TCZ69eIArfwVhr' failed: Error in connection establishment: net::ERR_CONNECTION_REFUSED @ http://localhost:3000/_next/static/chunks/node_modules_next_dist_client_1um1_-a._.js:14623
[92274500ms] [LOG] [HMR] connected @ http://localhost:3000/_next/static/chunks/node_modules_%40sentry_core_build_esm_1q_qjqh._.js:10515
[92277961ms] [ERROR] Failed to load resource: the server responded with a status of 404 (Not Found) @ http://localhost:3000/login?redirect=%2Fen%2Fabout:0
[92278053ms] [INFO] %cDownload the React DevTools for a better development experience: https://react.dev/link/react-devtools font-weight:bold @ http://localhost:3000/_next/static/chunks/node_modules_%40sentry_core_build_esm_1q_qjqh._.js:10515
[92278068ms] [LOG] [HMR] connected @ http://localhost:3000/_next/static/chunks/node_modules_%40sentry_core_build_esm_1q_qjqh._.js:10515
[92278231ms] [LOG] [UserStoreProvider] Auth event: INITIAL_SESSION @ http://localhost:3000/_next/static/chunks/node_modules_%40sentry_core_build_esm_1q_qjqh._.js:10515
[92278253ms] [ERROR] Failed to load resource: the server responded with a status of 404 (Not Found) @ http://localhost:3000/login?redirect=%2Fen%2Fabout:0
[92279002ms] [LOG] [Fast Refresh] rebuilding @ http://localhost:3000/_next/static/chunks/node_modules_%40sentry_core_build_esm_1q_qjqh._.js:10515
[92279090ms] [LOG] [Fast Refresh] done in 189ms @ http://localhost:3000/_next/static/chunks/node_modules_%40sentry_core_build_esm_1q_qjqh._.js:10515
[92279395ms] [ERROR] Failed to load resource: the server responded with a status of 403 () @ https://os.impakers.club/api/external/telemetry/auth:0
[92279470ms] [ERROR] Failed to load resource: the server responded with a status of 403 () @ https://os.impakers.club/api/external/telemetry/auth:0
[92282918ms] [ERROR] Failed to load resource: the server responded with a status of 403 () @ https://os.impakers.club/api/external/telemetry/auth:0
[92338978ms] [ERROR] Failed to load resource: the server responded with a status of 403 () @ https://os.impakers.club/api/external/telemetry/auth:0
[92340338ms] [LOG] [Fast Refresh] rebuilding @ http://localhost:3000/_next/static/chunks/node_modules_%40sentry_core_build_esm_1q_qjqh._.js:10515
[92340431ms] [LOG] [Fast Refresh] done in 186ms @ http://localhost:3000/_next/static/chunks/node_modules_%40sentry_core_build_esm_1q_qjqh._.js:10515
[92351797ms] [LOG] [Fast Refresh] rebuilding @ http://localhost:3000/_next/static/chunks/node_modules_%40sentry_core_build_esm_1q_qjqh._.js:10515
[92351859ms] [LOG] [Fast Refresh] done in 154ms @ http://localhost:3000/_next/static/chunks/node_modules_%40sentry_core_build_esm_1q_qjqh._.js:10515
[92362908ms] [LOG] [Fast Refresh] rebuilding @ http://localhost:3000/_next/static/chunks/node_modules_%40sentry_core_build_esm_1q_qjqh._.js:10515
[92362991ms] [LOG] [Fast Refresh] done in 181ms @ http://localhost:3000/_next/static/chunks/node_modules_%40sentry_core_build_esm_1q_qjqh._.js:10515
[92372319ms] [LOG] [Fast Refresh] rebuilding @ http://localhost:3000/_next/static/chunks/node_modules_%40sentry_core_build_esm_1q_qjqh._.js:10515
[92372381ms] [LOG] [Fast Refresh] done in 154ms @ http://localhost:3000/_next/static/chunks/node_modules_%40sentry_core_build_esm_1q_qjqh._.js:10515
[92379334ms] [LOG] [Fast Refresh] rebuilding @ http://localhost:3000/_next/static/chunks/node_modules_%40sentry_core_build_esm_1q_qjqh._.js:10515
[92379375ms] [LOG] [Fast Refresh] done in 133ms @ http://localhost:3000/_next/static/chunks/node_modules_%40sentry_core_build_esm_1q_qjqh._.js:10515
[92388125ms] [LOG] [Fast Refresh] rebuilding @ http://localhost:3000/_next/static/chunks/node_modules_%40sentry_core_build_esm_1q_qjqh._.js:10515
[92388218ms] [LOG] [Fast Refresh] done in 191ms @ http://localhost:3000/_next/static/chunks/node_modules_%40sentry_core_build_esm_1q_qjqh._.js:10515
[92399174ms] [ERROR] Failed to load resource: the server responded with a status of 403 () @ https://os.impakers.club/api/external/telemetry/auth:0
[92405153ms] [LOG] [Fast Refresh] rebuilding @ http://localhost:3000/_next/static/chunks/node_modules_%40sentry_core_build_esm_1q_qjqh._.js:10515
[92405190ms] [LOG] [Fast Refresh] done in 134ms @ http://localhost:3000/_next/static/chunks/node_modules_%40sentry_core_build_esm_1q_qjqh._.js:10515
[92413674ms] [LOG] [Fast Refresh] rebuilding @ http://localhost:3000/_next/static/chunks/node_modules_%40sentry_core_build_esm_1q_qjqh._.js:10515
[92413749ms] [LOG] [Fast Refresh] done in 170ms @ http://localhost:3000/_next/static/chunks/node_modules_%40sentry_core_build_esm_1q_qjqh._.js:10515
[92425590ms] [LOG] [Fast Refresh] rebuilding @ http://localhost:3000/_next/static/chunks/node_modules_%40sentry_core_build_esm_1q_qjqh._.js:10515
[92425635ms] [LOG] [Fast Refresh] done in 120ms @ http://localhost:3000/_next/static/chunks/node_modules_%40sentry_core_build_esm_1q_qjqh._.js:10515
[92431058ms] [LOG] [Fast Refresh] rebuilding @ http://localhost:3000/_next/static/chunks/node_modules_%40sentry_core_build_esm_1q_qjqh._.js:10515
[92431087ms] [LOG] [Fast Refresh] done in 104ms @ http://localhost:3000/_next/static/chunks/node_modules_%40sentry_core_build_esm_1q_qjqh._.js:10515
[92442334ms] [LOG] [Fast Refresh] rebuilding @ http://localhost:3000/_next/static/chunks/node_modules_%40sentry_core_build_esm_1q_qjqh._.js:10515
[92442360ms] [LOG] [Fast Refresh] done in 96ms @ http://localhost:3000/_next/static/chunks/node_modules_%40sentry_core_build_esm_1q_qjqh._.js:10515
[92459011ms] [ERROR] Failed to load resource: the server responded with a status of 403 () @ https://os.impakers.club/api/external/telemetry/auth:0
[92519204ms] [ERROR] Failed to load resource: the server responded with a status of 403 () @ https://os.impakers.club/api/external/telemetry/auth:0
[92578952ms] [ERROR] Failed to load resource: the server responded with a status of 403 () @ https://os.impakers.club/api/external/telemetry/auth:0
[92638968ms] [ERROR] Failed to load resource: the server responded with a status of 403 () @ https://os.impakers.club/api/external/telemetry/auth:0
[92699228ms] [ERROR] Failed to load resource: the server responded with a status of 403 () @ https://os.impakers.club/api/external/telemetry/auth:0
[92720215ms] [LOG] [Fast Refresh] rebuilding @ http://localhost:3000/_next/static/chunks/node_modules_%40sentry_core_build_esm_1q_qjqh._.js:10515
[92720309ms] [LOG] [Fast Refresh] done in 169ms @ http://localhost:3000/_next/static/chunks/node_modules_%40sentry_core_build_esm_1q_qjqh._.js:10515
[92731832ms] [LOG] [Fast Refresh] rebuilding @ http://localhost:3000/_next/static/chunks/node_modules_%40sentry_core_build_esm_1q_qjqh._.js:10515
[92731910ms] [LOG] [Fast Refresh] done in 181ms @ http://localhost:3000/_next/static/chunks/node_modules_%40sentry_core_build_esm_1q_qjqh._.js:10515
[92733961ms] [LOG] [Fast Refresh] rebuilding @ http://localhost:3000/_next/static/chunks/node_modules_%40sentry_core_build_esm_1q_qjqh._.js:10515
[92733987ms] [LOG] [Fast Refresh] done in 100ms @ http://localhost:3000/_next/static/chunks/node_modules_%40sentry_core_build_esm_1q_qjqh._.js:10515
[92758978ms] [ERROR] Failed to load resource: the server responded with a status of 403 () @ https://os.impakers.club/api/external/telemetry/auth:0
[92760921ms] [LOG] [Fast Refresh] rebuilding @ http://localhost:3000/_next/static/chunks/node_modules_%40sentry_core_build_esm_1q_qjqh._.js:10515
[92762038ms] [LOG] [Fast Refresh] done in 1218ms @ http://localhost:3000/_next/static/chunks/node_modules_%40sentry_core_build_esm_1q_qjqh._.js:10515
[92771232ms] [LOG] [Fast Refresh] rebuilding @ http://localhost:3000/_next/static/chunks/node_modules_%40sentry_core_build_esm_1q_qjqh._.js:10515
[92771310ms] [LOG] [Fast Refresh] done in 174ms @ http://localhost:3000/_next/static/chunks/node_modules_%40sentry_core_build_esm_1q_qjqh._.js:10515
[92778503ms] [LOG] [Fast Refresh] rebuilding @ http://localhost:3000/_next/static/chunks/node_modules_%40sentry_core_build_esm_1q_qjqh._.js:10515
[92778543ms] [LOG] [Fast Refresh] done in 130ms @ http://localhost:3000/_next/static/chunks/node_modules_%40sentry_core_build_esm_1q_qjqh._.js:10515
[92789127ms] [LOG] [Fast Refresh] rebuilding @ http://localhost:3000/_next/static/chunks/node_modules_%40sentry_core_build_esm_1q_qjqh._.js:10515
[92789370ms] [LOG] [Fast Refresh] done in 302ms @ http://localhost:3000/_next/static/chunks/node_modules_%40sentry_core_build_esm_1q_qjqh._.js:10515
[92789551ms] [ERROR] Failed to load resource: the server responded with a status of 404 (Not Found) @ http://localhost:3000/login?redirect=%2Fen%2Fabout&_rsc=qDh8EWPhWRGr9PEZ:0
[92789613ms] [ERROR] Failed to load resource: the server responded with a status of 404 (Not Found) @ http://localhost:3000/login?redirect=%2Fen%2Fabout&_rsc=qDh8EWPhWRGr9PEZ:0
[92789703ms] [LOG] [Fast Refresh] rebuilding @ http://localhost:3000/_next/static/chunks/node_modules_%40sentry_core_build_esm_1q_qjqh._.js:10515
[92789821ms] [LOG] [Fast Refresh] done in 219ms @ http://localhost:3000/_next/static/chunks/node_modules_%40sentry_core_build_esm_1q_qjqh._.js:10515
[92789834ms] [ERROR] Failed to load resource: the server responded with a status of 404 (Not Found) @ http://localhost:3000/login?redirect=%2Fen%2Fabout:0
[92789906ms] [INFO] %cDownload the React DevTools for a better development experience: https://react.dev/link/react-devtools font-weight:bold @ http://localhost:3000/_next/static/chunks/node_modules_%40sentry_core_build_esm_1q_qjqh._.js:10515
[92789929ms] [LOG] [HMR] connected @ http://localhost:3000/_next/static/chunks/node_modules_%40sentry_core_build_esm_1q_qjqh._.js:10515
[92790111ms] [ERROR] Failed to load resource: the server responded with a status of 404 (Not Found) @ http://localhost:3000/login?redirect=%2Fen%2Fabout:0
[92790144ms] [LOG] [UserStoreProvider] Auth event: INITIAL_SESSION @ http://localhost:3000/_next/static/chunks/node_modules_%40sentry_core_build_esm_1q_qjqh._.js:10515
[92790836ms] [ERROR] Failed to load resource: the server responded with a status of 403 () @ https://os.impakers.club/api/external/telemetry/auth:0
[92790869ms] [ERROR] Failed to load resource: the server responded with a status of 403 () @ https://os.impakers.club/api/external/telemetry/auth:0
[92791297ms] [LOG] [Fast Refresh] rebuilding @ http://localhost:3000/_next/static/chunks/node_modules_%40sentry_core_build_esm_1q_qjqh._.js:10515
[92793446ms] [ERROR] Failed to load resource: the server responded with a status of 403 () @ https://os.impakers.club/api/external/telemetry/auth:0
[92793491ms] [LOG] [Fast Refresh] done in 2295ms @ http://localhost:3000/_next/static/chunks/node_modules_%40sentry_core_build_esm_1q_qjqh._.js:10515
[92797604ms] [LOG] [Fast Refresh] rebuilding @ http://localhost:3000/_next/static/chunks/node_modules_%40sentry_core_build_esm_1q_qjqh._.js:10515
[92797681ms] [LOG] [Fast Refresh] done in 174ms @ http://localhost:3000/_next/static/chunks/node_modules_%40sentry_core_build_esm_1q_qjqh._.js:10515
[92806005ms] [LOG] [Fast Refresh] rebuilding @ http://localhost:3000/_next/static/chunks/node_modules_%40sentry_core_build_esm_1q_qjqh._.js:10515
[92806108ms] [LOG] [Fast Refresh] done in 200ms @ http://localhost:3000/_next/static/chunks/node_modules_%40sentry_core_build_esm_1q_qjqh._.js:10515
[92815740ms] [LOG] [Fast Refresh] rebuilding @ http://localhost:3000/_next/static/chunks/node_modules_%40sentry_core_build_esm_1q_qjqh._.js:10515
[92815825ms] [LOG] [Fast Refresh] done in 181ms @ http://localhost:3000/_next/static/chunks/node_modules_%40sentry_core_build_esm_1q_qjqh._.js:10515
[92851153ms] [ERROR] Failed to load resource: the server responded with a status of 403 () @ https://os.impakers.club/api/external/telemetry/auth:0
[92911361ms] [ERROR] Failed to load resource: the server responded with a status of 403 () @ https://os.impakers.club/api/external/telemetry/auth:0
[92970937ms] [ERROR] Failed to load resource: the server responded with a status of 403 () @ https://os.impakers.club/api/external/telemetry/auth:0
[93031194ms] [ERROR] Failed to load resource: the server responded with a status of 403 () @ https://os.impakers.club/api/external/telemetry/auth:0
[93092867ms] [ERROR] Failed to load resource: the server responded with a status of 403 () @ https://os.impakers.club/api/external/telemetry/auth:0
[93150881ms] [ERROR] Failed to load resource: the server responded with a status of 403 () @ https://os.impakers.club/api/external/telemetry/auth:0
[93210905ms] [ERROR] Failed to load resource: the server responded with a status of 403 () @ https://os.impakers.club/api/external/telemetry/auth:0
[93239224ms] [LOG] [Fast Refresh] rebuilding @ http://localhost:3000/_next/static/chunks/node_modules_%40sentry_core_build_esm_1q_qjqh._.js:10515
[93240014ms] [LOG] [Fast Refresh] done in 891ms @ http://localhost:3000/_next/static/chunks/node_modules_%40sentry_core_build_esm_1q_qjqh._.js:10515
[93249040ms] [LOG] [Fast Refresh] rebuilding @ http://localhost:3000/_next/static/chunks/node_modules_%40sentry_core_build_esm_1q_qjqh._.js:10515
[93249509ms] [LOG] [Fast Refresh] done in 570ms @ http://localhost:3000/_next/static/chunks/node_modules_%40sentry_core_build_esm_1q_qjqh._.js:10515
[93271154ms] [ERROR] Failed to load resource: the server responded with a status of 403 () @ https://os.impakers.club/api/external/telemetry/auth:0
[93321827ms] [LOG] [Fast Refresh] rebuilding @ http://localhost:3000/_next/static/chunks/node_modules_%40sentry_core_build_esm_1q_qjqh._.js:10515
[93321973ms] [LOG] [Fast Refresh] done in 248ms @ http://localhost:3000/_next/static/chunks/node_modules_%40sentry_core_build_esm_1q_qjqh._.js:10515
[93329794ms] [LOG] [Fast Refresh] rebuilding @ http://localhost:3000/_next/static/chunks/node_modules_%40sentry_core_build_esm_1q_qjqh._.js:10515
[93330982ms] [ERROR] Failed to load resource: the server responded with a status of 403 () @ https://os.impakers.club/api/external/telemetry/auth:0
[93332000ms] [LOG] [Fast Refresh] done in 2307ms @ http://localhost:3000/_next/static/chunks/node_modules_%40sentry_core_build_esm_1q_qjqh._.js:10515
[93332103ms] [LOG] [Fast Refresh] rebuilding @ http://localhost:3000/_next/static/chunks/node_modules_%40sentry_core_build_esm_1q_qjqh._.js:10515
[93332192ms] [LOG] [Fast Refresh] done in 191ms @ http://localhost:3000/_next/static/chunks/node_modules_%40sentry_core_build_esm_1q_qjqh._.js:10515
[93334299ms] [LOG] [Fast Refresh] rebuilding @ http://localhost:3000/_next/static/chunks/node_modules_%40sentry_core_build_esm_1q_qjqh._.js:10515
[93334641ms] [LOG] [Fast Refresh] done in 443ms @ http://localhost:3000/_next/static/chunks/node_modules_%40sentry_core_build_esm_1q_qjqh._.js:10515
[93357800ms] [LOG] [Fast Refresh] rebuilding @ http://localhost:3000/_next/static/chunks/node_modules_%40sentry_core_build_esm_1q_qjqh._.js:10515
[93357815ms] [LOG] [Fast Refresh] done in 118ms @ http://localhost:3000/_next/static/chunks/node_modules_%40sentry_core_build_esm_1q_qjqh._.js:10515
[93390912ms] [ERROR] Failed to load resource: the server responded with a status of 403 () @ https://os.impakers.club/api/external/telemetry/auth:0
[93450879ms] [ERROR] Failed to load resource: the server responded with a status of 403 () @ https://os.impakers.club/api/external/telemetry/auth:0
[93504277ms] [LOG] [Fast Refresh] rebuilding @ http://localhost:3000/_next/static/chunks/node_modules_%40sentry_core_build_esm_1q_qjqh._.js:10515
[93504824ms] [LOG] [Fast Refresh] done in 620ms @ http://localhost:3000/_next/static/chunks/node_modules_%40sentry_core_build_esm_1q_qjqh._.js:10515
[93510876ms] [ERROR] Failed to load resource: the server responded with a status of 403 () @ https://os.impakers.club/api/external/telemetry/auth:0
[93515842ms] [LOG] [Fast Refresh] rebuilding @ http://localhost:3000/_next/static/chunks/node_modules_%40sentry_core_build_esm_1q_qjqh._.js:10515
[93515850ms] [LOG] [Fast Refresh] done in 110ms @ http://localhost:3000/_next/static/chunks/node_modules_%40sentry_core_build_esm_1q_qjqh._.js:10515
[93540667ms] [LOG] [Fast Refresh] rebuilding @ http://localhost:3000/_next/static/chunks/node_modules_%40sentry_core_build_esm_1q_qjqh._.js:10515
[93540691ms] [LOG] [Fast Refresh] done in 125ms @ http://localhost:3000/_next/static/chunks/node_modules_%40sentry_core_build_esm_1q_qjqh._.js:10515
[93542287ms] [LOG] [Fast Refresh] rebuilding @ http://localhost:3000/_next/static/chunks/node_modules_%40sentry_core_build_esm_1q_qjqh._.js:10515
[93543022ms] [LOG] [Fast Refresh] done in 837ms @ http://localhost:3000/_next/static/chunks/node_modules_%40sentry_core_build_esm_1q_qjqh._.js:10515
[93544367ms] [LOG] [Fast Refresh] rebuilding @ http://localhost:3000/_next/static/chunks/node_modules_%40sentry_core_build_esm_1q_qjqh._.js:10515
[93544391ms] [LOG] [Fast Refresh] done in 106ms @ http://localhost:3000/_next/static/chunks/node_modules_%40sentry_core_build_esm_1q_qjqh._.js:10515
[93548288ms] [LOG] [Fast Refresh] rebuilding @ http://localhost:3000/_next/static/chunks/node_modules_%40sentry_core_build_esm_1q_qjqh._.js:10515
[93548290ms] [LOG] [Fast Refresh] done in 103ms @ http://localhost:3000/_next/static/chunks/node_modules_%40sentry_core_build_esm_1q_qjqh._.js:10515
[93550100ms] [LOG] [Fast Refresh] rebuilding @ http://localhost:3000/_next/static/chunks/node_modules_%40sentry_core_build_esm_1q_qjqh._.js:10515
[93550129ms] [LOG] [Fast Refresh] done in 130ms @ http://localhost:3000/_next/static/chunks/node_modules_%40sentry_core_build_esm_1q_qjqh._.js:10515
[93553548ms] [LOG] [Fast Refresh] rebuilding @ http://localhost:3000/_next/static/chunks/node_modules_%40sentry_core_build_esm_1q_qjqh._.js:10515
[93553557ms] [LOG] [Fast Refresh] done in 111ms @ http://localhost:3000/_next/static/chunks/node_modules_%40sentry_core_build_esm_1q_qjqh._.js:10515
[93555892ms] [LOG] [Fast Refresh] rebuilding @ http://localhost:3000/_next/static/chunks/node_modules_%40sentry_core_build_esm_1q_qjqh._.js:10515
[93555894ms] [LOG] [Fast Refresh] done in 104ms @ http://localhost:3000/_next/static/chunks/node_modules_%40sentry_core_build_esm_1q_qjqh._.js:10515
[93557810ms] [LOG] [Fast Refresh] rebuilding @ http://localhost:3000/_next/static/chunks/node_modules_%40sentry_core_build_esm_1q_qjqh._.js:10515
[93557824ms] [LOG] [Fast Refresh] done in 115ms @ http://localhost:3000/_next/static/chunks/node_modules_%40sentry_core_build_esm_1q_qjqh._.js:10515
[93559378ms] [LOG] [Fast Refresh] rebuilding @ http://localhost:3000/_next/static/chunks/node_modules_%40sentry_core_build_esm_1q_qjqh._.js:10515
[93559383ms] [LOG] [Fast Refresh] done in 106ms @ http://localhost:3000/_next/static/chunks/node_modules_%40sentry_core_build_esm_1q_qjqh._.js:10515
[93562178ms] [LOG] [Fast Refresh] rebuilding @ http://localhost:3000/_next/static/chunks/node_modules_%40sentry_core_build_esm_1q_qjqh._.js:10515
[93562186ms] [LOG] [Fast Refresh] done in 109ms @ http://localhost:3000/_next/static/chunks/node_modules_%40sentry_core_build_esm_1q_qjqh._.js:10515
[93563907ms] [LOG] [Fast Refresh] rebuilding @ http://localhost:3000/_next/static/chunks/node_modules_%40sentry_core_build_esm_1q_qjqh._.js:10515
[93563908ms] [LOG] [Fast Refresh] done in 102ms @ http://localhost:3000/_next/static/chunks/node_modules_%40sentry_core_build_esm_1q_qjqh._.js:10515
[93570941ms] [ERROR] Failed to load resource: the server responded with a status of 403 () @ https://os.impakers.club/api/external/telemetry/auth:0
[93586475ms] [LOG] [Fast Refresh] rebuilding @ http://localhost:3000/_next/static/chunks/node_modules_%40sentry_core_build_esm_1q_qjqh._.js:10515
[93587050ms] [LOG] [Fast Refresh] done in 676ms @ http://localhost:3000/_next/static/chunks/node_modules_%40sentry_core_build_esm_1q_qjqh._.js:10515
[93592931ms] [LOG] [Fast Refresh] rebuilding @ http://localhost:3000/_next/static/chunks/node_modules_%40sentry_core_build_esm_1q_qjqh._.js:10515
[93593748ms] [LOG] [Fast Refresh] done in 919ms @ http://localhost:3000/_next/static/chunks/node_modules_%40sentry_core_build_esm_1q_qjqh._.js:10515
[93630909ms] [ERROR] Failed to load resource: the server responded with a status of 403 () @ https://os.impakers.club/api/external/telemetry/auth:0
[93635049ms] [LOG] [Fast Refresh] rebuilding @ http://localhost:3000/_next/static/chunks/node_modules_%40sentry_core_build_esm_1q_qjqh._.js:10515
[93635231ms] [LOG] [Fast Refresh] done in 223ms @ http://localhost:3000/_next/static/chunks/node_modules_%40sentry_core_build_esm_1q_qjqh._.js:10515
[93635450ms] [ERROR] Failed to load resource: the server responded with a status of 404 (Not Found) @ http://localhost:3000/login?redirect=%2Fen%2Fabout&_rsc=qDh8EWPhWRGr9PEZ:0
[93635496ms] [ERROR] Failed to load resource: the server responded with a status of 404 (Not Found) @ http://localhost:3000/login?redirect=%2Fen%2Fabout&_rsc=qDh8EWPhWRGr9PEZ:0
[93635534ms] [LOG] [Fast Refresh] rebuilding @ http://localhost:3000/_next/static/chunks/node_modules_%40sentry_core_build_esm_1q_qjqh._.js:10515
[93635702ms] [LOG] [Fast Refresh] done in 269ms @ http://localhost:3000/_next/static/chunks/node_modules_%40sentry_core_build_esm_1q_qjqh._.js:10515
[93635716ms] [ERROR] Failed to load resource: the server responded with a status of 404 (Not Found) @ http://localhost:3000/login?redirect=%2Fen%2Fabout:0
[93635780ms] [INFO] %cDownload the React DevTools for a better development experience: https://react.dev/link/react-devtools font-weight:bold @ http://localhost:3000/_next/static/chunks/node_modules_%40sentry_core_build_esm_1q_qjqh._.js:10515
[93635825ms] [LOG] [HMR] connected @ http://localhost:3000/_next/static/chunks/node_modules_%40sentry_core_build_esm_1q_qjqh._.js:10515
[93635899ms] [ERROR] Failed to load resource: the server responded with a status of 404 (Not Found) @ http://localhost:3000/login?redirect=%2Fen%2Fabout:0
[93635929ms] [LOG] [UserStoreProvider] Auth event: INITIAL_SESSION @ http://localhost:3000/_next/static/chunks/node_modules_%40sentry_core_build_esm_1q_qjqh._.js:10515
[93637170ms] [ERROR] Failed to load resource: the server responded with a status of 403 () @ https://os.impakers.club/api/external/telemetry/auth:0
[93637211ms] [ERROR] Failed to load resource: the server responded with a status of 403 () @ https://os.impakers.club/api/external/telemetry/auth:0
[93639952ms] [ERROR] Failed to load resource: the server responded with a status of 403 () @ https://os.impakers.club/api/external/telemetry/auth:0
[93684200ms] [LOG] [Fast Refresh] rebuilding @ http://localhost:3000/_next/static/chunks/node_modules_%40sentry_core_build_esm_1q_qjqh._.js:10515
[93685258ms] [LOG] [Fast Refresh] done in 1159ms @ http://localhost:3000/_next/static/chunks/node_modules_%40sentry_core_build_esm_1q_qjqh._.js:10515
[93696861ms] [ERROR] Failed to load resource: the server responded with a status of 403 () @ https://os.impakers.club/api/external/telemetry/auth:0
[93723161ms] [LOG] [Fast Refresh] rebuilding @ http://localhost:3000/_next/static/chunks/node_modules_%40sentry_core_build_esm_1q_qjqh._.js:10515
[93723349ms] [LOG] [Fast Refresh] done in 242ms @ http://localhost:3000/_next/static/chunks/node_modules_%40sentry_core_build_esm_1q_qjqh._.js:10515
[93723533ms] [ERROR] Failed to load resource: the server responded with a status of 404 (Not Found) @ http://localhost:3000/login?redirect=%2Fen%2Fabout&_rsc=qDh8EWPhWRGr9PEZ:0
[93723624ms] [ERROR] Failed to load resource: the server responded with a status of 404 (Not Found) @ http://localhost:3000/login?redirect=%2Fen%2Fabout&_rsc=qDh8EWPhWRGr9PEZ:0
[93723742ms] [LOG] [Fast Refresh] rebuilding @ http://localhost:3000/_next/static/chunks/node_modules_%40sentry_core_build_esm_1q_qjqh._.js:10515
[93723815ms] [LOG] [Fast Refresh] done in 174ms @ http://localhost:3000/_next/static/chunks/node_modules_%40sentry_core_build_esm_1q_qjqh._.js:10515
[93723826ms] [ERROR] Failed to load resource: the server responded with a status of 404 (Not Found) @ http://localhost:3000/login?redirect=%2Fen%2Fabout:0
[93723896ms] [INFO] %cDownload the React DevTools for a better development experience: https://react.dev/link/react-devtools font-weight:bold @ http://localhost:3000/_next/static/chunks/node_modules_%40sentry_core_build_esm_1q_qjqh._.js:10515
[93723969ms] [LOG] [HMR] connected @ http://localhost:3000/_next/static/chunks/node_modules_%40sentry_core_build_esm_1q_qjqh._.js:10515
[93724106ms] [ERROR] Failed to load resource: the server responded with a status of 404 (Not Found) @ http://localhost:3000/login?redirect=%2Fen%2Fabout:0
[93724145ms] [LOG] [UserStoreProvider] Auth event: INITIAL_SESSION @ http://localhost:3000/_next/static/chunks/node_modules_%40sentry_core_build_esm_1q_qjqh._.js:10515
[93725223ms] [ERROR] Failed to load resource: the server responded with a status of 403 () @ https://os.impakers.club/api/external/telemetry/auth:0
[93725231ms] [ERROR] Failed to load resource: the server responded with a status of 403 () @ https://os.impakers.club/api/external/telemetry/auth:0
[93727429ms] [ERROR] Failed to load resource: the server responded with a status of 403 () @ https://os.impakers.club/api/external/telemetry/auth:0
[93757908ms] [LOG] [Fast Refresh] rebuilding @ http://localhost:3000/_next/static/chunks/node_modules_%40sentry_core_build_esm_1q_qjqh._.js:10515
[93757930ms] [LOG] [Fast Refresh] done in 123ms @ http://localhost:3000/_next/static/chunks/node_modules_%40sentry_core_build_esm_1q_qjqh._.js:10515
[93784866ms] [ERROR] Failed to load resource: the server responded with a status of 403 () @ https://os.impakers.club/api/external/telemetry/auth:0
[93796597ms] [LOG] [Fast Refresh] rebuilding @ http://localhost:3000/_next/static/chunks/node_modules_%40sentry_core_build_esm_1q_qjqh._.js:10515
[93796722ms] [LOG] [Fast Refresh] done in 226ms @ http://localhost:3000/_next/static/chunks/node_modules_%40sentry_core_build_esm_1q_qjqh._.js:10515
[93844856ms] [ERROR] Failed to load resource: the server responded with a status of 403 () @ https://os.impakers.club/api/external/telemetry/auth:0
[93893317ms] [LOG] [Fast Refresh] rebuilding @ http://localhost:3000/_next/static/chunks/node_modules_%40sentry_core_build_esm_1q_qjqh._.js:10515
[93893422ms] [LOG] [Fast Refresh] done in 193ms @ http://localhost:3000/_next/static/chunks/node_modules_%40sentry_core_build_esm_1q_qjqh._.js:10515
[93904818ms] [ERROR] Failed to load resource: the server responded with a status of 403 () @ https://os.impakers.club/api/external/telemetry/auth:0
[93933299ms] [LOG] [Fast Refresh] rebuilding @ http://localhost:3000/_next/static/chunks/node_modules_%40sentry_core_build_esm_1q_qjqh._.js:10515
[93934527ms] [LOG] [Fast Refresh] done in 1201ms @ http://localhost:3000/_next/static/chunks/node_modules_%40sentry_core_build_esm_1q_qjqh._.js:10515
[93934639ms] [LOG] [Fast Refresh] rebuilding @ http://localhost:3000/_next/static/chunks/node_modules_%40sentry_core_build_esm_1q_qjqh._.js:10515
[93934904ms] [LOG] [Fast Refresh] done in 365ms @ http://localhost:3000/_next/static/chunks/node_modules_%40sentry_core_build_esm_1q_qjqh._.js:10515
[93935212ms] [ERROR] Failed to load resource: the server responded with a status of 404 (Not Found) @ http://localhost:3000/login?redirect=%2Fen%2Fabout&_rsc=qDh8EWPhWRGr9PEZ:0
[93935220ms] [LOG] [Fast Refresh] rebuilding @ http://localhost:3000/_next/static/chunks/node_modules_%40sentry_core_build_esm_1q_qjqh._.js:10515
[93935249ms] [LOG] [Fast Refresh] done in 131ms @ http://localhost:3000/_next/static/chunks/node_modules_%40sentry_core_build_esm_1q_qjqh._.js:10515
[93935495ms] [ERROR] Failed to load resource: the server responded with a status of 404 (Not Found) @ http://localhost:3000/login?redirect=%2Fen%2Fabout&_rsc=qDh8EWPhWRGr9PEZ:0
[93935555ms] [LOG] [Fast Refresh] rebuilding @ http://localhost:3000/_next/static/chunks/node_modules_%40sentry_core_build_esm_1q_qjqh._.js:10515
[93935894ms] [LOG] [Fast Refresh] done in 441ms @ http://localhost:3000/_next/static/chunks/node_modules_%40sentry_core_build_esm_1q_qjqh._.js:10515
[93935908ms] [ERROR] Failed to load resource: the server responded with a status of 404 (Not Found) @ http://localhost:3000/login?redirect=%2Fen%2Fabout:0
[93936076ms] [INFO] %cDownload the React DevTools for a better development experience: https://react.dev/link/react-devtools font-weight:bold @ http://localhost:3000/_next/static/chunks/node_modules_%40sentry_core_build_esm_1q_qjqh._.js:10515
[93936185ms] [LOG] [HMR] connected @ http://localhost:3000/_next/static/chunks/node_modules_%40sentry_core_build_esm_1q_qjqh._.js:10515
[93936382ms] [ERROR] Failed to load resource: the server responded with a status of 404 (Not Found) @ http://localhost:3000/login?redirect=%2Fen%2Fabout:0
[93936443ms] [LOG] [UserStoreProvider] Auth event: INITIAL_SESSION @ http://localhost:3000/_next/static/chunks/node_modules_%40sentry_core_build_esm_1q_qjqh._.js:10515
[93937525ms] [ERROR] Failed to load resource: the server responded with a status of 403 () @ https://os.impakers.club/api/external/telemetry/auth:0
[93938122ms] [ERROR] Failed to load resource: the server responded with a status of 403 () @ https://os.impakers.club/api/external/telemetry/auth:0
[93940064ms] [ERROR] Failed to load resource: the server responded with a status of 403 () @ https://os.impakers.club/api/external/telemetry/auth:0
[93944036ms] [LOG] [Fast Refresh] rebuilding @ http://localhost:3000/_next/static/chunks/node_modules_%40sentry_core_build_esm_1q_qjqh._.js:10515
[93944158ms] [LOG] [Fast Refresh] done in 214ms @ http://localhost:3000/_next/static/chunks/node_modules_%40sentry_core_build_esm_1q_qjqh._.js:10515
[93952280ms] [LOG] [Fast Refresh] rebuilding @ http://localhost:3000/_next/static/chunks/node_modules_%40sentry_core_build_esm_1q_qjqh._.js:10515
[93952331ms] [LOG] [Fast Refresh] done in 142ms @ http://localhost:3000/_next/static/chunks/node_modules_%40sentry_core_build_esm_1q_qjqh._.js:10515
[93959564ms] [LOG] [Fast Refresh] rebuilding @ http://localhost:3000/_next/static/chunks/node_modules_%40sentry_core_build_esm_1q_qjqh._.js:10515
[93959589ms] [LOG] [Fast Refresh] done in 127ms @ http://localhost:3000/_next/static/chunks/node_modules_%40sentry_core_build_esm_1q_qjqh._.js:10515
[93960030ms] [LOG] [Fast Refresh] rebuilding @ http://localhost:3000/_next/static/chunks/node_modules_%40sentry_core_build_esm_1q_qjqh._.js:10515
[93960081ms] [LOG] [Fast Refresh] done in 136ms @ http://localhost:3000/_next/static/chunks/node_modules_%40sentry_core_build_esm_1q_qjqh._.js:10515
[93969346ms] [LOG] [Fast Refresh] rebuilding @ http://localhost:3000/_next/static/chunks/node_modules_%40sentry_core_build_esm_1q_qjqh._.js:10515
[93969460ms] [LOG] [Fast Refresh] done in 201ms @ http://localhost:3000/_next/static/chunks/node_modules_%40sentry_core_build_esm_1q_qjqh._.js:10515
[93977178ms] [LOG] [Fast Refresh] rebuilding @ http://localhost:3000/_next/static/chunks/node_modules_%40sentry_core_build_esm_1q_qjqh._.js:10515
[93977247ms] [LOG] [Fast Refresh] done in 158ms @ http://localhost:3000/_next/static/chunks/node_modules_%40sentry_core_build_esm_1q_qjqh._.js:10515
[93986644ms] [LOG] [Fast Refresh] rebuilding @ http://localhost:3000/_next/static/chunks/node_modules_%40sentry_core_build_esm_1q_qjqh._.js:10515
[93986733ms] [LOG] [Fast Refresh] done in 177ms @ http://localhost:3000/_next/static/chunks/node_modules_%40sentry_core_build_esm_1q_qjqh._.js:10515
[93989160ms] [LOG] [Fast Refresh] rebuilding @ http://localhost:3000/_next/static/chunks/node_modules_%40sentry_core_build_esm_1q_qjqh._.js:10515
[93990577ms] [LOG] [Fast Refresh] done in 1517ms @ http://localhost:3000/_next/static/chunks/node_modules_%40sentry_core_build_esm_1q_qjqh._.js:10515
[93992364ms] [LOG] [Fast Refresh] rebuilding @ http://localhost:3000/_next/static/chunks/node_modules_%40sentry_core_build_esm_1q_qjqh._.js:10515
[93992421ms] [LOG] [Fast Refresh] done in 145ms @ http://localhost:3000/_next/static/chunks/node_modules_%40sentry_core_build_esm_1q_qjqh._.js:10515
[93997073ms] [ERROR] Failed to load resource: the server responded with a status of 403 () @ https://os.impakers.club/api/external/telemetry/auth:0
[93997273ms] [LOG] [Fast Refresh] rebuilding @ http://localhost:3000/_next/static/chunks/node_modules_%40sentry_core_build_esm_1q_qjqh._.js:10515
[93997322ms] [LOG] [Fast Refresh] done in 139ms @ http://localhost:3000/_next/static/chunks/node_modules_%40sentry_core_build_esm_1q_qjqh._.js:10515
[94043340ms] [LOG] [Fast Refresh] rebuilding @ http://localhost:3000/_next/static/chunks/node_modules_%40sentry_core_build_esm_1q_qjqh._.js:10515
[94043511ms] [LOG] [Fast Refresh] done in 252ms @ http://localhost:3000/_next/static/chunks/node_modules_%40sentry_core_build_esm_1q_qjqh._.js:10515
[94047502ms] [LOG] [Fast Refresh] rebuilding @ http://localhost:3000/_next/static/chunks/node_modules_%40sentry_core_build_esm_1q_qjqh._.js:10515
[94049395ms] [LOG] [Fast Refresh] done in 1994ms @ http://localhost:3000/_next/static/chunks/node_modules_%40sentry_core_build_esm_1q_qjqh._.js:10515
[94058181ms] [ERROR] Failed to load resource: the server responded with a status of 403 () @ https://os.impakers.club/api/external/telemetry/auth:0
[94095932ms] [LOG] [Fast Refresh] rebuilding @ http://localhost:3000/_next/static/chunks/node_modules_%40sentry_core_build_esm_1q_qjqh._.js:10515
[94096674ms] [LOG] [Fast Refresh] done in 843ms @ http://localhost:3000/_next/static/chunks/node_modules_%40sentry_core_build_esm_1q_qjqh._.js:10515
[94099289ms] [LOG] [Fast Refresh] rebuilding @ http://localhost:3000/_next/static/chunks/node_modules_%40sentry_core_build_esm_1q_qjqh._.js:10515
[94099710ms] [LOG] [Fast Refresh] done in 523ms @ http://localhost:3000/_next/static/chunks/node_modules_%40sentry_core_build_esm_1q_qjqh._.js:10515
[94105971ms] [LOG] [Fast Refresh] rebuilding @ http://localhost:3000/_next/static/chunks/node_modules_%40sentry_core_build_esm_1q_qjqh._.js:10515
[94106692ms] [LOG] [Fast Refresh] done in 823ms @ http://localhost:3000/_next/static/chunks/node_modules_%40sentry_core_build_esm_1q_qjqh._.js:10515
[94117196ms] [ERROR] Failed to load resource: the server responded with a status of 403 () @ https://os.impakers.club/api/external/telemetry/auth:0
[94130069ms] [LOG] [Fast Refresh] rebuilding @ http://localhost:3000/_next/static/chunks/node_modules_%40sentry_core_build_esm_1q_qjqh._.js:10515
[94130835ms] [LOG] [Fast Refresh] done in 868ms @ http://localhost:3000/_next/static/chunks/node_modules_%40sentry_core_build_esm_1q_qjqh._.js:10515
[94132276ms] [LOG] [Fast Refresh] rebuilding @ http://localhost:3000/_next/static/chunks/node_modules_%40sentry_core_build_esm_1q_qjqh._.js:10515
[94132643ms] [LOG] [Fast Refresh] done in 468ms @ http://localhost:3000/_next/static/chunks/node_modules_%40sentry_core_build_esm_1q_qjqh._.js:10515
[94132744ms] [LOG] [Fast Refresh] rebuilding @ http://localhost:3000/_next/static/chunks/node_modules_%40sentry_core_build_esm_1q_qjqh._.js:10515
[94133246ms] [LOG] [Fast Refresh] done in 602ms @ http://localhost:3000/_next/static/chunks/node_modules_%40sentry_core_build_esm_1q_qjqh._.js:10515
[94166996ms] [LOG] [Fast Refresh] rebuilding @ http://localhost:3000/_next/static/chunks/node_modules_%40sentry_core_build_esm_1q_qjqh._.js:10515
[94167033ms] [LOG] [Fast Refresh] done in 138ms @ http://localhost:3000/_next/static/chunks/node_modules_%40sentry_core_build_esm_1q_qjqh._.js:10515
[94168690ms] [LOG] [Fast Refresh] rebuilding @ http://localhost:3000/_next/static/chunks/node_modules_%40sentry_core_build_esm_1q_qjqh._.js:10515
[94168698ms] [LOG] [Fast Refresh] done in 110ms @ http://localhost:3000/_next/static/chunks/node_modules_%40sentry_core_build_esm_1q_qjqh._.js:10515
[94170173ms] [LOG] [Fast Refresh] rebuilding @ http://localhost:3000/_next/static/chunks/node_modules_%40sentry_core_build_esm_1q_qjqh._.js:10515
[94170195ms] [LOG] [Fast Refresh] done in 106ms @ http://localhost:3000/_next/static/chunks/node_modules_%40sentry_core_build_esm_1q_qjqh._.js:10515
[94171609ms] [LOG] [Fast Refresh] rebuilding @ http://localhost:3000/_next/static/chunks/node_modules_%40sentry_core_build_esm_1q_qjqh._.js:10515
[94171616ms] [LOG] [Fast Refresh] done in 109ms @ http://localhost:3000/_next/static/chunks/node_modules_%40sentry_core_build_esm_1q_qjqh._.js:10515
[94173154ms] [LOG] [Fast Refresh] rebuilding @ http://localhost:3000/_next/static/chunks/node_modules_%40sentry_core_build_esm_1q_qjqh._.js:10515
[94173179ms] [LOG] [Fast Refresh] done in 127ms @ http://localhost:3000/_next/static/chunks/node_modules_%40sentry_core_build_esm_1q_qjqh._.js:10515
[94174578ms] [LOG] [Fast Refresh] rebuilding @ http://localhost:3000/_next/static/chunks/node_modules_%40sentry_core_build_esm_1q_qjqh._.js:10515
[94174615ms] [LOG] [Fast Refresh] done in 112ms @ http://localhost:3000/_next/static/chunks/node_modules_%40sentry_core_build_esm_1q_qjqh._.js:10515
[94176027ms] [LOG] [Fast Refresh] rebuilding @ http://localhost:3000/_next/static/chunks/node_modules_%40sentry_core_build_esm_1q_qjqh._.js:10515
[94176077ms] [LOG] [Fast Refresh] done in 151ms @ http://localhost:3000/_next/static/chunks/node_modules_%40sentry_core_build_esm_1q_qjqh._.js:10515
[94177078ms] [ERROR] Failed to load resource: the server responded with a status of 403 () @ https://os.impakers.club/api/external/telemetry/auth:0
[94177711ms] [LOG] [Fast Refresh] rebuilding @ http://localhost:3000/_next/static/chunks/node_modules_%40sentry_core_build_esm_1q_qjqh._.js:10515
[94177727ms] [LOG] [Fast Refresh] done in 116ms @ http://localhost:3000/_next/static/chunks/node_modules_%40sentry_core_build_esm_1q_qjqh._.js:10515
[94237436ms] [ERROR] Failed to load resource: the server responded with a status of 403 () @ https://os.impakers.club/api/external/telemetry/auth:0
[94297168ms] [ERROR] Failed to load resource: the server responded with a status of 403 () @ https://os.impakers.club/api/external/telemetry/auth:0
[94297949ms] [LOG] [Fast Refresh] rebuilding @ http://localhost:3000/_next/static/chunks/node_modules_%40sentry_core_build_esm_1q_qjqh._.js:10515
[94299153ms] [LOG] [Fast Refresh] done in 889ms @ http://localhost:3000/_next/static/chunks/node_modules_%40sentry_core_build_esm_1q_qjqh._.js:10515
[94303047ms] [LOG] [Fast Refresh] rebuilding @ http://localhost:3000/_next/static/chunks/node_modules_%40sentry_core_build_esm_1q_qjqh._.js:10515
[94303679ms] [ERROR] ./app/center/tuition/payments/page.tsx:591:13
Expected '</', got 'jsx text'
  589 |           )}
  590 |         </div>
> 591 |       </div>
      |             ^^^^^^^^^^^^^^^^^^^^^^^^^^^^^^^^^^^^^^^^^^^^^^^^^^^^^^^^^^^^^^^^^^^^^^^^^^^^^^^^^^^^^^^^^^^^^^^^^^^^^^^^^^^^^^^^^^^^^^^^^^^^^^^^^^^^^^^^^^^^^^^^^^^^^^^^^^^^^^^^^^^^^^^^^^^^^^^^^^^^^^^^^^^^^^^^^^^^^^
> 592 |     </PermissionGuard>
      | ^^^^
  593 |   );
  594 | }
  595 |

Parsing ecmascript source code failed

Generated code of loaders [next/dist/build/babel/loader] transform of file content of app/center/tuition/payments/page.tsx:
./app/center/tuition/payments/page.tsx:591:13
  589 |           )}
  590 |         </div>
> 591 |       </div>
      |             ^^^^^^^^^^^^^^^^^^^^^^^^^^^^^^^^^^^^^^^^^^^^^^^^^^^^^^^^^^^^^^^^^^^^^^^^^^^^^^^^^^^^^^^^^^^^^^^^^^^^^^^^^^^^^^^^^^^^^^^^^^^^^^^^^^^^^^^^^^^^^^^^^^^^^^^^^^^^^^^^^^^^^^^^^^^^^^^^^^^^^^^^^^^^^^^^^^^^^^
> 592 |     </PermissionGuard>
      | ^^^^
  593 |   );
  594 | }
  595 |

Import traces:
  Client Component Browser:
    ./app/center/tuition/payments/page.tsx [Client Component Browser]
    ./app/center/tuition/payments/page.tsx [Server Component]

  Client Component SSR:
    ./app/center/tuition/payments/page.tsx [Client Component SSR]
    ./app/center/tuition/payments/page.tsx [Server Component] @ http://localhost:3000/_next/static/chunks/node_modules_%40sentry_core_build_esm_1q_qjqh._.js:10515
[94303842ms] [ERROR] Failed to load resource: the server responded with a status of 500 (Internal Server Error) @ http://localhost:3000/login?redirect=%2Fen%2Fabout&_rsc=qDh8EWPhWRGr9PEZ:0
[94303950ms] [ERROR] ./app/center/tuition/payments/page.tsx:591:13
Expected '</', got 'jsx text'
  589 |           )}
  590 |         </div>
> 591 |       </div>
      |             ^^^^^^^^^^^^^^^^^^^^^^^^^^^^^^^^^^^^^^^^^^^^^^^^^^^^^^^^^^^^^^^^^^^^^^^^^^^^^^^^^^^^^^^^^^^^^^^^^^^^^^^^^^^^^^^^^^^^^^^^^^^^^^^^^^^^^^^^^^^^^^^^^^^^^^^^^^^^^^^^^^^^^^^^^^^^^^^^^^^^^^^^^^^^^^^^^^^^^^
> 592 |     </PermissionGuard>
      | ^^^^
  593 |   );
  594 | }
  595 |

Parsing ecmascript source code failed

Generated code of loaders [next/dist/build/babel/loader] transform of file content of app/center/tuition/payments/page.tsx:
./app/center/tuition/payments/page.tsx:591:13
  589 |           )}
  590 |         </div>
> 591 |       </div>
      |             ^^^^^^^^^^^^^^^^^^^^^^^^^^^^^^^^^^^^^^^^^^^^^^^^^^^^^^^^^^^^^^^^^^^^^^^^^^^^^^^^^^^^^^^^^^^^^^^^^^^^^^^^^^^^^^^^^^^^^^^^^^^^^^^^^^^^^^^^^^^^^^^^^^^^^^^^^^^^^^^^^^^^^^^^^^^^^^^^^^^^^^^^^^^^^^^^^^^^^^
> 592 |     </PermissionGuard>
      | ^^^^
  593 |   );
  594 | }
  595 |

Import traces:
  Client Component Browser:
    ./app/center/tuition/payments/page.tsx [Client Component Browser]
    ./app/center/tuition/payments/page.tsx [Server Component]

  Client Component SSR:
    ./app/center/tuition/payments/page.tsx [Client Component SSR]
    ./app/center/tuition/payments/page.tsx [Server Component] @ http://localhost:3000/_next/static/chunks/node_modules_%40sentry_core_build_esm_1q_qjqh._.js:10515
[94303957ms] [LOG] [Fast Refresh] rebuilding @ http://localhost:3000/_next/static/chunks/node_modules_%40sentry_core_build_esm_1q_qjqh._.js:10515
[94304019ms] [ERROR] Failed to load resource: the server responded with a status of 500 (Internal Server Error) @ http://localhost:3000/login?redirect=%2Fen%2Fabout&_rsc=qDh8EWPhWRGr9PEZ:0
[94304027ms] [ERROR] Failed to load resource: the server responded with a status of 500 (Internal Server Error) @ http://localhost:3000/login?redirect=%2Fen%2Fabout:0
[94304124ms] [INFO] %cDownload the React DevTools for a better development experience: https://react.dev/link/react-devtools font-weight:bold @ http://localhost:3000/_next/static/chunks/node_modules_react-dom_0kla17-._.js:15306
[94304172ms] Error: ./app/center/tuition/payments/page.tsx:591:13
Expected '</', got 'jsx text'
  589 |           )}
  590 |         </div>
> 591 |       </div>
      |             ^^^^^^^^^^^^^^^^^^^^^^^^^^^^^^^^^^^^^^^^^^^^^^^^^^^^^^^^^^^^^^^^^^^^^^^^^^^^^^^^^^^^^^^^^^^^^^^^^^^^^^^^^^^^^^^^^^^^^^^^^^^^^^^^^^^^^^^^^^^^^^^^^^^^^^^^^^^^^^^^^^^^^^^^^^^^^^^^^^^^^^^^^^^^^^^^^^^^^^
> 592 |     </PermissionGuard>
      | ^^^^
  593 |   );
  594 | }
  595 |

Parsing ecmascript source code failed

Generated code of loaders [next/dist/build/babel/loader] transform of file content of app/center/tuition/payments/page.tsx:
./app/center/tuition/payments/page.tsx:591:13
  589 |           )}
  590 |         </div>
> 591 |       </div>
      |             ^^^^^^^^^^^^^^^^^^^^^^^^^^^^^^^^^^^^^^^^^^^^^^^^^^^^^^^^^^^^^^^^^^^^^^^^^^^^^^^^^^^^^^^^^^^^^^^^^^^^^^^^^^^^^^^^^^^^^^^^^^^^^^^^^^^^^^^^^^^^^^^^^^^^^^^^^^^^^^^^^^^^^^^^^^^^^^^^^^^^^^^^^^^^^^^^^^^^^^
> 592 |     </PermissionGuard>
      | ^^^^
  593 |   );
  594 | }
  595 |

Import traces:
  Client Component Browser:
    ./app/center/tuition/payments/page.tsx [Client Component Browser]
    ./app/center/tuition/payments/page.tsx [Server Component]

  Client Component SSR:
    ./app/center/tuition/payments/page.tsx [Client Component SSR]
    ./app/center/tuition/payments/page.tsx [Server Component]


    at <unknown> (Error: ./app/center/tuition/payments/page.tsx:591:13)
    at <unknown> (./app/center/tuition/payments/page.tsx:591:13)
    at Object.getCompilationErrors (file:///Users/sangsoolee/GitHub/place-real/place/node_modules/next/dist/server/dev/hot-reloader-turbopack.js:1186:59)
    at DevBundlerService.getCompilationError (file:///Users/sangsoolee/GitHub/place-real/place/node_modules/next/dist/server/lib/dev-bundler-service.js:44:55)
    at DevServer.getCompilationError (file:///Users/sangsoolee/GitHub/place-real/place/node_modules/next/dist/server/dev/next-dev-server.js:720:42)
    at DevServer.findPageComponents (file:///Users/sangsoolee/GitHub/place-real/place/node_modules/next/dist/server/dev/next-dev-server.js:690:43)
    at async DevServer.renderErrorToResponseImpl (file:///Users/sangsoolee/GitHub/place-real/place/node_modules/next/dist/server/base-server.js:1694:30)
[94304172ms] [LOG] [HMR] connected @ http://localhost:3000/_next/static/chunks/node_modules_%40sentry_core_build_esm_0pcxffo._.js:10515
[94304175ms] [ERROR] ./app/center/tuition/payments/page.tsx:591:13
Expected '</', got 'jsx text'
  589 |           )}
  590 |         </div>
> 591 |       </div>
      |             ^^^^^^^^^^^^^^^^^^^^^^^^^^^^^^^^^^^^^^^^^^^^^^^^^^^^^^^^^^^^^^^^^^^^^^^^^^^^^^^^^^^^^^^^^^^^^^^^^^^^^^^^^^^^^^^^^^^^^^^^^^^^^^^^^^^^^^^^^^^^^^^^^^^^^^^^^^^^^^^^^^^^^^^^^^^^^^^^^^^^^^^^^^^^^^^^^^^^^^
> 592 |     </PermissionGuard>
      | ^^^^
  593 |   );
  594 | }
  595 |

Parsing ecmascript source code failed

Generated code of loaders [next/dist/build/babel/loader] transform of file content of app/center/tuition/payments/page.tsx:
./app/center/tuition/payments/page.tsx:591:13
  589 |           )}
  590 |         </div>
> 591 |       </div>
      |             ^^^^^^^^^^^^^^^^^^^^^^^^^^^^^^^^^^^^^^^^^^^^^^^^^^^^^^^^^^^^^^^^^^^^^^^^^^^^^^^^^^^^^^^^^^^^^^^^^^^^^^^^^^^^^^^^^^^^^^^^^^^^^^^^^^^^^^^^^^^^^^^^^^^^^^^^^^^^^^^^^^^^^^^^^^^^^^^^^^^^^^^^^^^^^^^^^^^^^^
> 592 |     </PermissionGuard>
      | ^^^^
  593 |   );
  594 | }
  595 |

Import traces:
  Client Component Browser:
    ./app/center/tuition/payments/page.tsx [Client Component Browser]
    ./app/center/tuition/payments/page.tsx [Server Component]

  Client Component SSR:
    ./app/center/tuition/payments/page.tsx [Client Component SSR]
    ./app/center/tuition/payments/page.tsx [Server Component] @ http://localhost:3000/_next/static/chunks/node_modules_next_dist_1gdrd03._.js:1951
[94304221ms] [ERROR] ./app/center/tuition/payments/page.tsx:591:13
Expected '</', got 'jsx text'
  589 |           )}
  590 |         </div>
> 591 |       </div>
      |             ^^^^^^^^^^^^^^^^^^^^^^^^^^^^^^^^^^^^^^^^^^^^^^^^^^^^^^^^^^^^^^^^^^^^^^^^^^^^^^^^^^^^^^^^^^^^^^^^^^^^^^^^^^^^^^^^^^^^^^^^^^^^^^^^^^^^^^^^^^^^^^^^^^^^^^^^^^^^^^^^^^^^^^^^^^^^^^^^^^^^^^^^^^^^^^^^^^^^^^
> 592 |     </PermissionGuard>
      | ^^^^
  593 |   );
  594 | }
  595 |

Parsing ecmascript source code failed

Generated code of loaders [next/dist/build/babel/loader] transform of file content of app/center/tuition/payments/page.tsx:
./app/center/tuition/payments/page.tsx:591:13
  589 |           )}
  590 |         </div>
> 591 |       </div>
      |             ^^^^^^^^^^^^^^^^^^^^^^^^^^^^^^^^^^^^^^^^^^^^^^^^^^^^^^^^^^^^^^^^^^^^^^^^^^^^^^^^^^^^^^^^^^^^^^^^^^^^^^^^^^^^^^^^^^^^^^^^^^^^^^^^^^^^^^^^^^^^^^^^^^^^^^^^^^^^^^^^^^^^^^^^^^^^^^^^^^^^^^^^^^^^^^^^^^^^^^
> 592 |     </PermissionGuard>
      | ^^^^
  593 |   );
  594 | }
  595 |

Import traces:
  Client Component Browser:
    ./app/center/tuition/payments/page.tsx [Client Component Browser]
    ./app/center/tuition/payments/page.tsx [Server Component]

  Client Component SSR:
    ./app/center/tuition/payments/page.tsx [Client Component SSR]
    ./app/center/tuition/payments/page.tsx [Server Component] @ http://localhost:3000/_next/static/chunks/node_modules_next_dist_1gdrd03._.js:1951
[94304268ms] [ERROR] ./app/center/tuition/payments/page.tsx:591:13
Expected '</', got 'jsx text'
  589 |           )}
  590 |         </div>
> 591 |       </div>
      |             ^^^^^^^^^^^^^^^^^^^^^^^^^^^^^^^^^^^^^^^^^^^^^^^^^^^^^^^^^^^^^^^^^^^^^^^^^^^^^^^^^^^^^^^^^^^^^^^^^^^^^^^^^^^^^^^^^^^^^^^^^^^^^^^^^^^^^^^^^^^^^^^^^^^^^^^^^^^^^^^^^^^^^^^^^^^^^^^^^^^^^^^^^^^^^^^^^^^^^^
> 592 |     </PermissionGuard>
      | ^^^^
  593 |   );
  594 | }
  595 |

Parsing ecmascript source code failed

Generated code of loaders [next/dist/build/babel/loader] transform of file content of app/center/tuition/payments/page.tsx:
./app/center/tuition/payments/page.tsx:591:13
  589 |           )}
  590 |         </div>
> 591 |       </div>
      |             ^^^^^^^^^^^^^^^^^^^^^^^^^^^^^^^^^^^^^^^^^^^^^^^^^^^^^^^^^^^^^^^^^^^^^^^^^^^^^^^^^^^^^^^^^^^^^^^^^^^^^^^^^^^^^^^^^^^^^^^^^^^^^^^^^^^^^^^^^^^^^^^^^^^^^^^^^^^^^^^^^^^^^^^^^^^^^^^^^^^^^^^^^^^^^^^^^^^^^^
> 592 |     </PermissionGuard>
      | ^^^^
  593 |   );
  594 | }
  595 |

Import traces:
  Client Component Browser:
    ./app/center/tuition/payments/page.tsx [Client Component Browser]
    ./app/center/tuition/payments/page.tsx [Server Component]

  Client Component SSR:
    ./app/center/tuition/payments/page.tsx [Client Component SSR]
    ./app/center/tuition/payments/page.tsx [Server Component] @ http://localhost:3000/_next/static/chunks/node_modules_next_dist_1gdrd03._.js:1951
[94304323ms] [LOG] [Fast Refresh] rebuilding @ http://localhost:3000/_next/static/chunks/node_modules_%40sentry_core_build_esm_0pcxffo._.js:10515
[94306751ms] [ERROR] ./app/center/tuition/payments/page.tsx:591:13
Expected '</', got 'jsx text'
  589 |           )}
  590 |         </div>
> 591 |       </div>
      |             ^^^^^^^^^^^^^^^^^^^^^^^^^^^^^^^^^^^^^^^^^^^^^^^^^^^^^^^^^^^^^^^^^^^^^^^^^^^^^^^^^^^^^^^^^^^^^^^^^^^^^^^^^^^^^^^^^^^^^^^^^^^^^^^^^^^^^^^^^^^^^^^^^^^^^^^^^^^^^^^^^^^^^^^^^^^^^^^^^^^^^^^^^^^^^^^^^^^^^^
> 592 |     </PermissionGuard>
      | ^^^^
  593 |   );
  594 | }
  595 |

Parsing ecmascript source code failed

Generated code of loaders [next/dist/build/babel/loader] transform of file content of app/center/tuition/payments/page.tsx:
./app/center/tuition/payments/page.tsx:591:13
  589 |           )}
  590 |         </div>
> 591 |       </div>
      |             ^^^^^^^^^^^^^^^^^^^^^^^^^^^^^^^^^^^^^^^^^^^^^^^^^^^^^^^^^^^^^^^^^^^^^^^^^^^^^^^^^^^^^^^^^^^^^^^^^^^^^^^^^^^^^^^^^^^^^^^^^^^^^^^^^^^^^^^^^^^^^^^^^^^^^^^^^^^^^^^^^^^^^^^^^^^^^^^^^^^^^^^^^^^^^^^^^^^^^^
> 592 |     </PermissionGuard>
      | ^^^^
  593 |   );
  594 | }
  595 |

Import traces:
  Client Component Browser:
    ./app/center/tuition/payments/page.tsx [Client Component Browser]
    ./app/center/tuition/payments/page.tsx [Server Component]

  Client Component SSR:
    ./app/center/tuition/payments/page.tsx [Client Component SSR]
    ./app/center/tuition/payments/page.tsx [Server Component] @ http://localhost:3000/_next/static/chunks/node_modules_next_dist_1gdrd03._.js:1951
[94306833ms] [ERROR] ./app/center/tuition/payments/page.tsx:591:13
Expected '</', got 'jsx text'
  589 |           )}
  590 |         </div>
> 591 |       </div>
      |             ^^^^^^^^^^^^^^^^^^^^^^^^^^^^^^^^^^^^^^^^^^^^^^^^^^^^^^^^^^^^^^^^^^^^^^^^^^^^^^^^^^^^^^^^^^^^^^^^^^^^^^^^^^^^^^^^^^^^^^^^^^^^^^^^^^^^^^^^^^^^^^^^^^^^^^^^^^^^^^^^^^^^^^^^^^^^^^^^^^^^^^^^^^^^^^^^^^^^^^
> 592 |     </PermissionGuard>
      | ^^^^
  593 |   );
  594 | }
  595 |

Parsing ecmascript source code failed

Generated code of loaders [next/dist/build/babel/loader] transform of file content of app/center/tuition/payments/page.tsx:
./app/center/tuition/payments/page.tsx:591:13
  589 |           )}
  590 |         </div>
> 591 |       </div>
      |             ^^^^^^^^^^^^^^^^^^^^^^^^^^^^^^^^^^^^^^^^^^^^^^^^^^^^^^^^^^^^^^^^^^^^^^^^^^^^^^^^^^^^^^^^^^^^^^^^^^^^^^^^^^^^^^^^^^^^^^^^^^^^^^^^^^^^^^^^^^^^^^^^^^^^^^^^^^^^^^^^^^^^^^^^^^^^^^^^^^^^^^^^^^^^^^^^^^^^^^
> 592 |     </PermissionGuard>
      | ^^^^
  593 |   );
  594 | }
  595 |

Import traces:
  Client Component Browser:
    ./app/center/tuition/payments/page.tsx [Client Component Browser]
    ./app/center/tuition/payments/page.tsx [Server Component]

  Client Component SSR:
    ./app/center/tuition/payments/page.tsx [Client Component SSR]
    ./app/center/tuition/payments/page.tsx [Server Component] @ http://localhost:3000/_next/static/chunks/node_modules_next_dist_1gdrd03._.js:1951
[94306880ms] [LOG] [Fast Refresh] rebuilding @ http://localhost:3000/_next/static/chunks/node_modules_%40sentry_core_build_esm_0pcxffo._.js:10515
[94307863ms] [ERROR] ./app/center/tuition/payments/page.tsx:591:13
Expected '</', got 'jsx text'
  589 |           )}
  590 |         </div>
> 591 |       </div>
      |             ^^^^^^^^^^^^^^^^^^^^^^^^^^^^^^^^^^^^^^^^^^^^^^^^^^^^^^^^^^^^^^^^^^^^^^^^^^^^^^^^^^^^^^^^^^^^^^^^^^^^^^^^^^^^^^^^^^^^^^^^^^^^^^^^^^^^^^^^^^^^^^^^^^^^^^^^^^^^^^^^^^^^^^^^^^^^^^^^^^^^^^^^^^^^^^^^^^^^^^
> 592 |     </PermissionGuard>
      | ^^^^
  593 |   );
  594 | }
  595 |

Parsing ecmascript source code failed

Generated code of loaders [next/dist/build/babel/loader] transform of file content of app/center/tuition/payments/page.tsx:
./app/center/tuition/payments/page.tsx:591:13
  589 |           )}
  590 |         </div>
> 591 |       </div>
      |             ^^^^^^^^^^^^^^^^^^^^^^^^^^^^^^^^^^^^^^^^^^^^^^^^^^^^^^^^^^^^^^^^^^^^^^^^^^^^^^^^^^^^^^^^^^^^^^^^^^^^^^^^^^^^^^^^^^^^^^^^^^^^^^^^^^^^^^^^^^^^^^^^^^^^^^^^^^^^^^^^^^^^^^^^^^^^^^^^^^^^^^^^^^^^^^^^^^^^^^
> 592 |     </PermissionGuard>
      | ^^^^
  593 |   );
  594 | }
  595 |

Import traces:
  Client Component Browser:
    ./app/center/tuition/payments/page.tsx [Client Component Browser]
    ./app/center/tuition/payments/page.tsx [Server Component]

  Client Component SSR:
    ./app/center/tuition/payments/page.tsx [Client Component SSR]
    ./app/center/tuition/payments/page.tsx [Server Component] @ http://localhost:3000/_next/static/chunks/node_modules_next_dist_1gdrd03._.js:1951
[94307902ms] [ERROR] ./app/center/tuition/payments/page.tsx:591:13
Expected '</', got 'jsx text'
  589 |           )}
  590 |         </div>
> 591 |       </div>
      |             ^^^^^^^^^^^^^^^^^^^^^^^^^^^^^^^^^^^^^^^^^^^^^^^^^^^^^^^^^^^^^^^^^^^^^^^^^^^^^^^^^^^^^^^^^^^^^^^^^^^^^^^^^^^^^^^^^^^^^^^^^^^^^^^^^^^^^^^^^^^^^^^^^^^^^^^^^^^^^^^^^^^^^^^^^^^^^^^^^^^^^^^^^^^^^^^^^^^^^^
> 592 |     </PermissionGuard>
      | ^^^^
  593 |   );
  594 | }
  595 |

Parsing ecmascript source code failed

Generated code of loaders [next/dist/build/babel/loader] transform of file content of app/center/tuition/payments/page.tsx:
./app/center/tuition/payments/page.tsx:591:13
  589 |           )}
  590 |         </div>
> 591 |       </div>
      |             ^^^^^^^^^^^^^^^^^^^^^^^^^^^^^^^^^^^^^^^^^^^^^^^^^^^^^^^^^^^^^^^^^^^^^^^^^^^^^^^^^^^^^^^^^^^^^^^^^^^^^^^^^^^^^^^^^^^^^^^^^^^^^^^^^^^^^^^^^^^^^^^^^^^^^^^^^^^^^^^^^^^^^^^^^^^^^^^^^^^^^^^^^^^^^^^^^^^^^^
> 592 |     </PermissionGuard>
      | ^^^^
  593 |   );
  594 | }
  595 |

Import traces:
  Client Component Browser:
    ./app/center/tuition/payments/page.tsx [Client Component Browser]
    ./app/center/tuition/payments/page.tsx [Server Component]

  Client Component SSR:
    ./app/center/tuition/payments/page.tsx [Client Component SSR]
    ./app/center/tuition/payments/page.tsx [Server Component] @ http://localhost:3000/_next/static/chunks/node_modules_next_dist_1gdrd03._.js:1951
[94307965ms] [LOG] [Fast Refresh] rebuilding @ http://localhost:3000/_next/static/chunks/node_modules_%40sentry_core_build_esm_0pcxffo._.js:10515
[94309203ms] [LOG] [Fast Refresh] rebuilding @ http://localhost:3000/_next/static/chunks/node_modules_%40sentry_core_build_esm_0pcxffo._.js:10515
[94309330ms] [LOG] [Fast Refresh] done in 182ms @ http://localhost:3000/_next/static/chunks/node_modules_%40sentry_core_build_esm_0pcxffo._.js:10515
[94309450ms] [LOG] [Fast Refresh] rebuilding @ http://localhost:3000/_next/static/chunks/node_modules_%40sentry_core_build_esm_0pcxffo._.js:10515
[94309580ms] [LOG] [Fast Refresh] done in 231ms @ http://localhost:3000/_next/static/chunks/node_modules_%40sentry_core_build_esm_0pcxffo._.js:10515
[94309888ms] [ERROR] Failed to load resource: the server responded with a status of 404 (Not Found) @ http://localhost:3000/login?redirect=%2Fen%2Fabout:0
[94309976ms] [INFO] %cDownload the React DevTools for a better development experience: https://react.dev/link/react-devtools font-weight:bold @ http://localhost:3000/_next/static/chunks/node_modules_%40sentry_core_build_esm_1q_qjqh._.js:10515
[94309999ms] [LOG] [HMR] connected @ http://localhost:3000/_next/static/chunks/node_modules_%40sentry_core_build_esm_1q_qjqh._.js:10515
[94310191ms] [ERROR] Failed to load resource: the server responded with a status of 404 (Not Found) @ http://localhost:3000/login?redirect=%2Fen%2Fabout:0
[94310198ms] [LOG] [UserStoreProvider] Auth event: INITIAL_SESSION @ http://localhost:3000/_next/static/chunks/node_modules_%40sentry_core_build_esm_1q_qjqh._.js:10515
[94310984ms] [ERROR] Failed to load resource: the server responded with a status of 403 () @ https://os.impakers.club/api/external/telemetry/auth:0
[94311169ms] [ERROR] Failed to load resource: the server responded with a status of 403 () @ https://os.impakers.club/api/external/telemetry/auth:0
[94313506ms] [ERROR] Failed to load resource: the server responded with a status of 403 () @ https://os.impakers.club/api/external/telemetry/auth:0
[94315532ms] [ERROR] Failed to load resource: the server responded with a status of 429 () @ https://o4510435610853376.ingest.us.sentry.io/api/4510435768664064/envelope/?sentry_version=7&sentry_key=10791d539fe865c27b1da8be6680477b&sentry_client=sentry.javascript.nextjs%2F10.48.0:0
[94370911ms] [ERROR] Failed to load resource: the server responded with a status of 403 () @ https://os.impakers.club/api/external/telemetry/auth:0
[94410343ms] [LOG] [Fast Refresh] rebuilding @ http://localhost:3000/_next/static/chunks/node_modules_%40sentry_core_build_esm_1q_qjqh._.js:10515
[94410535ms] [LOG] [Fast Refresh] done in 272ms @ http://localhost:3000/_next/static/chunks/node_modules_%40sentry_core_build_esm_1q_qjqh._.js:10515
[94415669ms] [LOG] [Fast Refresh] rebuilding @ http://localhost:3000/_next/static/chunks/node_modules_%40sentry_core_build_esm_1q_qjqh._.js:10515
[94417165ms] [LOG] [Fast Refresh] done in 511ms @ http://localhost:3000/_next/static/chunks/node_modules_%40sentry_core_build_esm_1q_qjqh._.js:10515
[94417270ms] [LOG] [Fast Refresh] rebuilding @ http://localhost:3000/_next/static/chunks/node_modules_%40sentry_core_build_esm_1q_qjqh._.js:10515
[94417288ms] [LOG] [Fast Refresh] done in 118ms @ http://localhost:3000/_next/static/chunks/node_modules_%40sentry_core_build_esm_1q_qjqh._.js:10515
[94431121ms] [ERROR] Failed to load resource: the server responded with a status of 403 () @ https://os.impakers.club/api/external/telemetry/auth:0
[94476889ms] [LOG] [Fast Refresh] rebuilding @ http://localhost:3000/_next/static/chunks/node_modules_%40sentry_core_build_esm_1q_qjqh._.js:10515
[94477098ms] [LOG] [Fast Refresh] done in 311ms @ http://localhost:3000/_next/static/chunks/node_modules_%40sentry_core_build_esm_1q_qjqh._.js:10515
[94477255ms] [LOG] [Fast Refresh] rebuilding @ http://localhost:3000/_next/static/chunks/node_modules_%40sentry_core_build_esm_1q_qjqh._.js:10515
[94477361ms] [LOG] [Fast Refresh] done in 207ms @ http://localhost:3000/_next/static/chunks/node_modules_%40sentry_core_build_esm_1q_qjqh._.js:10515
[94477384ms] [ERROR] Failed to load resource: the server responded with a status of 404 (Not Found) @ http://localhost:3000/login?redirect=%2Fen%2Fabout&_rsc=qDh8EWPhWRGr9PEZ:0
[94477449ms] [ERROR] Failed to load resource: the server responded with a status of 404 (Not Found) @ http://localhost:3000/login?redirect=%2Fen%2Fabout&_rsc=qDh8EWPhWRGr9PEZ:0
[94477527ms] [LOG] [Fast Refresh] rebuilding @ http://localhost:3000/_next/static/chunks/node_modules_%40sentry_core_build_esm_1q_qjqh._.js:10515
[94477636ms] [LOG] [Fast Refresh] done in 211ms @ http://localhost:3000/_next/static/chunks/node_modules_%40sentry_core_build_esm_1q_qjqh._.js:10515
[94477653ms] [ERROR] Failed to load resource: the server responded with a status of 404 (Not Found) @ http://localhost:3000/login?redirect=%2Fen%2Fabout:0
[94477736ms] [INFO] %cDownload the React DevTools for a better development experience: https://react.dev/link/react-devtools font-weight:bold @ http://localhost:3000/_next/static/chunks/node_modules_%40sentry_core_build_esm_1q_qjqh._.js:10515
[94477751ms] [LOG] [HMR] connected @ http://localhost:3000/_next/static/chunks/node_modules_%40sentry_core_build_esm_1q_qjqh._.js:10515
[94477901ms] [ERROR] Failed to load resource: the server responded with a status of 404 (Not Found) @ http://localhost:3000/login?redirect=%2Fen%2Fabout:0
[94477906ms] [LOG] [Fast Refresh] rebuilding @ http://localhost:3000/_next/static/chunks/node_modules_%40sentry_core_build_esm_1q_qjqh._.js:10515
[94477906ms] [LOG] [Fast Refresh] done in 121ms @ http://localhost:3000/_next/static/chunks/node_modules_%40sentry_core_build_esm_1q_qjqh._.js:10515
[94477948ms] [LOG] [UserStoreProvider] Auth event: INITIAL_SESSION @ http://localhost:3000/_next/static/chunks/node_modules_%40sentry_core_build_esm_1q_qjqh._.js:10515
[94478745ms] [ERROR] Failed to load resource: the server responded with a status of 403 () @ https://os.impakers.club/api/external/telemetry/auth:0
[94479085ms] [ERROR] Failed to load resource: the server responded with a status of 403 () @ https://os.impakers.club/api/external/telemetry/auth:0
[94481439ms] [ERROR] Failed to load resource: the server responded with a status of 403 () @ https://os.impakers.club/api/external/telemetry/auth:0
[94481875ms] [LOG] [Fast Refresh] rebuilding @ http://localhost:3000/_next/static/chunks/node_modules_%40sentry_core_build_esm_1q_qjqh._.js:10515
[94481910ms] [LOG] [Fast Refresh] done in 136ms @ http://localhost:3000/_next/static/chunks/node_modules_%40sentry_core_build_esm_1q_qjqh._.js:10515
[94483872ms] [LOG] [Fast Refresh] rebuilding @ http://localhost:3000/_next/static/chunks/node_modules_%40sentry_core_build_esm_1q_qjqh._.js:10515
[94483934ms] [LOG] [Fast Refresh] done in 161ms @ http://localhost:3000/_next/static/chunks/node_modules_%40sentry_core_build_esm_1q_qjqh._.js:10515
[94488499ms] [LOG] [Fast Refresh] rebuilding @ http://localhost:3000/_next/static/chunks/node_modules_%40sentry_core_build_esm_1q_qjqh._.js:10515
[94488569ms] [LOG] [Fast Refresh] done in 117ms @ http://localhost:3000/_next/static/chunks/node_modules_%40sentry_core_build_esm_1q_qjqh._.js:10515
[94488677ms] [LOG] [Fast Refresh] rebuilding @ http://localhost:3000/_next/static/chunks/node_modules_%40sentry_core_build_esm_1q_qjqh._.js:10515
[94488715ms] [LOG] [Fast Refresh] done in 140ms @ http://localhost:3000/_next/static/chunks/node_modules_%40sentry_core_build_esm_1q_qjqh._.js:10515
[94488740ms] [ERROR] Failed to load resource: the server responded with a status of 404 (Not Found) @ http://localhost:3000/login?redirect=%2Fen%2Fabout&_rsc=qDh8EWPhWRGr9PEZ:0
[94488871ms] [LOG] [Fast Refresh] rebuilding @ http://localhost:3000/_next/static/chunks/node_modules_%40sentry_core_build_esm_1q_qjqh._.js:10515
[94488991ms] [LOG] [Fast Refresh] done in 221ms @ http://localhost:3000/_next/static/chunks/node_modules_%40sentry_core_build_esm_1q_qjqh._.js:10515
[94489008ms] [ERROR] Failed to load resource: the server responded with a status of 404 (Not Found) @ http://localhost:3000/login?redirect=%2Fen%2Fabout:0
[94489091ms] [INFO] %cDownload the React DevTools for a better development experience: https://react.dev/link/react-devtools font-weight:bold @ http://localhost:3000/_next/static/chunks/node_modules_%40sentry_core_build_esm_1q_qjqh._.js:10515
[94489109ms] [LOG] [HMR] connected @ http://localhost:3000/_next/static/chunks/node_modules_%40sentry_core_build_esm_1q_qjqh._.js:10515
[94489382ms] [ERROR] Failed to load resource: the server responded with a status of 404 (Not Found) @ http://localhost:3000/login?redirect=%2Fen%2Fabout:0
[94489424ms] [LOG] [UserStoreProvider] Auth event: INITIAL_SESSION @ http://localhost:3000/_next/static/chunks/node_modules_%40sentry_core_build_esm_1q_qjqh._.js:10515
[94490650ms] [ERROR] Failed to load resource: the server responded with a status of 403 () @ https://os.impakers.club/api/external/telemetry/auth:0
[94490651ms] [ERROR] Failed to load resource: the server responded with a status of 403 () @ https://os.impakers.club/api/external/telemetry/auth:0
[94492588ms] [ERROR] Failed to load resource: the server responded with a status of 403 () @ https://os.impakers.club/api/external/telemetry/auth:0
[94496301ms] [LOG] [Fast Refresh] rebuilding @ http://localhost:3000/_next/static/chunks/node_modules_%40sentry_core_build_esm_1q_qjqh._.js:10515
[94496340ms] [LOG] [Fast Refresh] done in 140ms @ http://localhost:3000/_next/static/chunks/node_modules_%40sentry_core_build_esm_1q_qjqh._.js:10515
[94498627ms] [LOG] [Fast Refresh] rebuilding @ http://localhost:3000/_next/static/chunks/node_modules_%40sentry_core_build_esm_1q_qjqh._.js:10515
[94498700ms] [LOG] [Fast Refresh] done in 174ms @ http://localhost:3000/_next/static/chunks/node_modules_%40sentry_core_build_esm_1q_qjqh._.js:10515
[94502640ms] [LOG] [Fast Refresh] rebuilding @ http://localhost:3000/_next/static/chunks/node_modules_%40sentry_core_build_esm_1q_qjqh._.js:10515
[94502698ms] [LOG] [Fast Refresh] done in 159ms @ http://localhost:3000/_next/static/chunks/node_modules_%40sentry_core_build_esm_1q_qjqh._.js:10515
[94515703ms] [LOG] [Fast Refresh] rebuilding @ http://localhost:3000/_next/static/chunks/node_modules_%40sentry_core_build_esm_1q_qjqh._.js:10515
[94516021ms] [LOG] [Fast Refresh] done in 350ms @ http://localhost:3000/_next/static/chunks/node_modules_%40sentry_core_build_esm_1q_qjqh._.js:10515
[94516131ms] [LOG] [Fast Refresh] rebuilding @ http://localhost:3000/_next/static/chunks/node_modules_%40sentry_core_build_esm_1q_qjqh._.js:10515
[94516185ms] [LOG] [Fast Refresh] done in 154ms @ http://localhost:3000/_next/static/chunks/node_modules_%40sentry_core_build_esm_1q_qjqh._.js:10515
[94516206ms] [ERROR] Failed to load resource: the server responded with a status of 404 (Not Found) @ http://localhost:3000/login?redirect=%2Fen%2Fabout&_rsc=qDh8EWPhWRGr9PEZ:0
[94516278ms] [ERROR] Failed to load resource: the server responded with a status of 404 (Not Found) @ http://localhost:3000/login?redirect=%2Fen%2Fabout&_rsc=qDh8EWPhWRGr9PEZ:0
[94516366ms] [LOG] [Fast Refresh] rebuilding @ http://localhost:3000/_next/static/chunks/node_modules_%40sentry_core_build_esm_1q_qjqh._.js:10515
[94516555ms] [LOG] [Fast Refresh] done in 290ms @ http://localhost:3000/_next/static/chunks/node_modules_%40sentry_core_build_esm_1q_qjqh._.js:10515
[94516575ms] [ERROR] Failed to load resource: the server responded with a status of 404 (Not Found) @ http://localhost:3000/login?redirect=%2Fen%2Fabout:0
[94516645ms] [INFO] %cDownload the React DevTools for a better development experience: https://react.dev/link/react-devtools font-weight:bold @ http://localhost:3000/_next/static/chunks/node_modules_%40sentry_core_build_esm_1q_qjqh._.js:10515
[94516659ms] [LOG] [HMR] connected @ http://localhost:3000/_next/static/chunks/node_modules_%40sentry_core_build_esm_1q_qjqh._.js:10515
[94516843ms] [ERROR] Failed to load resource: the server responded with a status of 404 (Not Found) @ http://localhost:3000/login?redirect=%2Fen%2Fabout:0
[94516880ms] [LOG] [UserStoreProvider] Auth event: INITIAL_SESSION @ http://localhost:3000/_next/static/chunks/node_modules_%40sentry_core_build_esm_1q_qjqh._.js:10515
[94517565ms] [ERROR] Failed to load resource: the server responded with a status of 403 () @ https://os.impakers.club/api/external/telemetry/auth:0
[94517876ms] [ERROR] Failed to load resource: the server responded with a status of 403 () @ https://os.impakers.club/api/external/telemetry/auth:0
[94520129ms] [ERROR] Failed to load resource: the server responded with a status of 403 () @ https://os.impakers.club/api/external/telemetry/auth:0
[94577563ms] [ERROR] Failed to load resource: the server responded with a status of 403 () @ https://os.impakers.club/api/external/telemetry/auth:0
[94637579ms] [ERROR] Failed to load resource: the server responded with a status of 403 () @ https://os.impakers.club/api/external/telemetry/auth:0
[94651229ms] [LOG] [Fast Refresh] rebuilding @ http://localhost:3000/_next/static/chunks/node_modules_%40sentry_core_build_esm_1q_qjqh._.js:10515
[94651286ms] [LOG] [Fast Refresh] done in 158ms @ http://localhost:3000/_next/static/chunks/node_modules_%40sentry_core_build_esm_1q_qjqh._.js:10515
[94659903ms] [LOG] [Fast Refresh] rebuilding @ http://localhost:3000/_next/static/chunks/node_modules_%40sentry_core_build_esm_1q_qjqh._.js:10515
[94660033ms] [LOG] [Fast Refresh] done in 229ms @ http://localhost:3000/_next/static/chunks/node_modules_%40sentry_core_build_esm_1q_qjqh._.js:10515
[94672602ms] [LOG] [Fast Refresh] rebuilding @ http://localhost:3000/_next/static/chunks/node_modules_%40sentry_core_build_esm_1q_qjqh._.js:10515
[94672674ms] [LOG] [Fast Refresh] done in 175ms @ http://localhost:3000/_next/static/chunks/node_modules_%40sentry_core_build_esm_1q_qjqh._.js:10515
[94684438ms] [LOG] [Fast Refresh] rebuilding @ http://localhost:3000/_next/static/chunks/node_modules_%40sentry_core_build_esm_1q_qjqh._.js:10515
[94684552ms] [LOG] [Fast Refresh] done in 211ms @ http://localhost:3000/_next/static/chunks/node_modules_%40sentry_core_build_esm_1q_qjqh._.js:10515
[94698775ms] [ERROR] Failed to load resource: the server responded with a status of 403 () @ https://os.impakers.club/api/external/telemetry/auth:0
[94710145ms] [LOG] [Fast Refresh] rebuilding @ http://localhost:3000/_next/static/chunks/node_modules_%40sentry_core_build_esm_1q_qjqh._.js:10515
[94711066ms] [LOG] [Fast Refresh] done in 1021ms @ http://localhost:3000/_next/static/chunks/node_modules_%40sentry_core_build_esm_1q_qjqh._.js:10515
[94719722ms] [LOG] [Fast Refresh] rebuilding @ http://localhost:3000/_next/static/chunks/node_modules_%40sentry_core_build_esm_1q_qjqh._.js:10515
[94720431ms] [LOG] [Fast Refresh] done in 811ms @ http://localhost:3000/_next/static/chunks/node_modules_%40sentry_core_build_esm_1q_qjqh._.js:10515
[94720679ms] [LOG] [Fast Refresh] rebuilding @ http://localhost:3000/_next/static/chunks/node_modules_%40sentry_core_build_esm_1q_qjqh._.js:10515
[94720714ms] [LOG] [Fast Refresh] done in 137ms @ http://localhost:3000/_next/static/chunks/node_modules_%40sentry_core_build_esm_1q_qjqh._.js:10515
[94725501ms] [LOG] [Fast Refresh] rebuilding @ http://localhost:3000/_next/static/chunks/node_modules_%40sentry_core_build_esm_1q_qjqh._.js:10515
[94726539ms] [LOG] [Fast Refresh] done in 1141ms @ http://localhost:3000/_next/static/chunks/node_modules_%40sentry_core_build_esm_1q_qjqh._.js:10515
[94758086ms] [ERROR] Failed to load resource: the server responded with a status of 403 () @ https://os.impakers.club/api/external/telemetry/auth:0
[94817611ms] [ERROR] Failed to load resource: the server responded with a status of 403 () @ https://os.impakers.club/api/external/telemetry/auth:0
[94877891ms] [ERROR] Failed to load resource: the server responded with a status of 403 () @ https://os.impakers.club/api/external/telemetry/auth:0
[94937954ms] [ERROR] Failed to load resource: the server responded with a status of 403 () @ https://os.impakers.club/api/external/telemetry/auth:0
[94997806ms] [ERROR] Failed to load resource: the server responded with a status of 403 () @ https://os.impakers.club/api/external/telemetry/auth:0
[95057584ms] [ERROR] Failed to load resource: the server responded with a status of 403 () @ https://os.impakers.club/api/external/telemetry/auth:0
[95118067ms] [ERROR] Failed to load resource: the server responded with a status of 403 () @ https://os.impakers.club/api/external/telemetry/auth:0
[95177562ms] [ERROR] Failed to load resource: the server responded with a status of 403 () @ https://os.impakers.club/api/external/telemetry/auth:0
[95219833ms] [LOG] [Fast Refresh] rebuilding @ http://localhost:3000/_next/static/chunks/node_modules_%40sentry_core_build_esm_1q_qjqh._.js:10515
[95219954ms] [LOG] [Fast Refresh] done in 201ms @ http://localhost:3000/_next/static/chunks/node_modules_%40sentry_core_build_esm_1q_qjqh._.js:10515
[95237920ms] [ERROR] Failed to load resource: the server responded with a status of 403 () @ https://os.impakers.club/api/external/telemetry/auth:0
[95245138ms] [LOG] [Fast Refresh] rebuilding @ http://localhost:3000/_next/static/chunks/node_modules_%40sentry_core_build_esm_1q_qjqh._.js:10515
[95245171ms] [LOG] [Fast Refresh] done in 113ms @ http://localhost:3000/_next/static/chunks/node_modules_%40sentry_core_build_esm_1q_qjqh._.js:10515
[95298050ms] [ERROR] Failed to load resource: the server responded with a status of 403 () @ https://os.impakers.club/api/external/telemetry/auth:0
[95357611ms] [ERROR] Failed to load resource: the server responded with a status of 403 () @ https://os.impakers.club/api/external/telemetry/auth:0
[95417652ms] [ERROR] Failed to load resource: the server responded with a status of 403 () @ https://os.impakers.club/api/external/telemetry/auth:0
[95478040ms] [ERROR] Failed to load resource: the server responded with a status of 403 () @ https://os.impakers.club/api/external/telemetry/auth:0
[95537593ms] [ERROR] Failed to load resource: the server responded with a status of 403 () @ https://os.impakers.club/api/external/telemetry/auth:0
[95597520ms] [ERROR] Failed to load resource: the server responded with a status of 403 () @ https://os.impakers.club/api/external/telemetry/auth:0
[95604172ms] [LOG] [Fast Refresh] rebuilding @ http://localhost:3000/_next/static/chunks/node_modules_%40sentry_core_build_esm_1q_qjqh._.js:10515
[95604296ms] [LOG] [Fast Refresh] done in 226ms @ http://localhost:3000/_next/static/chunks/node_modules_%40sentry_core_build_esm_1q_qjqh._.js:10515
[95657804ms] [ERROR] Failed to load resource: the server responded with a status of 403 () @ https://os.impakers.club/api/external/telemetry/auth:0
[95717795ms] [ERROR] Failed to load resource: the server responded with a status of 403 () @ https://os.impakers.club/api/external/telemetry/auth:0
[95777579ms] [ERROR] Failed to load resource: the server responded with a status of 403 () @ https://os.impakers.club/api/external/telemetry/auth:0
[95837531ms] [ERROR] Failed to load resource: the server responded with a status of 403 () @ https://os.impakers.club/api/external/telemetry/auth:0
[95897626ms] [ERROR] Failed to load resource: the server responded with a status of 403 () @ https://os.impakers.club/api/external/telemetry/auth:0
[95957701ms] [ERROR] Failed to load resource: the server responded with a status of 403 () @ https://os.impakers.club/api/external/telemetry/auth:0
[95988415ms] [LOG] [Fast Refresh] rebuilding @ http://localhost:3000/_next/static/chunks/node_modules_%40sentry_core_build_esm_1q_qjqh._.js:10515
[95988564ms] [LOG] [Fast Refresh] done in 251ms @ http://localhost:3000/_next/static/chunks/node_modules_%40sentry_core_build_esm_1q_qjqh._.js:10515
[96017932ms] [ERROR] Failed to load resource: the server responded with a status of 403 () @ https://os.impakers.club/api/external/telemetry/auth:0
[96045696ms] [LOG] [Fast Refresh] rebuilding @ http://localhost:3000/_next/static/chunks/node_modules_%40sentry_core_build_esm_1q_qjqh._.js:10515
[96045915ms] [LOG] [Fast Refresh] done in 320ms @ http://localhost:3000/_next/static/chunks/node_modules_%40sentry_core_build_esm_1q_qjqh._.js:10515
[96077759ms] [ERROR] Failed to load resource: the server responded with a status of 403 () @ https://os.impakers.club/api/external/telemetry/auth:0
[96123797ms] [LOG] [Fast Refresh] rebuilding @ http://localhost:3000/_next/static/chunks/node_modules_%40sentry_core_build_esm_1q_qjqh._.js:10515
[96124884ms] [LOG] [Fast Refresh] done in 1188ms @ http://localhost:3000/_next/static/chunks/node_modules_%40sentry_core_build_esm_1q_qjqh._.js:10515
[96125017ms] [LOG] [Fast Refresh] rebuilding @ http://localhost:3000/_next/static/chunks/node_modules_%40sentry_core_build_esm_1q_qjqh._.js:10515
[96125251ms] [LOG] [Fast Refresh] done in 337ms @ http://localhost:3000/_next/static/chunks/node_modules_%40sentry_core_build_esm_1q_qjqh._.js:10515
[96129164ms] [LOG] [Fast Refresh] rebuilding @ http://localhost:3000/_next/static/chunks/node_modules_%40sentry_core_build_esm_1q_qjqh._.js:10515
[96129167ms] [LOG] [Fast Refresh] done in 105ms @ http://localhost:3000/_next/static/chunks/node_modules_%40sentry_core_build_esm_1q_qjqh._.js:10515
[96137517ms] [ERROR] Failed to load resource: the server responded with a status of 403 () @ https://os.impakers.club/api/external/telemetry/auth:0
[96173898ms] [LOG] [Fast Refresh] rebuilding @ http://localhost:3000/_next/static/chunks/node_modules_%40sentry_core_build_esm_1q_qjqh._.js:10515
[96174389ms] [LOG] [Fast Refresh] done in 548ms @ http://localhost:3000/_next/static/chunks/node_modules_%40sentry_core_build_esm_1q_qjqh._.js:10515
[96197581ms] [ERROR] Failed to load resource: the server responded with a status of 403 () @ https://os.impakers.club/api/external/telemetry/auth:0
[96203125ms] [LOG] [Fast Refresh] rebuilding @ http://localhost:3000/_next/static/chunks/node_modules_%40sentry_core_build_esm_1q_qjqh._.js:10515
[96203230ms] [LOG] [Fast Refresh] done in 208ms @ http://localhost:3000/_next/static/chunks/node_modules_%40sentry_core_build_esm_1q_qjqh._.js:10515
[96258051ms] [ERROR] Failed to load resource: the server responded with a status of 403 () @ https://os.impakers.club/api/external/telemetry/auth:0
[96317820ms] [ERROR] Failed to load resource: the server responded with a status of 403 () @ https://os.impakers.club/api/external/telemetry/auth:0
[96377568ms] [ERROR] Failed to load resource: the server responded with a status of 403 () @ https://os.impakers.club/api/external/telemetry/auth:0
[96437839ms] [ERROR] Failed to load resource: the server responded with a status of 403 () @ https://os.impakers.club/api/external/telemetry/auth:0
[96497548ms] [ERROR] Failed to load resource: the server responded with a status of 403 () @ https://os.impakers.club/api/external/telemetry/auth:0
[96557725ms] [ERROR] Failed to load resource: the server responded with a status of 403 () @ https://os.impakers.club/api/external/telemetry/auth:0
[96617797ms] [ERROR] Failed to load resource: the server responded with a status of 403 () @ https://os.impakers.club/api/external/telemetry/auth:0
[96677586ms] [ERROR] Failed to load resource: the server responded with a status of 403 () @ https://os.impakers.club/api/external/telemetry/auth:0
[96737568ms] [ERROR] Failed to load resource: the server responded with a status of 403 () @ https://os.impakers.club/api/external/telemetry/auth:0
[96797633ms] [ERROR] Failed to load resource: the server responded with a status of 403 () @ https://os.impakers.club/api/external/telemetry/auth:0
[96857818ms] [ERROR] Failed to load resource: the server responded with a status of 403 () @ https://os.impakers.club/api/external/telemetry/auth:0
[96917572ms] [ERROR] Failed to load resource: the server responded with a status of 403 () @ https://os.impakers.club/api/external/telemetry/auth:0
[96977927ms] [ERROR] Failed to load resource: the server responded with a status of 403 () @ https://os.impakers.club/api/external/telemetry/auth:0
[97037719ms] [ERROR] Failed to load resource: the server responded with a status of 403 () @ https://os.impakers.club/api/external/telemetry/auth:0
[97097633ms] [ERROR] Failed to load resource: the server responded with a status of 403 () @ https://os.impakers.club/api/external/telemetry/auth:0
[97157874ms] [ERROR] Failed to load resource: the server responded with a status of 403 () @ https://os.impakers.club/api/external/telemetry/auth:0
[97217591ms] [ERROR] Failed to load resource: the server responded with a status of 403 () @ https://os.impakers.club/api/external/telemetry/auth:0
[97277648ms] [ERROR] Failed to load resource: the server responded with a status of 403 () @ https://os.impakers.club/api/external/telemetry/auth:0
[97338342ms] [ERROR] Failed to load resource: the server responded with a status of 403 () @ https://os.impakers.club/api/external/telemetry/auth:0
[97398111ms] [ERROR] Failed to load resource: the server responded with a status of 403 () @ https://os.impakers.club/api/external/telemetry/auth:0
[97457599ms] [ERROR] Failed to load resource: the server responded with a status of 403 () @ https://os.impakers.club/api/external/telemetry/auth:0
[97517971ms] [ERROR] Failed to load resource: the server responded with a status of 403 () @ https://os.impakers.club/api/external/telemetry/auth:0
[97533075ms] [LOG] [Fast Refresh] rebuilding @ http://localhost:3000/_next/static/chunks/node_modules_%40sentry_core_build_esm_1q_qjqh._.js:10515
[97533186ms] [LOG] [Fast Refresh] done in 212ms @ http://localhost:3000/_next/static/chunks/node_modules_%40sentry_core_build_esm_1q_qjqh._.js:10515
[97578648ms] [ERROR] Failed to load resource: the server responded with a status of 403 () @ https://os.impakers.club/api/external/telemetry/auth:0
[97637997ms] [ERROR] Failed to load resource: the server responded with a status of 403 () @ https://os.impakers.club/api/external/telemetry/auth:0
[97699745ms] [ERROR] Failed to load resource: the server responded with a status of 403 () @ https://os.impakers.club/api/external/telemetry/auth:0
[97757786ms] [ERROR] Failed to load resource: the server responded with a status of 403 () @ https://os.impakers.club/api/external/telemetry/auth:0
[97764016ms] [LOG] [Fast Refresh] rebuilding @ http://localhost:3000/_next/static/chunks/node_modules_%40sentry_core_build_esm_1q_qjqh._.js:10515
[97764152ms] [LOG] [Fast Refresh] done in 237ms @ http://localhost:3000/_next/static/chunks/node_modules_%40sentry_core_build_esm_1q_qjqh._.js:10515
[97770754ms] [LOG] [Fast Refresh] rebuilding @ http://localhost:3000/_next/static/chunks/node_modules_%40sentry_core_build_esm_1q_qjqh._.js:10515
[97770804ms] [LOG] [Fast Refresh] done in 151ms @ http://localhost:3000/_next/static/chunks/node_modules_%40sentry_core_build_esm_1q_qjqh._.js:10515
[97776639ms] [LOG] [Fast Refresh] rebuilding @ http://localhost:3000/_next/static/chunks/node_modules_%40sentry_core_build_esm_1q_qjqh._.js:10515
[97776738ms] [LOG] [Fast Refresh] done in 200ms @ http://localhost:3000/_next/static/chunks/node_modules_%40sentry_core_build_esm_1q_qjqh._.js:10515
[97782553ms] [LOG] [Fast Refresh] rebuilding @ http://localhost:3000/_next/static/chunks/node_modules_%40sentry_core_build_esm_1q_qjqh._.js:10515
[97782671ms] [LOG] [Fast Refresh] done in 223ms @ http://localhost:3000/_next/static/chunks/node_modules_%40sentry_core_build_esm_1q_qjqh._.js:10515
[97788499ms] [LOG] [Fast Refresh] rebuilding @ http://localhost:3000/_next/static/chunks/node_modules_%40sentry_core_build_esm_1q_qjqh._.js:10515
[97788580ms] [LOG] [Fast Refresh] done in 182ms @ http://localhost:3000/_next/static/chunks/node_modules_%40sentry_core_build_esm_1q_qjqh._.js:10515
[97811538ms] [LOG] [Fast Refresh] rebuilding @ http://localhost:3000/_next/static/chunks/node_modules_%40sentry_core_build_esm_1q_qjqh._.js:10515
[97811652ms] [LOG] [Fast Refresh] done in 217ms @ http://localhost:3000/_next/static/chunks/node_modules_%40sentry_core_build_esm_1q_qjqh._.js:10515
[97816986ms] [LOG] [Fast Refresh] rebuilding @ http://localhost:3000/_next/static/chunks/node_modules_%40sentry_core_build_esm_1q_qjqh._.js:10515
[97817015ms] [LOG] [Fast Refresh] done in 131ms @ http://localhost:3000/_next/static/chunks/node_modules_%40sentry_core_build_esm_1q_qjqh._.js:10515
[97818033ms] [ERROR] Failed to load resource: the server responded with a status of 403 () @ https://os.impakers.club/api/external/telemetry/auth:0
[97832062ms] [LOG] [Fast Refresh] rebuilding @ http://localhost:3000/_next/static/chunks/node_modules_%40sentry_core_build_esm_1q_qjqh._.js:10515
[97832359ms] [LOG] [Fast Refresh] done in 339ms @ http://localhost:3000/_next/static/chunks/node_modules_%40sentry_core_build_esm_1q_qjqh._.js:10515
[97832473ms] [LOG] [Fast Refresh] rebuilding @ http://localhost:3000/_next/static/chunks/node_modules_%40sentry_core_build_esm_1q_qjqh._.js:10515
[97832620ms] [LOG] [Fast Refresh] done in 248ms @ http://localhost:3000/_next/static/chunks/node_modules_%40sentry_core_build_esm_1q_qjqh._.js:10515
[97832664ms] [ERROR] Failed to load resource: the server responded with a status of 404 (Not Found) @ http://localhost:3000/login?redirect=%2Fen%2Fabout&_rsc=qDh8EWPhWRGr9PEZ:0
[97832706ms] [ERROR] Failed to load resource: the server responded with a status of 404 (Not Found) @ http://localhost:3000/login?redirect=%2Fen%2Fabout&_rsc=qDh8EWPhWRGr9PEZ:0
[97832788ms] [LOG] [Fast Refresh] rebuilding @ http://localhost:3000/_next/static/chunks/node_modules_%40sentry_core_build_esm_1q_qjqh._.js:10515
[97832909ms] [LOG] [Fast Refresh] done in 223ms @ http://localhost:3000/_next/static/chunks/node_modules_%40sentry_core_build_esm_1q_qjqh._.js:10515
[97832922ms] [ERROR] Failed to load resource: the server responded with a status of 404 (Not Found) @ http://localhost:3000/login?redirect=%2Fen%2Fabout:0
[97832977ms] [INFO] %cDownload the React DevTools for a better development experience: https://react.dev/link/react-devtools font-weight:bold @ http://localhost:3000/_next/static/chunks/node_modules_%40sentry_core_build_esm_1q_qjqh._.js:10515
[97832996ms] [LOG] [HMR] connected @ http://localhost:3000/_next/static/chunks/node_modules_%40sentry_core_build_esm_1q_qjqh._.js:10515
[97833179ms] [ERROR] Failed to load resource: the server responded with a status of 404 (Not Found) @ http://localhost:3000/login?redirect=%2Fen%2Fabout:0
[97833214ms] [LOG] [UserStoreProvider] Auth event: INITIAL_SESSION @ http://localhost:3000/_next/static/chunks/node_modules_%40sentry_core_build_esm_1q_qjqh._.js:10515
[97836511ms] [ERROR] Failed to load resource: the server responded with a status of 403 () @ https://os.impakers.club/api/external/telemetry/auth:0
[97836512ms] [ERROR] Failed to load resource: the server responded with a status of 403 () @ https://os.impakers.club/api/external/telemetry/auth:0
[97836897ms] [ERROR] Failed to load resource: the server responded with a status of 403 () @ https://os.impakers.club/api/external/telemetry/auth:0
[97837246ms] [LOG] [Fast Refresh] rebuilding @ http://localhost:3000/_next/static/chunks/node_modules_%40sentry_core_build_esm_1q_qjqh._.js:10515
[97837278ms] [LOG] [Fast Refresh] done in 133ms @ http://localhost:3000/_next/static/chunks/node_modules_%40sentry_core_build_esm_1q_qjqh._.js:10515
[97844743ms] [LOG] [Fast Refresh] rebuilding @ http://localhost:3000/_next/static/chunks/node_modules_%40sentry_core_build_esm_1q_qjqh._.js:10515
[97844817ms] [LOG] [Fast Refresh] done in 175ms @ http://localhost:3000/_next/static/chunks/node_modules_%40sentry_core_build_esm_1q_qjqh._.js:10515
[97894875ms] [ERROR] Failed to load resource: the server responded with a status of 403 () @ https://os.impakers.club/api/external/telemetry/auth:0
[97954184ms] [ERROR] Failed to load resource: the server responded with a status of 403 () @ https://os.impakers.club/api/external/telemetry/auth:0
[98013954ms] [ERROR] Failed to load resource: the server responded with a status of 403 () @ https://os.impakers.club/api/external/telemetry/auth:0
[98052674ms] [LOG] [Fast Refresh] rebuilding @ http://localhost:3000/_next/static/chunks/node_modules_%40sentry_core_build_esm_1q_qjqh._.js:10515
[98052751ms] [LOG] [Fast Refresh] done in 179ms @ http://localhost:3000/_next/static/chunks/node_modules_%40sentry_core_build_esm_1q_qjqh._.js:10515
[98052905ms] [LOG] [Fast Refresh] rebuilding @ http://localhost:3000/_next/static/chunks/node_modules_%40sentry_core_build_esm_1q_qjqh._.js:10515
[98052943ms] [LOG] [Fast Refresh] done in 139ms @ http://localhost:3000/_next/static/chunks/node_modules_%40sentry_core_build_esm_1q_qjqh._.js:10515
[98053394ms] [LOG] [Fast Refresh] rebuilding @ http://localhost:3000/_next/static/chunks/node_modules_%40sentry_core_build_esm_1q_qjqh._.js:10515
[98053409ms] [LOG] [Fast Refresh] done in 116ms @ http://localhost:3000/_next/static/chunks/node_modules_%40sentry_core_build_esm_1q_qjqh._.js:10515
[98074063ms] [ERROR] Failed to load resource: the server responded with a status of 403 () @ https://os.impakers.club/api/external/telemetry/auth:0
[98111745ms] [LOG] [Fast Refresh] rebuilding @ http://localhost:3000/_next/static/chunks/node_modules_%40sentry_core_build_esm_1q_qjqh._.js:10515
[98112250ms] [LOG] [Fast Refresh] done in 611ms @ http://localhost:3000/_next/static/chunks/node_modules_%40sentry_core_build_esm_1q_qjqh._.js:10515
[98112317ms] [ERROR] Failed to load resource: the server responded with a status of 404 (Not Found) @ http://localhost:3000/login?redirect=%2Fen%2Fabout&_rsc=qDh8EWPhWRGr9PEZ:0
[98112377ms] [ERROR] Failed to load resource: the server responded with a status of 404 (Not Found) @ http://localhost:3000/login?redirect=%2Fen%2Fabout&_rsc=qDh8EWPhWRGr9PEZ:0
[98112405ms] [LOG] [Fast Refresh] rebuilding @ http://localhost:3000/_next/static/chunks/node_modules_%40sentry_core_build_esm_1q_qjqh._.js:10515
[98112428ms] [LOG] [Fast Refresh] done in 124ms @ http://localhost:3000/_next/static/chunks/node_modules_%40sentry_core_build_esm_1q_qjqh._.js:10515
[98112434ms] [ERROR] Failed to load resource: the server responded with a status of 404 (Not Found) @ http://localhost:3000/login?redirect=%2Fen%2Fabout:0
[98112533ms] [INFO] %cDownload the React DevTools for a better development experience: https://react.dev/link/react-devtools font-weight:bold @ http://localhost:3000/_next/static/chunks/node_modules_%40sentry_core_build_esm_1q_qjqh._.js:10515
[98112550ms] [LOG] [HMR] connected @ http://localhost:3000/_next/static/chunks/node_modules_%40sentry_core_build_esm_1q_qjqh._.js:10515
[98112741ms] [ERROR] Failed to load resource: the server responded with a status of 404 (Not Found) @ http://localhost:3000/login?redirect=%2Fen%2Fabout:0
[98112745ms] [LOG] [Fast Refresh] rebuilding @ http://localhost:3000/_next/static/chunks/node_modules_%40sentry_core_build_esm_1q_qjqh._.js:10515
[98112760ms] [LOG] [Fast Refresh] done in 195ms @ http://localhost:3000/_next/static/chunks/node_modules_%40sentry_core_build_esm_1q_qjqh._.js:10515
[98112784ms] [LOG] [UserStoreProvider] Auth event: INITIAL_SESSION @ http://localhost:3000/_next/static/chunks/node_modules_%40sentry_core_build_esm_1q_qjqh._.js:10515
[98113910ms] [ERROR] Failed to load resource: the server responded with a status of 403 () @ https://os.impakers.club/api/external/telemetry/auth:0
[98113950ms] [ERROR] Failed to load resource: the server responded with a status of 403 () @ https://os.impakers.club/api/external/telemetry/auth:0
[98116420ms] [ERROR] Failed to load resource: the server responded with a status of 403 () @ https://os.impakers.club/api/external/telemetry/auth:0
[98173957ms] [ERROR] Failed to load resource: the server responded with a status of 403 () @ https://os.impakers.club/api/external/telemetry/auth:0
[98234732ms] [ERROR] Failed to load resource: the server responded with a status of 403 () @ https://os.impakers.club/api/external/telemetry/auth:0
[98293486ms] [ERROR] Failed to load resource: the server responded with a status of 403 () @ https://os.impakers.club/api/external/telemetry/auth:0
[98353477ms] [ERROR] Failed to load resource: the server responded with a status of 403 () @ https://os.impakers.club/api/external/telemetry/auth:0
[98413819ms] [ERROR] Failed to load resource: the server responded with a status of 403 () @ https://os.impakers.club/api/external/telemetry/auth:0
[98473519ms] [ERROR] Failed to load resource: the server responded with a status of 403 () @ https://os.impakers.club/api/external/telemetry/auth:0
[98533819ms] [ERROR] Failed to load resource: the server responded with a status of 403 () @ https://os.impakers.club/api/external/telemetry/auth:0
[98593483ms] [ERROR] Failed to load resource: the server responded with a status of 403 () @ https://os.impakers.club/api/external/telemetry/auth:0
[98653568ms] [ERROR] Failed to load resource: the server responded with a status of 403 () @ https://os.impakers.club/api/external/telemetry/auth:0
[98713553ms] [ERROR] Failed to load resource: the server responded with a status of 403 () @ https://os.impakers.club/api/external/telemetry/auth:0
[98773748ms] [ERROR] Failed to load resource: the server responded with a status of 403 () @ https://os.impakers.club/api/external/telemetry/auth:0
[98833722ms] [ERROR] Failed to load resource: the server responded with a status of 403 () @ https://os.impakers.club/api/external/telemetry/auth:0
[98893615ms] [ERROR] Failed to load resource: the server responded with a status of 403 () @ https://os.impakers.club/api/external/telemetry/auth:0
[98953568ms] [ERROR] Failed to load resource: the server responded with a status of 403 () @ https://os.impakers.club/api/external/telemetry/auth:0
[99013582ms] [ERROR] Failed to load resource: the server responded with a status of 403 () @ https://os.impakers.club/api/external/telemetry/auth:0
[99073921ms] [ERROR] Failed to load resource: the server responded with a status of 403 () @ https://os.impakers.club/api/external/telemetry/auth:0
[99136500ms] [ERROR] Failed to load resource: the server responded with a status of 403 () @ https://os.impakers.club/api/external/telemetry/auth:0
[99193795ms] [ERROR] Failed to load resource: the server responded with a status of 403 () @ https://os.impakers.club/api/external/telemetry/auth:0
[99253712ms] [ERROR] Failed to load resource: the server responded with a status of 403 () @ https://os.impakers.club/api/external/telemetry/auth:0
[99313543ms] [ERROR] Failed to load resource: the server responded with a status of 403 () @ https://os.impakers.club/api/external/telemetry/auth:0
[99373751ms] [ERROR] Failed to load resource: the server responded with a status of 403 () @ https://os.impakers.club/api/external/telemetry/auth:0
[99433614ms] [ERROR] Failed to load resource: the server responded with a status of 403 () @ https://os.impakers.club/api/external/telemetry/auth:0
[99493550ms] [ERROR] Failed to load resource: the server responded with a status of 403 () @ https://os.impakers.club/api/external/telemetry/auth:0
[99553559ms] [ERROR] Failed to load resource: the server responded with a status of 403 () @ https://os.impakers.club/api/external/telemetry/auth:0
[99613843ms] [ERROR] Failed to load resource: the server responded with a status of 403 () @ https://os.impakers.club/api/external/telemetry/auth:0
[99673735ms] [ERROR] Failed to load resource: the server responded with a status of 403 () @ https://os.impakers.club/api/external/telemetry/auth:0
[99733561ms] [ERROR] Failed to load resource: the server responded with a status of 403 () @ https://os.impakers.club/api/external/telemetry/auth:0
[99793704ms] [ERROR] Failed to load resource: the server responded with a status of 403 () @ https://os.impakers.club/api/external/telemetry/auth:0
[99853543ms] [ERROR] Failed to load resource: the server responded with a status of 403 () @ https://os.impakers.club/api/external/telemetry/auth:0
[99913540ms] [ERROR] Failed to load resource: the server responded with a status of 403 () @ https://os.impakers.club/api/external/telemetry/auth:0
[99973811ms] [ERROR] Failed to load resource: the server responded with a status of 403 () @ https://os.impakers.club/api/external/telemetry/auth:0
[100033577ms] [ERROR] Failed to load resource: the server responded with a status of 403 () @ https://os.impakers.club/api/external/telemetry/auth:0
[100094102ms] [ERROR] Failed to load resource: the server responded with a status of 403 () @ https://os.impakers.club/api/external/telemetry/auth:0
[100153543ms] [ERROR] Failed to load resource: the server responded with a status of 403 () @ https://os.impakers.club/api/external/telemetry/auth:0
[100213751ms] [ERROR] Failed to load resource: the server responded with a status of 403 () @ https://os.impakers.club/api/external/telemetry/auth:0
[100273904ms] [ERROR] Failed to load resource: the server responded with a status of 403 () @ https://os.impakers.club/api/external/telemetry/auth:0
[100333631ms] [ERROR] Failed to load resource: the server responded with a status of 403 () @ https://os.impakers.club/api/external/telemetry/auth:0
[100393860ms] [ERROR] Failed to load resource: the server responded with a status of 403 () @ https://os.impakers.club/api/external/telemetry/auth:0
[100453828ms] [ERROR] Failed to load resource: the server responded with a status of 403 () @ https://os.impakers.club/api/external/telemetry/auth:0
[100513598ms] [ERROR] Failed to load resource: the server responded with a status of 403 () @ https://os.impakers.club/api/external/telemetry/auth:0
[100573644ms] [ERROR] Failed to load resource: the server responded with a status of 403 () @ https://os.impakers.club/api/external/telemetry/auth:0
[100592750ms] [LOG] [Fast Refresh] rebuilding @ http://localhost:3000/_next/static/chunks/node_modules_%40sentry_core_build_esm_1q_qjqh._.js:10515
[100592809ms] [LOG] [Fast Refresh] done in 161ms @ http://localhost:3000/_next/static/chunks/node_modules_%40sentry_core_build_esm_1q_qjqh._.js:10515
[100633718ms] [ERROR] Failed to load resource: the server responded with a status of 403 () @ https://os.impakers.club/api/external/telemetry/auth:0
[100693642ms] [ERROR] Failed to load resource: the server responded with a status of 403 () @ https://os.impakers.club/api/external/telemetry/auth:0
[100730242ms] [LOG] [Fast Refresh] rebuilding @ http://localhost:3000/_next/static/chunks/node_modules_%40sentry_core_build_esm_1q_qjqh._.js:10515
[100730278ms] [LOG] [Fast Refresh] done in 137ms @ http://localhost:3000/_next/static/chunks/node_modules_%40sentry_core_build_esm_1q_qjqh._.js:10515
[100737745ms] [LOG] [Fast Refresh] rebuilding @ http://localhost:3000/_next/static/chunks/node_modules_%40sentry_core_build_esm_1q_qjqh._.js:10515
[100737761ms] [LOG] [Fast Refresh] done in 118ms @ http://localhost:3000/_next/static/chunks/node_modules_%40sentry_core_build_esm_1q_qjqh._.js:10515
[100747002ms] [LOG] [Fast Refresh] rebuilding @ http://localhost:3000/_next/static/chunks/node_modules_%40sentry_core_build_esm_1q_qjqh._.js:10515
[100747018ms] [LOG] [Fast Refresh] done in 117ms @ http://localhost:3000/_next/static/chunks/node_modules_%40sentry_core_build_esm_1q_qjqh._.js:10515
[100754398ms] [ERROR] Failed to load resource: the server responded with a status of 403 () @ https://os.impakers.club/api/external/telemetry/auth:0
[100759118ms] [LOG] [Fast Refresh] rebuilding @ http://localhost:3000/_next/static/chunks/node_modules_%40sentry_core_build_esm_1q_qjqh._.js:10515
[100759138ms] [LOG] [Fast Refresh] done in 121ms @ http://localhost:3000/_next/static/chunks/node_modules_%40sentry_core_build_esm_1q_qjqh._.js:10515
[100766470ms] [LOG] [Fast Refresh] rebuilding @ http://localhost:3000/_next/static/chunks/node_modules_%40sentry_core_build_esm_1q_qjqh._.js:10515
[100766490ms] [LOG] [Fast Refresh] done in 122ms @ http://localhost:3000/_next/static/chunks/node_modules_%40sentry_core_build_esm_1q_qjqh._.js:10515
[100774418ms] [LOG] [Fast Refresh] rebuilding @ http://localhost:3000/_next/static/chunks/node_modules_%40sentry_core_build_esm_1q_qjqh._.js:10515
[100774431ms] [LOG] [Fast Refresh] done in 115ms @ http://localhost:3000/_next/static/chunks/node_modules_%40sentry_core_build_esm_1q_qjqh._.js:10515
[100786928ms] [LOG] [Fast Refresh] rebuilding @ http://localhost:3000/_next/static/chunks/node_modules_%40sentry_core_build_esm_1q_qjqh._.js:10515
[100786944ms] [LOG] [Fast Refresh] done in 117ms @ http://localhost:3000/_next/static/chunks/node_modules_%40sentry_core_build_esm_1q_qjqh._.js:10515
[100792056ms] [LOG] [Fast Refresh] rebuilding @ http://localhost:3000/_next/static/chunks/node_modules_%40sentry_core_build_esm_1q_qjqh._.js:10515
[100792068ms] [LOG] [Fast Refresh] done in 113ms @ http://localhost:3000/_next/static/chunks/node_modules_%40sentry_core_build_esm_1q_qjqh._.js:10515
[100797197ms] [LOG] [Fast Refresh] rebuilding @ http://localhost:3000/_next/static/chunks/node_modules_%40sentry_core_build_esm_1q_qjqh._.js:10515
[100797215ms] [LOG] [Fast Refresh] done in 118ms @ http://localhost:3000/_next/static/chunks/node_modules_%40sentry_core_build_esm_1q_qjqh._.js:10515
[100801883ms] [LOG] [Fast Refresh] rebuilding @ http://localhost:3000/_next/static/chunks/node_modules_%40sentry_core_build_esm_1q_qjqh._.js:10515
[100801899ms] [LOG] [Fast Refresh] done in 118ms @ http://localhost:3000/_next/static/chunks/node_modules_%40sentry_core_build_esm_1q_qjqh._.js:10515
[100806652ms] [LOG] [Fast Refresh] rebuilding @ http://localhost:3000/_next/static/chunks/node_modules_%40sentry_core_build_esm_1q_qjqh._.js:10515
[100806670ms] [LOG] [Fast Refresh] done in 118ms @ http://localhost:3000/_next/static/chunks/node_modules_%40sentry_core_build_esm_1q_qjqh._.js:10515
[100811713ms] [LOG] [Fast Refresh] rebuilding @ http://localhost:3000/_next/static/chunks/node_modules_%40sentry_core_build_esm_1q_qjqh._.js:10515
[100811730ms] [LOG] [Fast Refresh] done in 119ms @ http://localhost:3000/_next/static/chunks/node_modules_%40sentry_core_build_esm_1q_qjqh._.js:10515
[100813646ms] [ERROR] Failed to load resource: the server responded with a status of 403 () @ https://os.impakers.club/api/external/telemetry/auth:0
[100817157ms] [LOG] [Fast Refresh] rebuilding @ http://localhost:3000/_next/static/chunks/node_modules_%40sentry_core_build_esm_1q_qjqh._.js:10515
[100817192ms] [LOG] [Fast Refresh] done in 137ms @ http://localhost:3000/_next/static/chunks/node_modules_%40sentry_core_build_esm_1q_qjqh._.js:10515
[100873930ms] [ERROR] Failed to load resource: the server responded with a status of 403 () @ https://os.impakers.club/api/external/telemetry/auth:0
[100933589ms] [ERROR] Failed to load resource: the server responded with a status of 403 () @ https://os.impakers.club/api/external/telemetry/auth:0
[100993599ms] [ERROR] Failed to load resource: the server responded with a status of 403 () @ https://os.impakers.club/api/external/telemetry/auth:0
[101005804ms] [LOG] [Fast Refresh] rebuilding @ http://localhost:3000/_next/static/chunks/node_modules_%40sentry_core_build_esm_1q_qjqh._.js:10515
[101005863ms] [LOG] [Fast Refresh] done in 161ms @ http://localhost:3000/_next/static/chunks/node_modules_%40sentry_core_build_esm_1q_qjqh._.js:10515
[101017196ms] [LOG] [Fast Refresh] rebuilding @ http://localhost:3000/_next/static/chunks/node_modules_%40sentry_core_build_esm_1q_qjqh._.js:10515
[101017240ms] [LOG] [Fast Refresh] done in 146ms @ http://localhost:3000/_next/static/chunks/node_modules_%40sentry_core_build_esm_1q_qjqh._.js:10515
[101032203ms] [LOG] [Fast Refresh] rebuilding @ http://localhost:3000/_next/static/chunks/node_modules_%40sentry_core_build_esm_1q_qjqh._.js:10515
[101032228ms] [LOG] [Fast Refresh] done in 126ms @ http://localhost:3000/_next/static/chunks/node_modules_%40sentry_core_build_esm_1q_qjqh._.js:10515
[101041481ms] [LOG] [Fast Refresh] rebuilding @ http://localhost:3000/_next/static/chunks/node_modules_%40sentry_core_build_esm_1q_qjqh._.js:10515
[101041705ms] [LOG] [Fast Refresh] done in 289ms @ http://localhost:3000/_next/static/chunks/node_modules_%40sentry_core_build_esm_1q_qjqh._.js:10515
[101048029ms] [LOG] [Fast Refresh] rebuilding @ http://localhost:3000/_next/static/chunks/node_modules_%40sentry_core_build_esm_1q_qjqh._.js:10515
[101048236ms] [LOG] [Fast Refresh] done in 274ms @ http://localhost:3000/_next/static/chunks/node_modules_%40sentry_core_build_esm_1q_qjqh._.js:10515
[101053471ms] [ERROR] Failed to load resource: the server responded with a status of 403 () @ https://os.impakers.club/api/external/telemetry/auth:0
[101059555ms] [LOG] [Fast Refresh] rebuilding @ http://localhost:3000/_next/static/chunks/node_modules_%40sentry_core_build_esm_1q_qjqh._.js:10515
[101060757ms] [LOG] [Fast Refresh] done in 1301ms @ http://localhost:3000/_next/static/chunks/node_modules_%40sentry_core_build_esm_1q_qjqh._.js:10515
[101060981ms] [LOG] [Fast Refresh] rebuilding @ http://localhost:3000/_next/static/chunks/node_modules_%40sentry_core_build_esm_1q_qjqh._.js:10515
[101061066ms] [LOG] [Fast Refresh] done in 185ms @ http://localhost:3000/_next/static/chunks/node_modules_%40sentry_core_build_esm_1q_qjqh._.js:10515
[101061460ms] [ERROR] Failed to load resource: the server responded with a status of 404 (Not Found) @ http://localhost:3000/login?redirect=%2Fen%2Fabout&_rsc=qDh8EWPhWRGr9PEZ:0
[101061579ms] [ERROR] Failed to load resource: the server responded with a status of 404 (Not Found) @ http://localhost:3000/login?redirect=%2Fen%2Fabout&_rsc=qDh8EWPhWRGr9PEZ:0
[101061628ms] [ERROR] Failed to load resource: the server responded with a status of 404 (Not Found) @ http://localhost:3000/login?redirect=%2Fen%2Fabout:0
[101061708ms] [INFO] %cDownload the React DevTools for a better development experience: https://react.dev/link/react-devtools font-weight:bold @ http://localhost:3000/_next/static/chunks/node_modules_%40sentry_core_build_esm_1q_qjqh._.js:10515
[101061724ms] [LOG] [HMR] connected @ http://localhost:3000/_next/static/chunks/node_modules_%40sentry_core_build_esm_1q_qjqh._.js:10515
[101062063ms] [ERROR] Failed to load resource: the server responded with a status of 404 (Not Found) @ http://localhost:3000/login?redirect=%2Fen%2Fabout:0
[101062133ms] [LOG] [UserStoreProvider] Auth event: INITIAL_SESSION @ http://localhost:3000/_next/static/chunks/node_modules_%40sentry_core_build_esm_1q_qjqh._.js:10515
[101062730ms] [ERROR] Failed to load resource: the server responded with a status of 403 () @ https://os.impakers.club/api/external/telemetry/auth:0
[101062765ms] [ERROR] Failed to load resource: the server responded with a status of 403 () @ https://os.impakers.club/api/external/telemetry/auth:0
[101063186ms] [LOG] [Fast Refresh] rebuilding @ http://localhost:3000/_next/static/chunks/node_modules_%40sentry_core_build_esm_1q_qjqh._.js:10515
[101063213ms] [LOG] [Fast Refresh] done in 128ms @ http://localhost:3000/_next/static/chunks/node_modules_%40sentry_core_build_esm_1q_qjqh._.js:10515
[101065310ms] [ERROR] Failed to load resource: the server responded with a status of 403 () @ https://os.impakers.club/api/external/telemetry/auth:0
[101066878ms] [LOG] [Fast Refresh] rebuilding @ http://localhost:3000/_next/static/chunks/node_modules_%40sentry_core_build_esm_1q_qjqh._.js:10515
[101068301ms] [ERROR] ./components/nav-user.tsx:271:1
Unexpected token. Did you mean `{'}'}` or `&rbrace;`?
  269 |     </SidebarMenu>
  270 |   )
> 271 | }
      | ^
  272 |

Parsing ecmascript source code failed

Generated code of loaders [next/dist/build/babel/loader] transform of file content of components/nav-user.tsx:
./components/nav-user.tsx:271:1
  269 |     </SidebarMenu>
  270 |   )
> 271 | }
      | ^
  272 |

Import traces:
  Client Component Browser:
    ./components/nav-user.tsx [Client Component Browser]
    ./components/app-sidebar.tsx [Client Component Browser]
    ./components/layout/center-layout.tsx [Client Component Browser]
    ./app/center/layout.tsx [Client Component Browser]
    ./app/center/layout.tsx [Server Component]

  Client Component SSR:
    ./components/nav-user.tsx [Client Component SSR]
    ./components/app-sidebar.tsx [Client Component SSR]
    ./components/layout/center-layout.tsx [Client Component SSR]
    ./app/center/layout.tsx [Client Component SSR]
    ./app/center/layout.tsx [Server Component] @ http://localhost:3000/_next/static/chunks/node_modules_%40sentry_core_build_esm_1q_qjqh._.js:10515
[101073734ms] [LOG] [Fast Refresh] rebuilding @ http://localhost:3000/_next/static/chunks/node_modules_%40sentry_core_build_esm_1q_qjqh._.js:10515
[101075042ms] [LOG] [Fast Refresh] done in 1407ms @ http://localhost:3000/_next/static/chunks/node_modules_%40sentry_core_build_esm_1q_qjqh._.js:10515
[101075225ms] [LOG] [Fast Refresh] rebuilding @ http://localhost:3000/_next/static/chunks/node_modules_%40sentry_core_build_esm_1q_qjqh._.js:10515
[101075328ms] [LOG] [Fast Refresh] done in 204ms @ http://localhost:3000/_next/static/chunks/node_modules_%40sentry_core_build_esm_1q_qjqh._.js:10515
[101075440ms] [LOG] [Fast Refresh] rebuilding @ http://localhost:3000/_next/static/chunks/node_modules_%40sentry_core_build_esm_1q_qjqh._.js:10515
[101075656ms] [LOG] [Fast Refresh] done in 318ms @ http://localhost:3000/_next/static/chunks/node_modules_%40sentry_core_build_esm_1q_qjqh._.js:10515
[101075709ms] [ERROR] Failed to load resource: the server responded with a status of 404 (Not Found) @ http://localhost:3000/login?redirect=%2Fen%2Fabout&_rsc=qDh8EWPhWRGr9PEZ:0
[101075822ms] [ERROR] Failed to load resource: the server responded with a status of 404 (Not Found) @ http://localhost:3000/login?redirect=%2Fen%2Fabout&_rsc=qDh8EWPhWRGr9PEZ:0
[101075857ms] [ERROR] Failed to load resource: the server responded with a status of 404 (Not Found) @ http://localhost:3000/login?redirect=%2Fen%2Fabout:0
[101075926ms] [INFO] %cDownload the React DevTools for a better development experience: https://react.dev/link/react-devtools font-weight:bold @ http://localhost:3000/_next/static/chunks/node_modules_%40sentry_core_build_esm_1q_qjqh._.js:10515
[101075948ms] [LOG] [HMR] connected @ http://localhost:3000/_next/static/chunks/node_modules_%40sentry_core_build_esm_1q_qjqh._.js:10515
[101076147ms] [ERROR] Failed to load resource: the server responded with a status of 404 (Not Found) @ http://localhost:3000/login?redirect=%2Fen%2Fabout:0
[101076190ms] [LOG] [UserStoreProvider] Auth event: INITIAL_SESSION @ http://localhost:3000/_next/static/chunks/node_modules_%40sentry_core_build_esm_1q_qjqh._.js:10515
[101076690ms] [ERROR] Failed to load resource: the server responded with a status of 403 () @ https://os.impakers.club/api/external/telemetry/auth:0
[101076743ms] [ERROR] Failed to load resource: the server responded with a status of 403 () @ https://os.impakers.club/api/external/telemetry/auth:0
[101079364ms] [ERROR] Failed to load resource: the server responded with a status of 403 () @ https://os.impakers.club/api/external/telemetry/auth:0
[101082276ms] [LOG] [Fast Refresh] rebuilding @ http://localhost:3000/_next/static/chunks/node_modules_%40sentry_core_build_esm_1q_qjqh._.js:10515
[101082354ms] [ERROR] Failed to load resource: the server responded with a status of 404 (Not Found) @ http://localhost:3000/login?redirect=%2Fen%2Fabout&_rsc=qDh8EWPhWRGr9PEZ:0
[101082381ms] [LOG] [Fast Refresh] done in 101ms @ http://localhost:3000/_next/static/chunks/node_modules_%40sentry_core_build_esm_1q_qjqh._.js:10515
[101082418ms] [ERROR] Failed to load resource: the server responded with a status of 404 (Not Found) @ http://localhost:3000/login?redirect=%2Fen%2Fabout&_rsc=qDh8EWPhWRGr9PEZ:0
[101082456ms] [ERROR] Failed to load resource: the server responded with a status of 404 (Not Found) @ http://localhost:3000/login?redirect=%2Fen%2Fabout:0
[101082534ms] [INFO] %cDownload the React DevTools for a better development experience: https://react.dev/link/react-devtools font-weight:bold @ http://localhost:3000/_next/static/chunks/node_modules_%40sentry_core_build_esm_1q_qjqh._.js:10515
[101082546ms] [LOG] [HMR] connected @ http://localhost:3000/_next/static/chunks/node_modules_%40sentry_core_build_esm_1q_qjqh._.js:10515
[101082715ms] [ERROR] Failed to load resource: the server responded with a status of 404 (Not Found) @ http://localhost:3000/login?redirect=%2Fen%2Fabout:0
[101082754ms] [LOG] [UserStoreProvider] Auth event: INITIAL_SESSION @ http://localhost:3000/_next/static/chunks/node_modules_%40sentry_core_build_esm_1q_qjqh._.js:10515
[101082892ms] [LOG] [Fast Refresh] rebuilding @ http://localhost:3000/_next/static/chunks/node_modules_%40sentry_core_build_esm_1q_qjqh._.js:10515
[101083050ms] [LOG] [Fast Refresh] done in 259ms @ http://localhost:3000/_next/static/chunks/node_modules_%40sentry_core_build_esm_1q_qjqh._.js:10515
[101083655ms] [ERROR] Failed to load resource: the server responded with a status of 403 () @ https://os.impakers.club/api/external/telemetry/auth:0
[101083690ms] [ERROR] Failed to load resource: the server responded with a status of 403 () @ https://os.impakers.club/api/external/telemetry/auth:0
[101086282ms] [ERROR] Failed to load resource: the server responded with a status of 403 () @ https://os.impakers.club/api/external/telemetry/auth:0
[101092379ms] [LOG] [Fast Refresh] rebuilding @ http://localhost:3000/_next/static/chunks/node_modules_%40sentry_core_build_esm_1q_qjqh._.js:10515
[101092461ms] [ERROR] Failed to load resource: the server responded with a status of 404 (Not Found) @ http://localhost:3000/login?redirect=%2Fen%2Fabout&_rsc=qDh8EWPhWRGr9PEZ:0
[101092502ms] [ERROR] Failed to load resource: the server responded with a status of 404 (Not Found) @ http://localhost:3000/login?redirect=%2Fen%2Fabout&_rsc=qDh8EWPhWRGr9PEZ:0
[101092529ms] [LOG] [Fast Refresh] done in 113ms @ http://localhost:3000/_next/static/chunks/node_modules_%40sentry_core_build_esm_1q_qjqh._.js:10515
[101092537ms] [ERROR] Failed to load resource: the server responded with a status of 404 (Not Found) @ http://localhost:3000/login?redirect=%2Fen%2Fabout:0
[101092623ms] [INFO] %cDownload the React DevTools for a better development experience: https://react.dev/link/react-devtools font-weight:bold @ http://localhost:3000/_next/static/chunks/node_modules_%40sentry_core_build_esm_1q_qjqh._.js:10515
[101092643ms] [LOG] [HMR] connected @ http://localhost:3000/_next/static/chunks/node_modules_%40sentry_core_build_esm_1q_qjqh._.js:10515
[101092839ms] [LOG] [UserStoreProvider] Auth event: INITIAL_SESSION @ http://localhost:3000/_next/static/chunks/node_modules_%40sentry_core_build_esm_1q_qjqh._.js:10515
[101092863ms] [ERROR] Failed to load resource: the server responded with a status of 404 (Not Found) @ http://localhost:3000/login?redirect=%2Fen%2Fabout:0
[101092956ms] [LOG] [Fast Refresh] rebuilding @ http://localhost:3000/_next/static/chunks/node_modules_%40sentry_core_build_esm_1q_qjqh._.js:10515
[101093159ms] [LOG] [Fast Refresh] done in 303ms @ http://localhost:3000/_next/static/chunks/node_modules_%40sentry_core_build_esm_1q_qjqh._.js:10515
[101093912ms] [ERROR] Failed to load resource: the server responded with a status of 403 () @ https://os.impakers.club/api/external/telemetry/auth:0
[101094034ms] [ERROR] Failed to load resource: the server responded with a status of 403 () @ https://os.impakers.club/api/external/telemetry/auth:0
[101096203ms] [ERROR] Failed to load resource: the server responded with a status of 403 () @ https://os.impakers.club/api/external/telemetry/auth:0
[101098251ms] [LOG] [Fast Refresh] rebuilding @ http://localhost:3000/_next/static/chunks/node_modules_%40sentry_core_build_esm_1q_qjqh._.js:10515
[101099380ms] [ERROR] Failed to load resource: the server responded with a status of 404 (Not Found) @ http://localhost:3000/login?redirect=%2Fen%2Fabout&_rsc=qDh8EWPhWRGr9PEZ:0
[101099424ms] [ERROR] Failed to load resource: the server responded with a status of 404 (Not Found) @ http://localhost:3000/login?redirect=%2Fen%2Fabout&_rsc=qDh8EWPhWRGr9PEZ:0
[101099508ms] [ERROR] Failed to load resource: the server responded with a status of 404 (Not Found) @ http://localhost:3000/login?redirect=%2Fen%2Fabout:0
[101100441ms] [INFO] %cDownload the React DevTools for a better development experience: https://react.dev/link/react-devtools font-weight:bold @ http://localhost:3000/_next/static/chunks/node_modules_%40sentry_core_build_esm_1q_qjqh._.js:10515
[101100521ms] [LOG] [HMR] connected @ http://localhost:3000/_next/static/chunks/node_modules_%40sentry_core_build_esm_1q_qjqh._.js:10515
[101101103ms] [ERROR] Failed to load resource: the server responded with a status of 404 (Not Found) @ http://localhost:3000/login?redirect=%2Fen%2Fabout:0
[101101163ms] [LOG] [UserStoreProvider] Auth event: INITIAL_SESSION @ http://localhost:3000/_next/static/chunks/node_modules_%40sentry_core_build_esm_1q_qjqh._.js:10515
[101101380ms] [ERROR] Failed to load resource: the server responded with a status of 403 () @ https://os.impakers.club/api/external/telemetry/auth:0
[101101395ms] [ERROR] Failed to load resource: the server responded with a status of 403 () @ https://os.impakers.club/api/external/telemetry/auth:0
[101102406ms] [LOG] [Fast Refresh] rebuilding @ http://localhost:3000/_next/static/chunks/node_modules_%40sentry_core_build_esm_1q_qjqh._.js:10515
[101102422ms] [LOG] [Fast Refresh] done in 121ms @ http://localhost:3000/_next/static/chunks/node_modules_%40sentry_core_build_esm_1q_qjqh._.js:10515
[101104334ms] [ERROR] Failed to load resource: the server responded with a status of 403 () @ https://os.impakers.club/api/external/telemetry/auth:0
[101162000ms] [ERROR] Failed to load resource: the server responded with a status of 403 () @ https://os.impakers.club/api/external/telemetry/auth:0
[101173359ms] [LOG] [Fast Refresh] rebuilding @ http://localhost:3000/_next/static/chunks/node_modules_%40sentry_core_build_esm_1q_qjqh._.js:10515
[101173421ms] [LOG] [Fast Refresh] done in 164ms @ http://localhost:3000/_next/static/chunks/node_modules_%40sentry_core_build_esm_1q_qjqh._.js:10515
[101179593ms] [LOG] [Fast Refresh] rebuilding @ http://localhost:3000/_next/static/chunks/node_modules_%40sentry_core_build_esm_1q_qjqh._.js:10515
[101179637ms] [LOG] [Fast Refresh] done in 147ms @ http://localhost:3000/_next/static/chunks/node_modules_%40sentry_core_build_esm_1q_qjqh._.js:10515
[101185245ms] [LOG] [Fast Refresh] rebuilding @ http://localhost:3000/_next/static/chunks/node_modules_%40sentry_core_build_esm_1q_qjqh._.js:10515
[101185261ms] [LOG] [Fast Refresh] done in 117ms @ http://localhost:3000/_next/static/chunks/node_modules_%40sentry_core_build_esm_1q_qjqh._.js:10515
[101222127ms] [ERROR] Failed to load resource: the server responded with a status of 403 () @ https://os.impakers.club/api/external/telemetry/auth:0
[101282048ms] [ERROR] Failed to load resource: the server responded with a status of 403 () @ https://os.impakers.club/api/external/telemetry/auth:0
[101289532ms] [LOG] [Fast Refresh] rebuilding @ http://localhost:3000/_next/static/chunks/node_modules_%40sentry_core_build_esm_1q_qjqh._.js:10515
[101289597ms] [LOG] [Fast Refresh] done in 167ms @ http://localhost:3000/_next/static/chunks/node_modules_%40sentry_core_build_esm_1q_qjqh._.js:10515
[101341698ms] [ERROR] Failed to load resource: the server responded with a status of 403 () @ https://os.impakers.club/api/external/telemetry/auth:0
[101363933ms] [LOG] [Fast Refresh] rebuilding @ http://localhost:3000/_next/static/chunks/node_modules_%40sentry_core_build_esm_1q_qjqh._.js:10515
[101363980ms] [LOG] [Fast Refresh] done in 148ms @ http://localhost:3000/_next/static/chunks/node_modules_%40sentry_core_build_esm_1q_qjqh._.js:10515
[101401802ms] [ERROR] Failed to load resource: the server responded with a status of 403 () @ https://os.impakers.club/api/external/telemetry/auth:0
[101461870ms] [ERROR] Failed to load resource: the server responded with a status of 403 () @ https://os.impakers.club/api/external/telemetry/auth:0
[101522003ms] [ERROR] Failed to load resource: the server responded with a status of 403 () @ https://os.impakers.club/api/external/telemetry/auth:0
[101581759ms] [ERROR] Failed to load resource: the server responded with a status of 403 () @ https://os.impakers.club/api/external/telemetry/auth:0
[101641693ms] [ERROR] Failed to load resource: the server responded with a status of 403 () @ https://os.impakers.club/api/external/telemetry/auth:0
[101701685ms] [ERROR] Failed to load resource: the server responded with a status of 403 () @ https://os.impakers.club/api/external/telemetry/auth:0
[101758770ms] [LOG] [Fast Refresh] rebuilding @ http://localhost:3000/_next/static/chunks/node_modules_%40sentry_core_build_esm_1q_qjqh._.js:10515
[101758976ms] [LOG] [Fast Refresh] done in 265ms @ http://localhost:3000/_next/static/chunks/node_modules_%40sentry_core_build_esm_1q_qjqh._.js:10515
[101763288ms] [ERROR] Failed to load resource: the server responded with a status of 403 () @ https://os.impakers.club/api/external/telemetry/auth:0
[101767405ms] [LOG] [Fast Refresh] rebuilding @ http://localhost:3000/_next/static/chunks/node_modules_%40sentry_core_build_esm_1q_qjqh._.js:10515
[101767468ms] [LOG] [Fast Refresh] done in 165ms @ http://localhost:3000/_next/static/chunks/node_modules_%40sentry_core_build_esm_1q_qjqh._.js:10515
[101790232ms] [LOG] [Fast Refresh] rebuilding @ http://localhost:3000/_next/static/chunks/node_modules_%40sentry_core_build_esm_1q_qjqh._.js:10515
[101790558ms] [LOG] [Fast Refresh] done in 356ms @ http://localhost:3000/_next/static/chunks/node_modules_%40sentry_core_build_esm_1q_qjqh._.js:10515
[101790683ms] [LOG] [Fast Refresh] rebuilding @ http://localhost:3000/_next/static/chunks/node_modules_%40sentry_core_build_esm_1q_qjqh._.js:10515
[101790758ms] [LOG] [Fast Refresh] done in 177ms @ http://localhost:3000/_next/static/chunks/node_modules_%40sentry_core_build_esm_1q_qjqh._.js:10515
[101790779ms] [ERROR] Failed to load resource: the server responded with a status of 404 (Not Found) @ http://localhost:3000/login?redirect=%2Fen%2Fabout&_rsc=qDh8EWPhWRGr9PEZ:0
[101790820ms] [ERROR] Failed to load resource: the server responded with a status of 404 (Not Found) @ http://localhost:3000/login?redirect=%2Fen%2Fabout&_rsc=qDh8EWPhWRGr9PEZ:0
[101790952ms] [LOG] [Fast Refresh] rebuilding @ http://localhost:3000/_next/static/chunks/node_modules_%40sentry_core_build_esm_1q_qjqh._.js:10515
[101791044ms] [LOG] [Fast Refresh] done in 192ms @ http://localhost:3000/_next/static/chunks/node_modules_%40sentry_core_build_esm_1q_qjqh._.js:10515
[101791072ms] [ERROR] Failed to load resource: the server responded with a status of 404 (Not Found) @ http://localhost:3000/login?redirect=%2Fen%2Fabout:0
[101791181ms] [INFO] %cDownload the React DevTools for a better development experience: https://react.dev/link/react-devtools font-weight:bold @ http://localhost:3000/_next/static/chunks/node_modules_%40sentry_core_build_esm_1q_qjqh._.js:10515
[101791194ms] [LOG] [HMR] connected @ http://localhost:3000/_next/static/chunks/node_modules_%40sentry_core_build_esm_1q_qjqh._.js:10515
[101791324ms] [LOG] [UserStoreProvider] Auth event: INITIAL_SESSION @ http://localhost:3000/_next/static/chunks/node_modules_%40sentry_core_build_esm_1q_qjqh._.js:10515
[101791351ms] [ERROR] Failed to load resource: the server responded with a status of 404 (Not Found) @ http://localhost:3000/login?redirect=%2Fen%2Fabout:0
[101792003ms] [ERROR] Failed to load resource: the server responded with a status of 403 () @ https://os.impakers.club/api/external/telemetry/auth:0
[101792003ms] [ERROR] Failed to load resource: the server responded with a status of 403 () @ https://os.impakers.club/api/external/telemetry/auth:0
[101794702ms] [ERROR] Failed to load resource: the server responded with a status of 403 () @ https://os.impakers.club/api/external/telemetry/auth:0
[101853383ms] [ERROR] Failed to load resource: the server responded with a status of 403 () @ https://os.impakers.club/api/external/telemetry/auth:0
[101911973ms] [ERROR] Failed to load resource: the server responded with a status of 403 () @ https://os.impakers.club/api/external/telemetry/auth:0
[101972004ms] [ERROR] Failed to load resource: the server responded with a status of 403 () @ https://os.impakers.club/api/external/telemetry/auth:0
[102032231ms] [ERROR] Failed to load resource: the server responded with a status of 403 () @ https://os.impakers.club/api/external/telemetry/auth:0
[102093346ms] [ERROR] Failed to load resource: the server responded with a status of 403 () @ https://os.impakers.club/api/external/telemetry/auth:0
[102152185ms] [ERROR] Failed to load resource: the server responded with a status of 403 () @ https://os.impakers.club/api/external/telemetry/auth:0
[102212188ms] [ERROR] Failed to load resource: the server responded with a status of 403 () @ https://os.impakers.club/api/external/telemetry/auth:0
[102271944ms] [ERROR] Failed to load resource: the server responded with a status of 403 () @ https://os.impakers.club/api/external/telemetry/auth:0
[102332019ms] [ERROR] Failed to load resource: the server responded with a status of 403 () @ https://os.impakers.club/api/external/telemetry/auth:0
[102392334ms] [ERROR] Failed to load resource: the server responded with a status of 403 () @ https://os.impakers.club/api/external/telemetry/auth:0
[102412660ms] [LOG] [Fast Refresh] rebuilding @ http://localhost:3000/_next/static/chunks/node_modules_%40sentry_core_build_esm_1q_qjqh._.js:10515
[102413072ms] [WARNING] [Fast Refresh] performing full reload

Fast Refresh will perform a full reload when you edit a file that's imported by modules outside of the React rendering tree.
You might have a file which exports a React component but also exports a value that is imported by a non-React component file.
Consider migrating the non-React component export to a separate file and importing it into both files.

It is also possible the parent component of the component you edited is a class component, which disables Fast Refresh.
Fast Refresh requires at least one parent function component in your React tree. @ http://localhost:3000/_next/static/chunks/node_modules_%40sentry_core_build_esm_1q_qjqh._.js:10515
[102413531ms] [LOG] [Fast Refresh] done in 771ms @ http://localhost:3000/_next/static/chunks/node_modules_%40sentry_core_build_esm_1q_qjqh._.js:10515
[102413571ms] [ERROR] Failed to load resource: the server responded with a status of 404 (Not Found) @ http://localhost:3000/login?redirect=%2Fen%2Fabout&_rsc=qDh8EWPhWRGr9PEZ:0
[102414249ms] [ERROR] Failed to load resource: the server responded with a status of 404 (Not Found) @ http://localhost:3000/login?redirect=%2Fen%2Fabout&_rsc=qDh8EWPhWRGr9PEZ:0
[102414307ms] [ERROR] Failed to load resource: the server responded with a status of 404 (Not Found) @ http://localhost:3000/login?redirect=%2Fen%2Fabout:0
[102414434ms] [INFO] %cDownload the React DevTools for a better development experience: https://react.dev/link/react-devtools font-weight:bold @ http://localhost:3000/_next/static/chunks/node_modules_%40sentry_core_build_esm_1q_qjqh._.js:10515
[102414448ms] [LOG] [HMR] connected @ http://localhost:3000/_next/static/chunks/node_modules_%40sentry_core_build_esm_1q_qjqh._.js:10515
[102414680ms] [ERROR] Failed to load resource: the server responded with a status of 404 (Not Found) @ http://localhost:3000/login?redirect=%2Fen%2Fabout:0
[102414733ms] [LOG] [UserStoreProvider] Auth event: INITIAL_SESSION @ http://localhost:3000/_next/static/chunks/node_modules_%40sentry_core_build_esm_1q_qjqh._.js:10515
[102415287ms] [ERROR] Failed to load resource: the server responded with a status of 403 () @ https://os.impakers.club/api/external/telemetry/auth:0
[102415314ms] [ERROR] Failed to load resource: the server responded with a status of 403 () @ https://os.impakers.club/api/external/telemetry/auth:0
[102417841ms] [ERROR] Failed to load resource: the server responded with a status of 403 () @ https://os.impakers.club/api/external/telemetry/auth:0
[102430880ms] [LOG] [Fast Refresh] rebuilding @ http://localhost:3000/_next/static/chunks/node_modules_%40sentry_core_build_esm_1q_qjqh._.js:10515
[102431406ms] [ERROR] ./app/center/tuition/page.tsx:20:1
Module not found: Can't resolve '@/components/tuition/auto-payment-run-dialog'
  18 | import { AutoPaymentSettingsDialog } from "@/components/tuition/auto-payment-settings-dialog";
  19 | import { ReminderSettingsDialog } from "@/components/tuition/reminder-settings-dialog";
> 20 | import { AutoPaymentRunDialog } from "@/components/tuition/auto-payment-run-dialog";
     | ^^^^^^^^^^^^^^^^^^^^^^^^^^^^^^^^^^^^^^^^^^^^^^^^^^^^^^^^^^^^^^^^^^^^^^^^^^^^^^^^^^^
  21 | import { Button } from "@/components/ui/button";
  22 | import { Badge } from "@/components/ui/badge";
  23 | import {

Import map: aliased to relative './components/tuition/auto-payment-run-dialog' inside of [project]/

Import traces:
  Client Component Browser:
    ./app/center/tuition/page.tsx [Client Component Browser]
    ./app/center/tuition/page.tsx [Server Component]

  Client Component SSR:
    ./app/center/tuition/page.tsx [Client Component SSR]
    ./app/center/tuition/page.tsx [Server Component]

https://nextjs.org/docs/messages/module-not-found @ http://localhost:3000/_next/static/chunks/node_modules_%40sentry_core_build_esm_1q_qjqh._.js:10515
[102431406ms] [ERROR] ./app/center/tuition/page.tsx:18:1
Module not found: Can't resolve '@/components/tuition/auto-payment-settings-dialog'
  16 | import { PosConnectionDialog } from "@/components/tuition/pos-connection-dialog";
  17 | import { DiscountPoliciesDialog } from "@/components/tuition/discount-policies-dialog";
> 18 | import { AutoPaymentSettingsDialog } from "@/components/tuition/auto-payment-settings-dialog";
     | ^^^^^^^^^^^^^^^^^^^^^^^^^^^^^^^^^^^^^^^^^^^^^^^^^^^^^^^^^^^^^^^^^^^^^^^^^^^^^^^^^^^^^^^^^^^^^
  19 | import { ReminderSettingsDialog } from "@/components/tuition/reminder-settings-dialog";
  20 | import { AutoPaymentRunDialog } from "@/components/tuition/auto-payment-run-dialog";
  21 | import { Button } from "@/components/ui/button";

Import map: aliased to relative './components/tuition/auto-payment-settings-dialog' inside of [project]/

Import traces:
  Client Component Browser:
    ./app/center/tuition/page.tsx [Client Component Browser]
    ./app/center/tuition/page.tsx [Server Component]

  Client Component SSR:
    ./app/center/tuition/page.tsx [Client Component SSR]
    ./app/center/tuition/page.tsx [Server Component]

https://nextjs.org/docs/messages/module-not-found @ http://localhost:3000/_next/static/chunks/node_modules_%40sentry_core_build_esm_1q_qjqh._.js:10515
[102431439ms] [ERROR] Failed to load resource: the server responded with a status of 500 (Internal Server Error) @ http://localhost:3000/login?redirect=%2Fen%2Fabout&_rsc=qDh8EWPhWRGr9PEZ:0
[102431452ms] [ERROR] ./app/center/tuition/page.tsx:20:1
Module not found: Can't resolve '@/components/tuition/auto-payment-run-dialog'
  18 | import { AutoPaymentSettingsDialog } from "@/components/tuition/auto-payment-settings-dialog";
  19 | import { ReminderSettingsDialog } from "@/components/tuition/reminder-settings-dialog";
> 20 | import { AutoPaymentRunDialog } from "@/components/tuition/auto-payment-run-dialog";
     | ^^^^^^^^^^^^^^^^^^^^^^^^^^^^^^^^^^^^^^^^^^^^^^^^^^^^^^^^^^^^^^^^^^^^^^^^^^^^^^^^^^^
  21 | import { Button } from "@/components/ui/button";
  22 | import { Badge } from "@/components/ui/badge";
  23 | import {

Import map: aliased to relative './components/tuition/auto-payment-run-dialog' inside of [project]/

Import traces:
  Client Component Browser:
    ./app/center/tuition/page.tsx [Client Component Browser]
    ./app/center/tuition/page.tsx [Server Component]

  Client Component SSR:
    ./app/center/tuition/page.tsx [Client Component SSR]
    ./app/center/tuition/page.tsx [Server Component]

https://nextjs.org/docs/messages/module-not-found @ http://localhost:3000/_next/static/chunks/node_modules_%40sentry_core_build_esm_1q_qjqh._.js:10515
[102431452ms] [ERROR] ./app/center/tuition/page.tsx:18:1
Module not found: Can't resolve '@/components/tuition/auto-payment-settings-dialog'
  16 | import { PosConnectionDialog } from "@/components/tuition/pos-connection-dialog";
  17 | import { DiscountPoliciesDialog } from "@/components/tuition/discount-policies-dialog";
> 18 | import { AutoPaymentSettingsDialog } from "@/components/tuition/auto-payment-settings-dialog";
     | ^^^^^^^^^^^^^^^^^^^^^^^^^^^^^^^^^^^^^^^^^^^^^^^^^^^^^^^^^^^^^^^^^^^^^^^^^^^^^^^^^^^^^^^^^^^^^
  19 | import { ReminderSettingsDialog } from "@/components/tuition/reminder-settings-dialog";
  20 | import { AutoPaymentRunDialog } from "@/components/tuition/auto-payment-run-dialog";
  21 | import { Button } from "@/components/ui/button";

Import map: aliased to relative './components/tuition/auto-payment-settings-dialog' inside of [project]/

Import traces:
  Client Component Browser:
    ./app/center/tuition/page.tsx [Client Component Browser]
    ./app/center/tuition/page.tsx [Server Component]

  Client Component SSR:
    ./app/center/tuition/page.tsx [Client Component SSR]
    ./app/center/tuition/page.tsx [Server Component]

https://nextjs.org/docs/messages/module-not-found @ http://localhost:3000/_next/static/chunks/node_modules_%40sentry_core_build_esm_1q_qjqh._.js:10515
[102431521ms] [ERROR] Failed to load resource: the server responded with a status of 500 (Internal Server Error) @ http://localhost:3000/login?redirect=%2Fen%2Fabout&_rsc=qDh8EWPhWRGr9PEZ:0
[102431525ms] [ERROR] Failed to load resource: the server responded with a status of 500 (Internal Server Error) @ http://localhost:3000/login?redirect=%2Fen%2Fabout:0
[102431655ms] [INFO] %cDownload the React DevTools for a better development experience: https://react.dev/link/react-devtools font-weight:bold @ http://localhost:3000/_next/static/chunks/node_modules_react-dom_0kla17-._.js:15306
[102431704ms] Error: ./app/center/tuition/page.tsx:20:1
Module not found: Can't resolve '@/components/tuition/auto-payment-run-dialog'
  18 | import { AutoPaymentSettingsDialog } from "@/components/tuition/auto-payment-settings-dialog";
  19 | import { ReminderSettingsDialog } from "@/components/tuition/reminder-settings-dialog";
> 20 | import { AutoPaymentRunDialog } from "@/components/tuition/auto-payment-run-dialog";
     | ^^^^^^^^^^^^^^^^^^^^^^^^^^^^^^^^^^^^^^^^^^^^^^^^^^^^^^^^^^^^^^^^^^^^^^^^^^^^^^^^^^^
  21 | import { Button } from "@/components/ui/button";
  22 | import { Badge } from "@/components/ui/badge";
  23 | import {

Import map: aliased to relative './components/tuition/auto-payment-run-dialog' inside of [project]/


Import traces:
  Client Component Browser:
    ./app/center/tuition/page.tsx [Client Component Browser]
    ./app/center/tuition/page.tsx [Server Component]

  Client Component SSR:
    ./app/center/tuition/page.tsx [Client Component SSR]
    ./app/center/tuition/page.tsx [Server Component]

https://nextjs.org/docs/messages/module-not-found


    at <unknown> (Error: ./app/center/tuition/page.tsx:20:1)
    at <unknown> (https://nextjs.org/docs/messages/module-not-found)
    at Object.getCompilationErrors (file:///Users/sangsoolee/GitHub/place-real/place/node_modules/next/dist/server/dev/hot-reloader-turbopack.js:1186:59)
    at DevBundlerService.getCompilationError (file:///Users/sangsoolee/GitHub/place-real/place/node_modules/next/dist/server/lib/dev-bundler-service.js:44:55)
    at DevServer.getCompilationError (file:///Users/sangsoolee/GitHub/place-real/place/node_modules/next/dist/server/dev/next-dev-server.js:720:42)
    at DevServer.findPageComponents (file:///Users/sangsoolee/GitHub/place-real/place/node_modules/next/dist/server/dev/next-dev-server.js:690:43)
    at async DevServer.renderErrorToResponseImpl (file:///Users/sangsoolee/GitHub/place-real/place/node_modules/next/dist/server/base-server.js:1694:30)
[102431705ms] [LOG] [HMR] connected @ http://localhost:3000/_next/static/chunks/node_modules_%40sentry_core_build_esm_0pcxffo._.js:10515
[102431707ms] [ERROR] ./app/center/tuition/page.tsx:20:1
Module not found: Can't resolve '@/components/tuition/auto-payment-run-dialog'
  18 | import { AutoPaymentSettingsDialog } from "@/components/tuition/auto-payment-settings-dialog";
  19 | import { ReminderSettingsDialog } from "@/components/tuition/reminder-settings-dialog";
> 20 | import { AutoPaymentRunDialog } from "@/components/tuition/auto-payment-run-dialog";
     | ^^^^^^^^^^^^^^^^^^^^^^^^^^^^^^^^^^^^^^^^^^^^^^^^^^^^^^^^^^^^^^^^^^^^^^^^^^^^^^^^^^^
  21 | import { Button } from "@/components/ui/button";
  22 | import { Badge } from "@/components/ui/badge";
  23 | import {

Import map: aliased to relative './components/tuition/auto-payment-run-dialog' inside of [project]/

Import traces:
  Client Component Browser:
    ./app/center/tuition/page.tsx [Client Component Browser]
    ./app/center/tuition/page.tsx [Server Component]

  Client Component SSR:
    ./app/center/tuition/page.tsx [Client Component SSR]
    ./app/center/tuition/page.tsx [Server Component]

https://nextjs.org/docs/messages/module-not-found @ http://localhost:3000/_next/static/chunks/node_modules_next_dist_1gdrd03._.js:1951
[102431707ms] [ERROR] ./app/center/tuition/page.tsx:18:1
Module not found: Can't resolve '@/components/tuition/auto-payment-settings-dialog'
  16 | import { PosConnectionDialog } from "@/components/tuition/pos-connection-dialog";
  17 | import { DiscountPoliciesDialog } from "@/components/tuition/discount-policies-dialog";
> 18 | import { AutoPaymentSettingsDialog } from "@/components/tuition/auto-payment-settings-dialog";
     | ^^^^^^^^^^^^^^^^^^^^^^^^^^^^^^^^^^^^^^^^^^^^^^^^^^^^^^^^^^^^^^^^^^^^^^^^^^^^^^^^^^^^^^^^^^^^^
  19 | import { ReminderSettingsDialog } from "@/components/tuition/reminder-settings-dialog";
  20 | import { AutoPaymentRunDialog } from "@/components/tuition/auto-payment-run-dialog";
  21 | import { Button } from "@/components/ui/button";

Import map: aliased to relative './components/tuition/auto-payment-settings-dialog' inside of [project]/

Import traces:
  Client Component Browser:
    ./app/center/tuition/page.tsx [Client Component Browser]
    ./app/center/tuition/page.tsx [Server Component]

  Client Component SSR:
    ./app/center/tuition/page.tsx [Client Component SSR]
    ./app/center/tuition/page.tsx [Server Component]

https://nextjs.org/docs/messages/module-not-found @ http://localhost:3000/_next/static/chunks/node_modules_next_dist_1gdrd03._.js:1951
[102431742ms] [ERROR] ./app/center/tuition/page.tsx:20:1
Module not found: Can't resolve '@/components/tuition/auto-payment-run-dialog'
  18 | import { AutoPaymentSettingsDialog } from "@/components/tuition/auto-payment-settings-dialog";
  19 | import { ReminderSettingsDialog } from "@/components/tuition/reminder-settings-dialog";
> 20 | import { AutoPaymentRunDialog } from "@/components/tuition/auto-payment-run-dialog";
     | ^^^^^^^^^^^^^^^^^^^^^^^^^^^^^^^^^^^^^^^^^^^^^^^^^^^^^^^^^^^^^^^^^^^^^^^^^^^^^^^^^^^
  21 | import { Button } from "@/components/ui/button";
  22 | import { Badge } from "@/components/ui/badge";
  23 | import {

Import map: aliased to relative './components/tuition/auto-payment-run-dialog' inside of [project]/

Import traces:
  Client Component Browser:
    ./app/center/tuition/page.tsx [Client Component Browser]
    ./app/center/tuition/page.tsx [Server Component]

  Client Component SSR:
    ./app/center/tuition/page.tsx [Client Component SSR]
    ./app/center/tuition/page.tsx [Server Component]

https://nextjs.org/docs/messages/module-not-found @ http://localhost:3000/_next/static/chunks/node_modules_next_dist_1gdrd03._.js:1951
[102431742ms] [ERROR] ./app/center/tuition/page.tsx:18:1
Module not found: Can't resolve '@/components/tuition/auto-payment-settings-dialog'
  16 | import { PosConnectionDialog } from "@/components/tuition/pos-connection-dialog";
  17 | import { DiscountPoliciesDialog } from "@/components/tuition/discount-policies-dialog";
> 18 | import { AutoPaymentSettingsDialog } from "@/components/tuition/auto-payment-settings-dialog";
     | ^^^^^^^^^^^^^^^^^^^^^^^^^^^^^^^^^^^^^^^^^^^^^^^^^^^^^^^^^^^^^^^^^^^^^^^^^^^^^^^^^^^^^^^^^^^^^
  19 | import { ReminderSettingsDialog } from "@/components/tuition/reminder-settings-dialog";
  20 | import { AutoPaymentRunDialog } from "@/components/tuition/auto-payment-run-dialog";
  21 | import { Button } from "@/components/ui/button";

Import map: aliased to relative './components/tuition/auto-payment-settings-dialog' inside of [project]/

Import traces:
  Client Component Browser:
    ./app/center/tuition/page.tsx [Client Component Browser]
    ./app/center/tuition/page.tsx [Server Component]

  Client Component SSR:
    ./app/center/tuition/page.tsx [Client Component SSR]
    ./app/center/tuition/page.tsx [Server Component]

https://nextjs.org/docs/messages/module-not-found @ http://localhost:3000/_next/static/chunks/node_modules_next_dist_1gdrd03._.js:1951
[102436982ms] [ERROR] Failed to load resource: the server responded with a status of 429 () @ https://o4510435610853376.ingest.us.sentry.io/api/4510435768664064/envelope/?sentry_version=7&sentry_key=10791d539fe865c27b1da8be6680477b&sentry_client=sentry.javascript.nextjs%2F10.48.0:0
[102546288ms] [LOG] [Fast Refresh] rebuilding @ http://localhost:3000/_next/static/chunks/node_modules_%40sentry_core_build_esm_0pcxffo._.js:10515
[102546409ms] [LOG] [Fast Refresh] done in 208ms @ http://localhost:3000/_next/static/chunks/node_modules_%40sentry_core_build_esm_0pcxffo._.js:10515
[102546646ms] [LOG] [Fast Refresh] rebuilding @ http://localhost:3000/_next/static/chunks/node_modules_%40sentry_core_build_esm_0pcxffo._.js:10515
[102546752ms] [LOG] [Fast Refresh] done in 208ms @ http://localhost:3000/_next/static/chunks/node_modules_%40sentry_core_build_esm_0pcxffo._.js:10515
[102547212ms] [ERROR] Failed to load resource: the server responded with a status of 404 (Not Found) @ http://localhost:3000/login?redirect=%2Fen%2Fabout:0
[102547306ms] [INFO] %cDownload the React DevTools for a better development experience: https://react.dev/link/react-devtools font-weight:bold @ http://localhost:3000/_next/static/chunks/node_modules_%40sentry_core_build_esm_1q_qjqh._.js:10515
[102547318ms] [LOG] [HMR] connected @ http://localhost:3000/_next/static/chunks/node_modules_%40sentry_core_build_esm_1q_qjqh._.js:10515
[102547573ms] [ERROR] Failed to load resource: the server responded with a status of 404 (Not Found) @ http://localhost:3000/login?redirect=%2Fen%2Fabout:0
[102547611ms] [LOG] [UserStoreProvider] Auth event: INITIAL_SESSION @ http://localhost:3000/_next/static/chunks/node_modules_%40sentry_core_build_esm_1q_qjqh._.js:10515
[102548260ms] [ERROR] Failed to load resource: the server responded with a status of 403 () @ https://os.impakers.club/api/external/telemetry/auth:0
[102548269ms] [ERROR] Failed to load resource: the server responded with a status of 403 () @ https://os.impakers.club/api/external/telemetry/auth:0
[102548536ms] [LOG] [Fast Refresh] rebuilding @ http://localhost:3000/_next/static/chunks/node_modules_%40sentry_core_build_esm_1q_qjqh._.js:10515
[102548715ms] [LOG] [Fast Refresh] done in 273ms @ http://localhost:3000/_next/static/chunks/node_modules_%40sentry_core_build_esm_1q_qjqh._.js:10515
[102548822ms] [LOG] [Fast Refresh] rebuilding @ http://localhost:3000/_next/static/chunks/node_modules_%40sentry_core_build_esm_1q_qjqh._.js:10515
[102548831ms] [ERROR] Failed to load resource: the server responded with a status of 404 (Not Found) @ http://localhost:3000/login?redirect=%2Fen%2Fabout&_rsc=qDh8EWPhWRGr9PEZ:0
[102548835ms] [LOG] [Fast Refresh] done in 113ms @ http://localhost:3000/_next/static/chunks/node_modules_%40sentry_core_build_esm_1q_qjqh._.js:10515
[102548990ms] [LOG] [Fast Refresh] rebuilding @ http://localhost:3000/_next/static/chunks/node_modules_%40sentry_core_build_esm_1q_qjqh._.js:10515
[102549075ms] [LOG] [Fast Refresh] done in 186ms @ http://localhost:3000/_next/static/chunks/node_modules_%40sentry_core_build_esm_1q_qjqh._.js:10515
[102549100ms] [ERROR] Failed to load resource: the server responded with a status of 404 (Not Found) @ http://localhost:3000/login?redirect=%2Fen%2Fabout&_rsc=qDh8EWPhWRGr9PEZ:0
[102549192ms] [LOG] [Fast Refresh] rebuilding @ http://localhost:3000/_next/static/chunks/node_modules_%40sentry_core_build_esm_1q_qjqh._.js:10515
[102549261ms] [LOG] [Fast Refresh] done in 169ms @ http://localhost:3000/_next/static/chunks/node_modules_%40sentry_core_build_esm_1q_qjqh._.js:10515
[102549280ms] [ERROR] Failed to load resource: the server responded with a status of 404 (Not Found) @ http://localhost:3000/login?redirect=%2Fen%2Fabout:0
[102549328ms] [INFO] %cDownload the React DevTools for a better development experience: https://react.dev/link/react-devtools font-weight:bold @ http://localhost:3000/_next/static/chunks/node_modules_%40sentry_core_build_esm_1q_qjqh._.js:10515
[102549341ms] [LOG] [HMR] connected @ http://localhost:3000/_next/static/chunks/node_modules_%40sentry_core_build_esm_1q_qjqh._.js:10515
[102549487ms] [ERROR] Failed to load resource: the server responded with a status of 404 (Not Found) @ http://localhost:3000/login?redirect=%2Fen%2Fabout:0
[102549521ms] [LOG] [UserStoreProvider] Auth event: INITIAL_SESSION @ http://localhost:3000/_next/static/chunks/node_modules_%40sentry_core_build_esm_1q_qjqh._.js:10515
[102550534ms] [ERROR] Failed to load resource: the server responded with a status of 403 () @ https://os.impakers.club/api/external/telemetry/auth:0
[102550609ms] [ERROR] Failed to load resource: the server responded with a status of 403 () @ https://os.impakers.club/api/external/telemetry/auth:0
[102551723ms] [LOG] [Fast Refresh] rebuilding @ http://localhost:3000/_next/static/chunks/node_modules_%40sentry_core_build_esm_1q_qjqh._.js:10515
[102551854ms] [LOG] [Fast Refresh] done in 234ms @ http://localhost:3000/_next/static/chunks/node_modules_%40sentry_core_build_esm_1q_qjqh._.js:10515
[102552710ms] [ERROR] Failed to load resource: the server responded with a status of 403 () @ https://os.impakers.club/api/external/telemetry/auth:0
[102553698ms] [LOG] [Fast Refresh] rebuilding @ http://localhost:3000/_next/static/chunks/node_modules_%40sentry_core_build_esm_1q_qjqh._.js:10515
[102553708ms] [LOG] [Fast Refresh] done in 112ms @ http://localhost:3000/_next/static/chunks/node_modules_%40sentry_core_build_esm_1q_qjqh._.js:10515
[102563094ms] [LOG] [Fast Refresh] rebuilding @ http://localhost:3000/_next/static/chunks/node_modules_%40sentry_core_build_esm_1q_qjqh._.js:10515
[102563132ms] [LOG] [Fast Refresh] done in 139ms @ http://localhost:3000/_next/static/chunks/node_modules_%40sentry_core_build_esm_1q_qjqh._.js:10515
[102566546ms] [LOG] [Fast Refresh] rebuilding @ http://localhost:3000/_next/static/chunks/node_modules_%40sentry_core_build_esm_1q_qjqh._.js:10515
[102566569ms] [LOG] [Fast Refresh] done in 125ms @ http://localhost:3000/_next/static/chunks/node_modules_%40sentry_core_build_esm_1q_qjqh._.js:10515
[102574948ms] [LOG] [Fast Refresh] rebuilding @ http://localhost:3000/_next/static/chunks/node_modules_%40sentry_core_build_esm_1q_qjqh._.js:10515
[102574964ms] [LOG] [Fast Refresh] done in 118ms @ http://localhost:3000/_next/static/chunks/node_modules_%40sentry_core_build_esm_1q_qjqh._.js:10515
[102577251ms] [LOG] [Fast Refresh] rebuilding @ http://localhost:3000/_next/static/chunks/node_modules_%40sentry_core_build_esm_1q_qjqh._.js:10515
[102577268ms] [LOG] [Fast Refresh] done in 119ms @ http://localhost:3000/_next/static/chunks/node_modules_%40sentry_core_build_esm_1q_qjqh._.js:10515
[102587291ms] [LOG] [Fast Refresh] rebuilding @ http://localhost:3000/_next/static/chunks/node_modules_%40sentry_core_build_esm_1q_qjqh._.js:10515
[102587302ms] [LOG] [Fast Refresh] done in 113ms @ http://localhost:3000/_next/static/chunks/node_modules_%40sentry_core_build_esm_1q_qjqh._.js:10515
[102600834ms] [LOG] [Fast Refresh] rebuilding @ http://localhost:3000/_next/static/chunks/node_modules_%40sentry_core_build_esm_1q_qjqh._.js:10515
[102600860ms] [LOG] [Fast Refresh] done in 128ms @ http://localhost:3000/_next/static/chunks/node_modules_%40sentry_core_build_esm_1q_qjqh._.js:10515
[102610596ms] [ERROR] Failed to load resource: the server responded with a status of 403 () @ https://os.impakers.club/api/external/telemetry/auth:0
[102670071ms] [ERROR] Failed to load resource: the server responded with a status of 403 () @ https://os.impakers.club/api/external/telemetry/auth:0
[102674674ms] [LOG] [Fast Refresh] rebuilding @ http://localhost:3000/_next/static/chunks/node_modules_%40sentry_core_build_esm_1q_qjqh._.js:10515
[102674722ms] [LOG] [Fast Refresh] done in 149ms @ http://localhost:3000/_next/static/chunks/node_modules_%40sentry_core_build_esm_1q_qjqh._.js:10515
[102680602ms] [LOG] [Fast Refresh] rebuilding @ http://localhost:3000/_next/static/chunks/node_modules_%40sentry_core_build_esm_1q_qjqh._.js:10515
[102680626ms] [LOG] [Fast Refresh] done in 126ms @ http://localhost:3000/_next/static/chunks/node_modules_%40sentry_core_build_esm_1q_qjqh._.js:10515
[102686446ms] [LOG] [Fast Refresh] rebuilding @ http://localhost:3000/_next/static/chunks/node_modules_%40sentry_core_build_esm_1q_qjqh._.js:10515
[102686487ms] [LOG] [Fast Refresh] done in 142ms @ http://localhost:3000/_next/static/chunks/node_modules_%40sentry_core_build_esm_1q_qjqh._.js:10515
[102694168ms] [LOG] [Fast Refresh] rebuilding @ http://localhost:3000/_next/static/chunks/node_modules_%40sentry_core_build_esm_1q_qjqh._.js:10515
[102694180ms] [LOG] [Fast Refresh] done in 112ms @ http://localhost:3000/_next/static/chunks/node_modules_%40sentry_core_build_esm_1q_qjqh._.js:10515
[102730310ms] [ERROR] Failed to load resource: the server responded with a status of 403 () @ https://os.impakers.club/api/external/telemetry/auth:0
[102790280ms] [ERROR] Failed to load resource: the server responded with a status of 403 () @ https://os.impakers.club/api/external/telemetry/auth:0
[102850079ms] [ERROR] Failed to load resource: the server responded with a status of 403 () @ https://os.impakers.club/api/external/telemetry/auth:0
[102869737ms] [LOG] [Fast Refresh] rebuilding @ http://localhost:3000/_next/static/chunks/node_modules_%40sentry_core_build_esm_1q_qjqh._.js:10515
[102869848ms] [LOG] [Fast Refresh] done in 214ms @ http://localhost:3000/_next/static/chunks/node_modules_%40sentry_core_build_esm_1q_qjqh._.js:10515
[102910196ms] [ERROR] Failed to load resource: the server responded with a status of 403 () @ https://os.impakers.club/api/external/telemetry/auth:0
[102970652ms] [ERROR] Failed to load resource: the server responded with a status of 403 () @ https://os.impakers.club/api/external/telemetry/auth:0
[103030990ms] [ERROR] Failed to load resource: the server responded with a status of 403 () @ https://os.impakers.club/api/external/telemetry/auth:0
[103090120ms] [ERROR] Failed to load resource: the server responded with a status of 403 () @ https://os.impakers.club/api/external/telemetry/auth:0
[103150349ms] [ERROR] Failed to load resource: the server responded with a status of 403 () @ https://os.impakers.club/api/external/telemetry/auth:0
[103193680ms] [LOG] [Fast Refresh] rebuilding @ http://localhost:3000/_next/static/chunks/node_modules_%40sentry_core_build_esm_1q_qjqh._.js:10515
[103193717ms] [LOG] [Fast Refresh] done in 138ms @ http://localhost:3000/_next/static/chunks/node_modules_%40sentry_core_build_esm_1q_qjqh._.js:10515
[103210653ms] [ERROR] Failed to load resource: the server responded with a status of 403 () @ https://os.impakers.club/api/external/telemetry/auth:0
[103222235ms] [LOG] [Fast Refresh] rebuilding @ http://localhost:3000/_next/static/chunks/node_modules_%40sentry_core_build_esm_1q_qjqh._.js:10515
[103222260ms] [LOG] [Fast Refresh] done in 126ms @ http://localhost:3000/_next/static/chunks/node_modules_%40sentry_core_build_esm_1q_qjqh._.js:10515
[103270262ms] [ERROR] Failed to load resource: the server responded with a status of 403 () @ https://os.impakers.club/api/external/telemetry/auth:0
[103318791ms] [LOG] [Fast Refresh] rebuilding @ http://localhost:3000/_next/static/chunks/node_modules_%40sentry_core_build_esm_1q_qjqh._.js:10515
[103318943ms] [LOG] [Fast Refresh] done in 253ms @ http://localhost:3000/_next/static/chunks/node_modules_%40sentry_core_build_esm_1q_qjqh._.js:10515
[103327886ms] [LOG] [Fast Refresh] rebuilding @ http://localhost:3000/_next/static/chunks/node_modules_%40sentry_core_build_esm_1q_qjqh._.js:10515
[103328001ms] [LOG] [Fast Refresh] done in 194ms @ http://localhost:3000/_next/static/chunks/node_modules_%40sentry_core_build_esm_1q_qjqh._.js:10515
[103330053ms] [ERROR] Failed to load resource: the server responded with a status of 403 () @ https://os.impakers.club/api/external/telemetry/auth:0
[103391076ms] [ERROR] Failed to load resource: the server responded with a status of 403 () @ https://os.impakers.club/api/external/telemetry/auth:0
[103409878ms] [LOG] [Fast Refresh] rebuilding @ http://localhost:3000/_next/static/chunks/node_modules_%40sentry_core_build_esm_1q_qjqh._.js:10515
[103410922ms] [LOG] [Fast Refresh] done in 1145ms @ http://localhost:3000/_next/static/chunks/node_modules_%40sentry_core_build_esm_1q_qjqh._.js:10515
[103450241ms] [ERROR] Failed to load resource: the server responded with a status of 403 () @ https://os.impakers.club/api/external/telemetry/auth:0
[103510067ms] [ERROR] Failed to load resource: the server responded with a status of 403 () @ https://os.impakers.club/api/external/telemetry/auth:0
[103571385ms] [ERROR] Failed to load resource: the server responded with a status of 403 () @ https://os.impakers.club/api/external/telemetry/auth:0
[103600989ms] [LOG] [Fast Refresh] rebuilding @ http://localhost:3000/_next/static/chunks/node_modules_%40sentry_core_build_esm_1q_qjqh._.js:10515
[103601267ms] [LOG] [Fast Refresh] done in 373ms @ http://localhost:3000/_next/static/chunks/node_modules_%40sentry_core_build_esm_1q_qjqh._.js:10515
[103630091ms] [ERROR] Failed to load resource: the server responded with a status of 403 () @ https://os.impakers.club/api/external/telemetry/auth:0
[103645688ms] [LOG] [Fast Refresh] rebuilding @ http://localhost:3000/_next/static/chunks/node_modules_%40sentry_core_build_esm_1q_qjqh._.js:10515
[103646766ms] [LOG] [Fast Refresh] done in 209ms @ http://localhost:3000/_next/static/chunks/node_modules_%40sentry_core_build_esm_1q_qjqh._.js:10515
[103646838ms] [LOG] [Fast Refresh] rebuilding @ http://localhost:3000/_next/static/chunks/node_modules_%40sentry_core_build_esm_1q_qjqh._.js:10515
[103646850ms] [WARNING] [Fast Refresh] performing full reload

Fast Refresh will perform a full reload when you edit a file that's imported by modules outside of the React rendering tree.
You might have a file which exports a React component but also exports a value that is imported by a non-React component file.
Consider migrating the non-React component export to a separate file and importing it into both files.

It is also possible the parent component of the component you edited is a class component, which disables Fast Refresh.
Fast Refresh requires at least one parent function component in your React tree. @ http://localhost:3000/_next/static/chunks/node_modules_%40sentry_core_build_esm_1q_qjqh._.js:10515
[103646887ms] [LOG] [Fast Refresh] done in 83ms @ http://localhost:3000/_next/static/chunks/node_modules_%40sentry_core_build_esm_1q_qjqh._.js:10515
[103646917ms] [LOG] [Fast Refresh] rebuilding @ http://localhost:3000/_next/static/chunks/node_modules_%40sentry_core_build_esm_1q_qjqh._.js:10515
[103647201ms] [LOG] [Fast Refresh] done in 302ms @ http://localhost:3000/_next/static/chunks/node_modules_%40sentry_core_build_esm_1q_qjqh._.js:10515
[103647317ms] [ERROR] Failed to load resource: the server responded with a status of 404 (Not Found) @ http://localhost:3000/login?redirect=%2Fen%2Fabout&_rsc=qDh8EWPhWRGr9PEZ:0
[103648141ms] [ERROR] Failed to load resource: the server responded with a status of 404 (Not Found) @ http://localhost:3000/login?redirect=%2Fen%2Fabout&_rsc=qDh8EWPhWRGr9PEZ:0
[103648205ms] [ERROR] Failed to load resource: the server responded with a status of 404 (Not Found) @ http://localhost:3000/login?redirect=%2Fen%2Fabout:0
[103648431ms] [INFO] %cDownload the React DevTools for a better development experience: https://react.dev/link/react-devtools font-weight:bold @ http://localhost:3000/_next/static/chunks/node_modules_%40sentry_core_build_esm_1q_qjqh._.js:10515
[103648456ms] [LOG] [HMR] connected @ http://localhost:3000/_next/static/chunks/node_modules_%40sentry_core_build_esm_1q_qjqh._.js:10515
[103648714ms] [ERROR] Failed to load resource: the server responded with a status of 404 (Not Found) @ http://localhost:3000/login?redirect=%2Fen%2Fabout:0
[103648763ms] [LOG] [UserStoreProvider] Auth event: INITIAL_SESSION @ http://localhost:3000/_next/static/chunks/node_modules_%40sentry_core_build_esm_1q_qjqh._.js:10515
[103649327ms] [ERROR] Failed to load resource: the server responded with a status of 403 () @ https://os.impakers.club/api/external/telemetry/auth:0
[103649328ms] [ERROR] Failed to load resource: the server responded with a status of 403 () @ https://os.impakers.club/api/external/telemetry/auth:0
[103649990ms] [LOG] [Fast Refresh] rebuilding @ http://localhost:3000/_next/static/chunks/node_modules_%40sentry_core_build_esm_1q_qjqh._.js:10515
[103650017ms] [LOG] [Fast Refresh] done in 128ms @ http://localhost:3000/_next/static/chunks/node_modules_%40sentry_core_build_esm_1q_qjqh._.js:10515
[103652394ms] [ERROR] Failed to load resource: the server responded with a status of 403 () @ https://os.impakers.club/api/external/telemetry/auth:0
[103695698ms] [LOG] [Fast Refresh] rebuilding @ http://localhost:3000/_next/static/chunks/node_modules_%40sentry_core_build_esm_1q_qjqh._.js:10515
[103695814ms] [LOG] [Fast Refresh] done in 214ms @ http://localhost:3000/_next/static/chunks/node_modules_%40sentry_core_build_esm_1q_qjqh._.js:10515
[103699192ms] [LOG] [Fast Refresh] rebuilding @ http://localhost:3000/_next/static/chunks/node_modules_%40sentry_core_build_esm_1q_qjqh._.js:10515
[103699225ms] [LOG] [Fast Refresh] done in 115ms @ http://localhost:3000/_next/static/chunks/node_modules_%40sentry_core_build_esm_1q_qjqh._.js:10515
[103705733ms] [LOG] [Fast Refresh] rebuilding @ http://localhost:3000/_next/static/chunks/node_modules_%40sentry_core_build_esm_1q_qjqh._.js:10515
[103708000ms] [LOG] [Fast Refresh] done in 2368ms @ http://localhost:3000/_next/static/chunks/node_modules_%40sentry_core_build_esm_1q_qjqh._.js:10515
[103708164ms] [LOG] [Fast Refresh] rebuilding @ http://localhost:3000/_next/static/chunks/node_modules_%40sentry_core_build_esm_1q_qjqh._.js:10515
[103708196ms] [LOG] [Fast Refresh] done in 133ms @ http://localhost:3000/_next/static/chunks/node_modules_%40sentry_core_build_esm_1q_qjqh._.js:10515
[103709258ms] [ERROR] Failed to load resource: the server responded with a status of 403 () @ https://os.impakers.club/api/external/telemetry/auth:0
[103709470ms] [LOG] [Fast Refresh] rebuilding @ http://localhost:3000/_next/static/chunks/node_modules_%40sentry_core_build_esm_1q_qjqh._.js:10515
[103709570ms] [LOG] [Fast Refresh] done in 202ms @ http://localhost:3000/_next/static/chunks/node_modules_%40sentry_core_build_esm_1q_qjqh._.js:10515
[103718278ms] [LOG] [Fast Refresh] rebuilding @ http://localhost:3000/_next/static/chunks/node_modules_%40sentry_core_build_esm_1q_qjqh._.js:10515
[103718613ms] [LOG] [Fast Refresh] done in 351ms @ http://localhost:3000/_next/static/chunks/node_modules_%40sentry_core_build_esm_1q_qjqh._.js:10515
[103718754ms] [LOG] [Fast Refresh] rebuilding @ http://localhost:3000/_next/static/chunks/node_modules_%40sentry_core_build_esm_1q_qjqh._.js:10515
[103718830ms] [LOG] [Fast Refresh] done in 178ms @ http://localhost:3000/_next/static/chunks/node_modules_%40sentry_core_build_esm_1q_qjqh._.js:10515
[103718950ms] [ERROR] Failed to load resource: the server responded with a status of 404 (Not Found) @ http://localhost:3000/login?redirect=%2Fen%2Fabout&_rsc=qDh8EWPhWRGr9PEZ:0
[103719103ms] [ERROR] Failed to load resource: the server responded with a status of 404 (Not Found) @ http://localhost:3000/login?redirect=%2Fen%2Fabout&_rsc=qDh8EWPhWRGr9PEZ:0
[103719490ms] [ERROR] Failed to load resource: the server responded with a status of 404 (Not Found) @ http://localhost:3000/login?redirect=%2Fen%2Fabout:0
[103719643ms] [INFO] %cDownload the React DevTools for a better development experience: https://react.dev/link/react-devtools font-weight:bold @ http://localhost:3000/_next/static/chunks/node_modules_%40sentry_core_build_esm_1q_qjqh._.js:10515
[103719663ms] [LOG] [HMR] connected @ http://localhost:3000/_next/static/chunks/node_modules_%40sentry_core_build_esm_1q_qjqh._.js:10515
[103719874ms] [ERROR] Failed to load resource: the server responded with a status of 404 (Not Found) @ http://localhost:3000/login?redirect=%2Fen%2Fabout:0
[103719925ms] [LOG] [UserStoreProvider] Auth event: INITIAL_SESSION @ http://localhost:3000/_next/static/chunks/node_modules_%40sentry_core_build_esm_1q_qjqh._.js:10515
[103720642ms] [ERROR] Failed to load resource: the server responded with a status of 403 () @ https://os.impakers.club/api/external/telemetry/auth:0
[103720682ms] [ERROR] Failed to load resource: the server responded with a status of 403 () @ https://os.impakers.club/api/external/telemetry/auth:0
[103720842ms] [LOG] [Fast Refresh] rebuilding @ http://localhost:3000/_next/static/chunks/node_modules_%40sentry_core_build_esm_1q_qjqh._.js:10515
[103721160ms] [LOG] [Fast Refresh] done in 415ms @ http://localhost:3000/_next/static/chunks/node_modules_%40sentry_core_build_esm_1q_qjqh._.js:10515
[103721261ms] [LOG] [Fast Refresh] rebuilding @ http://localhost:3000/_next/static/chunks/node_modules_%40sentry_core_build_esm_1q_qjqh._.js:10515
[103721281ms] [ERROR] Failed to load resource: the server responded with a status of 404 (Not Found) @ http://localhost:3000/login?redirect=%2Fen%2Fabout&_rsc=qDh8EWPhWRGr9PEZ:0
[103721286ms] [LOG] [Fast Refresh] done in 126ms @ http://localhost:3000/_next/static/chunks/node_modules_%40sentry_core_build_esm_1q_qjqh._.js:10515
[103721537ms] [ERROR] Failed to load resource: the server responded with a status of 404 (Not Found) @ http://localhost:3000/login?redirect=%2Fen%2Fabout&_rsc=qDh8EWPhWRGr9PEZ:0
[103721617ms] [LOG] [Fast Refresh] rebuilding @ http://localhost:3000/_next/static/chunks/node_modules_%40sentry_core_build_esm_1q_qjqh._.js:10515
[103721720ms] [LOG] [Fast Refresh] done in 203ms @ http://localhost:3000/_next/static/chunks/node_modules_%40sentry_core_build_esm_1q_qjqh._.js:10515
[103721732ms] [ERROR] Failed to load resource: the server responded with a status of 404 (Not Found) @ http://localhost:3000/login?redirect=%2Fen%2Fabout:0
[103721897ms] [INFO] %cDownload the React DevTools for a better development experience: https://react.dev/link/react-devtools font-weight:bold @ http://localhost:3000/_next/static/chunks/node_modules_%40sentry_core_build_esm_1q_qjqh._.js:10515
[103721921ms] [LOG] [HMR] connected @ http://localhost:3000/_next/static/chunks/node_modules_%40sentry_core_build_esm_1q_qjqh._.js:10515
[103722138ms] [LOG] [Fast Refresh] rebuilding @ http://localhost:3000/_next/static/chunks/node_modules_%40sentry_core_build_esm_1q_qjqh._.js:10515
[103722139ms] [LOG] [Fast Refresh] done in 146ms @ http://localhost:3000/_next/static/chunks/node_modules_%40sentry_core_build_esm_1q_qjqh._.js:10515
[103722140ms] [LOG] [UserStoreProvider] Auth event: INITIAL_SESSION @ http://localhost:3000/_next/static/chunks/node_modules_%40sentry_core_build_esm_1q_qjqh._.js:10515
[103722143ms] [ERROR] Failed to load resource: the server responded with a status of 404 (Not Found) @ http://localhost:3000/login?redirect=%2Fen%2Fabout:0
[103722316ms] [ERROR] Failed to load resource: the server responded with a status of 403 () @ https://os.impakers.club/api/external/telemetry/auth:0
[103722335ms] [ERROR] Failed to load resource: the server responded with a status of 403 () @ https://os.impakers.club/api/external/telemetry/auth:0
[103725931ms] [ERROR] Failed to load resource: the server responded with a status of 403 () @ https://os.impakers.club/api/external/telemetry/auth:0
[103783117ms] [ERROR] Failed to load resource: the server responded with a status of 403 () @ https://os.impakers.club/api/external/telemetry/auth:0
[103842695ms] [ERROR] Failed to load resource: the server responded with a status of 403 () @ https://os.impakers.club/api/external/telemetry/auth:0
[103854855ms] [LOG] [Fast Refresh] rebuilding @ http://localhost:3000/_next/static/chunks/node_modules_%40sentry_core_build_esm_1q_qjqh._.js:10515
[103855081ms] [LOG] [Fast Refresh] done in 299ms @ http://localhost:3000/_next/static/chunks/node_modules_%40sentry_core_build_esm_1q_qjqh._.js:10515
[103902903ms] [ERROR] Failed to load resource: the server responded with a status of 403 () @ https://os.impakers.club/api/external/telemetry/auth:0
[103963185ms] [ERROR] Failed to load resource: the server responded with a status of 403 () @ https://os.impakers.club/api/external/telemetry/auth:0
[104022934ms] [ERROR] Failed to load resource: the server responded with a status of 403 () @ https://os.impakers.club/api/external/telemetry/auth:0
[104057717ms] [LOG] [Fast Refresh] rebuilding @ http://localhost:3000/_next/static/chunks/node_modules_%40sentry_core_build_esm_1q_qjqh._.js:10515
[104057728ms] [LOG] [Fast Refresh] done in 114ms @ http://localhost:3000/_next/static/chunks/node_modules_%40sentry_core_build_esm_1q_qjqh._.js:10515
[104083034ms] [ERROR] Failed to load resource: the server responded with a status of 403 () @ https://os.impakers.club/api/external/telemetry/auth:0
[104127166ms] [LOG] [Fast Refresh] rebuilding @ http://localhost:3000/_next/static/chunks/node_modules_%40sentry_core_build_esm_1q_qjqh._.js:10515
[104127226ms] [LOG] [Fast Refresh] done in 137ms @ http://localhost:3000/_next/static/chunks/node_modules_%40sentry_core_build_esm_1q_qjqh._.js:10515
[104131604ms] [LOG] [Fast Refresh] rebuilding @ http://localhost:3000/_next/static/chunks/node_modules_%40sentry_core_build_esm_1q_qjqh._.js:10515
[104131632ms] [LOG] [Fast Refresh] done in 106ms @ http://localhost:3000/_next/static/chunks/node_modules_%40sentry_core_build_esm_1q_qjqh._.js:10515
[104136397ms] [LOG] [Fast Refresh] rebuilding @ http://localhost:3000/_next/static/chunks/node_modules_%40sentry_core_build_esm_1q_qjqh._.js:10515
[104136470ms] [LOG] [Fast Refresh] done in 146ms @ http://localhost:3000/_next/static/chunks/node_modules_%40sentry_core_build_esm_1q_qjqh._.js:10515
[104143249ms] [LOG] [Fast Refresh] rebuilding @ http://localhost:3000/_next/static/chunks/node_modules_%40sentry_core_build_esm_1q_qjqh._.js:10515
[104143332ms] [LOG] [Fast Refresh] done in 180ms @ http://localhost:3000/_next/static/chunks/node_modules_%40sentry_core_build_esm_1q_qjqh._.js:10515
[104143336ms] [ERROR] Failed to load resource: the server responded with a status of 403 () @ https://os.impakers.club/api/external/telemetry/auth:0
[104185255ms] [LOG] [Fast Refresh] rebuilding @ http://localhost:3000/_next/static/chunks/node_modules_%40sentry_core_build_esm_1q_qjqh._.js:10515
[104185343ms] [LOG] [Fast Refresh] done in 190ms @ http://localhost:3000/_next/static/chunks/node_modules_%40sentry_core_build_esm_1q_qjqh._.js:10515
[104202808ms] [ERROR] Failed to load resource: the server responded with a status of 403 () @ https://os.impakers.club/api/external/telemetry/auth:0
[104262666ms] [ERROR] Failed to load resource: the server responded with a status of 403 () @ https://os.impakers.club/api/external/telemetry/auth:0
[104322878ms] [ERROR] Failed to load resource: the server responded with a status of 403 () @ https://os.impakers.club/api/external/telemetry/auth:0
[104382966ms] [ERROR] Failed to load resource: the server responded with a status of 403 () @ https://os.impakers.club/api/external/telemetry/auth:0
[104442649ms] [ERROR] Failed to load resource: the server responded with a status of 403 () @ https://os.impakers.club/api/external/telemetry/auth:0
[104502691ms] [ERROR] Failed to load resource: the server responded with a status of 403 () @ https://os.impakers.club/api/external/telemetry/auth:0
[104523243ms] [LOG] [Fast Refresh] rebuilding @ http://localhost:3000/_next/static/chunks/node_modules_%40sentry_core_build_esm_1q_qjqh._.js:10515
[104523661ms] [LOG] [Fast Refresh] done in 515ms @ http://localhost:3000/_next/static/chunks/node_modules_%40sentry_core_build_esm_1q_qjqh._.js:10515
[104532935ms] [LOG] [Fast Refresh] rebuilding @ http://localhost:3000/_next/static/chunks/node_modules_%40sentry_core_build_esm_1q_qjqh._.js:10515
[104533103ms] [LOG] [Fast Refresh] done in 264ms @ http://localhost:3000/_next/static/chunks/node_modules_%40sentry_core_build_esm_1q_qjqh._.js:10515
[104554135ms] [LOG] [Fast Refresh] rebuilding @ http://localhost:3000/_next/static/chunks/node_modules_%40sentry_core_build_esm_1q_qjqh._.js:10515
[104554831ms] [LOG] [Fast Refresh] done in 678ms @ http://localhost:3000/_next/static/chunks/node_modules_%40sentry_core_build_esm_1q_qjqh._.js:10515
[104555000ms] [LOG] [Fast Refresh] rebuilding @ http://localhost:3000/_next/static/chunks/node_modules_%40sentry_core_build_esm_1q_qjqh._.js:10515
[104555270ms] [LOG] [Fast Refresh] done in 371ms @ http://localhost:3000/_next/static/chunks/node_modules_%40sentry_core_build_esm_1q_qjqh._.js:10515
[104555318ms] [ERROR] Failed to load resource: the server responded with a status of 404 (Not Found) @ http://localhost:3000/login?redirect=%2Fen%2Fabout&_rsc=qDh8EWPhWRGr9PEZ:0
[104555372ms] [LOG] [Fast Refresh] rebuilding @ http://localhost:3000/_next/static/chunks/node_modules_%40sentry_core_build_esm_1q_qjqh._.js:10515
[104555390ms] [ERROR] Failed to load resource: the server responded with a status of 404 (Not Found) @ http://localhost:3000/login?redirect=%2Fen%2Fabout&_rsc=qDh8EWPhWRGr9PEZ:0
[104555641ms] [LOG] [Fast Refresh] done in 369ms @ http://localhost:3000/_next/static/chunks/node_modules_%40sentry_core_build_esm_1q_qjqh._.js:10515
[104555658ms] [ERROR] Failed to load resource: the server responded with a status of 404 (Not Found) @ http://localhost:3000/login?redirect=%2Fen%2Fabout:0
[104555723ms] [INFO] %cDownload the React DevTools for a better development experience: https://react.dev/link/react-devtools font-weight:bold @ http://localhost:3000/_next/static/chunks/node_modules_%40sentry_core_build_esm_1q_qjqh._.js:10515
[104555747ms] [LOG] [HMR] connected @ http://localhost:3000/_next/static/chunks/node_modules_%40sentry_core_build_esm_1q_qjqh._.js:10515
[104555827ms] [LOG] [UserStoreProvider] Auth event: INITIAL_SESSION @ http://localhost:3000/_next/static/chunks/node_modules_%40sentry_core_build_esm_1q_qjqh._.js:10515
[104555905ms] [ERROR] Failed to load resource: the server responded with a status of 404 (Not Found) @ http://localhost:3000/login?redirect=%2Fen%2Fabout:0
[104556650ms] [ERROR] Failed to load resource: the server responded with a status of 403 () @ https://os.impakers.club/api/external/telemetry/auth:0
[104556864ms] [ERROR] Failed to load resource: the server responded with a status of 403 () @ https://os.impakers.club/api/external/telemetry/auth:0
[104559308ms] [ERROR] Failed to load resource: the server responded with a status of 403 () @ https://os.impakers.club/api/external/telemetry/auth:0
[104562349ms] [LOG] [Fast Refresh] rebuilding @ http://localhost:3000/_next/static/chunks/node_modules_%40sentry_core_build_esm_1q_qjqh._.js:10515
[104562675ms] [LOG] [Fast Refresh] done in 413ms @ http://localhost:3000/_next/static/chunks/node_modules_%40sentry_core_build_esm_1q_qjqh._.js:10515
[104562873ms] [LOG] [Fast Refresh] rebuilding @ http://localhost:3000/_next/static/chunks/node_modules_%40sentry_core_build_esm_1q_qjqh._.js:10515
[104562942ms] [LOG] [Fast Refresh] done in 170ms @ http://localhost:3000/_next/static/chunks/node_modules_%40sentry_core_build_esm_1q_qjqh._.js:10515
[104562989ms] [ERROR] Failed to load resource: the server responded with a status of 404 (Not Found) @ http://localhost:3000/login?redirect=%2Fen%2Fabout&_rsc=qDh8EWPhWRGr9PEZ:0
[104563062ms] [ERROR] Failed to load resource: the server responded with a status of 404 (Not Found) @ http://localhost:3000/login?redirect=%2Fen%2Fabout&_rsc=qDh8EWPhWRGr9PEZ:0
[104563216ms] [LOG] [Fast Refresh] rebuilding @ http://localhost:3000/_next/static/chunks/node_modules_%40sentry_core_build_esm_1q_qjqh._.js:10515
[104563330ms] [LOG] [Fast Refresh] done in 215ms @ http://localhost:3000/_next/static/chunks/node_modules_%40sentry_core_build_esm_1q_qjqh._.js:10515
[104563349ms] [ERROR] Failed to load resource: the server responded with a status of 404 (Not Found) @ http://localhost:3000/login?redirect=%2Fen%2Fabout:0
[104563683ms] [INFO] %cDownload the React DevTools for a better development experience: https://react.dev/link/react-devtools font-weight:bold @ http://localhost:3000/_next/static/chunks/node_modules_%40sentry_core_build_esm_1q_qjqh._.js:10515
[104563767ms] [LOG] [HMR] connected @ http://localhost:3000/_next/static/chunks/node_modules_%40sentry_core_build_esm_1q_qjqh._.js:10515
[104564009ms] [ERROR] Failed to load resource: the server responded with a status of 404 (Not Found) @ http://localhost:3000/login?redirect=%2Fen%2Fabout:0
[104564012ms] [LOG] [Fast Refresh] rebuilding @ http://localhost:3000/_next/static/chunks/node_modules_%40sentry_core_build_esm_1q_qjqh._.js:10515
[104564012ms] [LOG] [Fast Refresh] done in 135ms @ http://localhost:3000/_next/static/chunks/node_modules_%40sentry_core_build_esm_1q_qjqh._.js:10515
[104564049ms] [LOG] [UserStoreProvider] Auth event: INITIAL_SESSION @ http://localhost:3000/_next/static/chunks/node_modules_%40sentry_core_build_esm_1q_qjqh._.js:10515
[104564227ms] [ERROR] Failed to load resource: the server responded with a status of 403 () @ https://os.impakers.club/api/external/telemetry/auth:0
[104564273ms] [ERROR] Failed to load resource: the server responded with a status of 403 () @ https://os.impakers.club/api/external/telemetry/auth:0
[104567381ms] [ERROR] Failed to load resource: the server responded with a status of 403 () @ https://os.impakers.club/api/external/telemetry/auth:0
[104572540ms] [LOG] [Fast Refresh] rebuilding @ http://localhost:3000/_next/static/chunks/node_modules_%40sentry_core_build_esm_1q_qjqh._.js:10515
[104572717ms] [LOG] [Fast Refresh] done in 273ms @ http://localhost:3000/_next/static/chunks/node_modules_%40sentry_core_build_esm_1q_qjqh._.js:10515
[104587489ms] [LOG] [Fast Refresh] rebuilding @ http://localhost:3000/_next/static/chunks/node_modules_%40sentry_core_build_esm_1q_qjqh._.js:10515
[104587658ms] [LOG] [Fast Refresh] done in 268ms @ http://localhost:3000/_next/static/chunks/node_modules_%40sentry_core_build_esm_1q_qjqh._.js:10515
[104596532ms] [LOG] [Fast Refresh] rebuilding @ http://localhost:3000/_next/static/chunks/node_modules_%40sentry_core_build_esm_1q_qjqh._.js:10515
[104596685ms] [LOG] [Fast Refresh] done in 248ms @ http://localhost:3000/_next/static/chunks/node_modules_%40sentry_core_build_esm_1q_qjqh._.js:10515
[104602834ms] [LOG] [Fast Refresh] rebuilding @ http://localhost:3000/_next/static/chunks/node_modules_%40sentry_core_build_esm_1q_qjqh._.js:10515
[104602923ms] [LOG] [Fast Refresh] done in 186ms @ http://localhost:3000/_next/static/chunks/node_modules_%40sentry_core_build_esm_1q_qjqh._.js:10515
[104608770ms] [LOG] [Fast Refresh] rebuilding @ http://localhost:3000/_next/static/chunks/node_modules_%40sentry_core_build_esm_1q_qjqh._.js:10515
[104608872ms] [LOG] [Fast Refresh] done in 200ms @ http://localhost:3000/_next/static/chunks/node_modules_%40sentry_core_build_esm_1q_qjqh._.js:10515
[104619800ms] [LOG] [Fast Refresh] rebuilding @ http://localhost:3000/_next/static/chunks/node_modules_%40sentry_core_build_esm_1q_qjqh._.js:10515
[104619950ms] [LOG] [Fast Refresh] done in 249ms @ http://localhost:3000/_next/static/chunks/node_modules_%40sentry_core_build_esm_1q_qjqh._.js:10515
[104625602ms] [LOG] [Fast Refresh] rebuilding @ http://localhost:3000/_next/static/chunks/node_modules_%40sentry_core_build_esm_1q_qjqh._.js:10515
[104625706ms] [LOG] [Fast Refresh] done in 202ms @ http://localhost:3000/_next/static/chunks/node_modules_%40sentry_core_build_esm_1q_qjqh._.js:10515
[104626267ms] [ERROR] Failed to load resource: the server responded with a status of 403 () @ https://os.impakers.club/api/external/telemetry/auth:0
[104630642ms] [LOG] [Fast Refresh] rebuilding @ http://localhost:3000/_next/static/chunks/node_modules_%40sentry_core_build_esm_1q_qjqh._.js:10515
[104630742ms] [LOG] [Fast Refresh] done in 197ms @ http://localhost:3000/_next/static/chunks/node_modules_%40sentry_core_build_esm_1q_qjqh._.js:10515
[104643172ms] [LOG] [Fast Refresh] rebuilding @ http://localhost:3000/_next/static/chunks/node_modules_%40sentry_core_build_esm_1q_qjqh._.js:10515
[104643349ms] [LOG] [Fast Refresh] done in 262ms @ http://localhost:3000/_next/static/chunks/node_modules_%40sentry_core_build_esm_1q_qjqh._.js:10515
[104654766ms] [LOG] [Fast Refresh] rebuilding @ http://localhost:3000/_next/static/chunks/node_modules_%40sentry_core_build_esm_1q_qjqh._.js:10515
[104654879ms] [LOG] [Fast Refresh] done in 198ms @ http://localhost:3000/_next/static/chunks/node_modules_%40sentry_core_build_esm_1q_qjqh._.js:10515
[104662398ms] [LOG] [Fast Refresh] rebuilding @ http://localhost:3000/_next/static/chunks/node_modules_%40sentry_core_build_esm_1q_qjqh._.js:10515
[104662580ms] [LOG] [Fast Refresh] done in 274ms @ http://localhost:3000/_next/static/chunks/node_modules_%40sentry_core_build_esm_1q_qjqh._.js:10515
[104675981ms] [LOG] [Fast Refresh] rebuilding @ http://localhost:3000/_next/static/chunks/node_modules_%40sentry_core_build_esm_1q_qjqh._.js:10515
[104676367ms] [LOG] [Fast Refresh] done in 371ms @ http://localhost:3000/_next/static/chunks/node_modules_%40sentry_core_build_esm_1q_qjqh._.js:10515
[104676470ms] [LOG] [Fast Refresh] rebuilding @ http://localhost:3000/_next/static/chunks/node_modules_%40sentry_core_build_esm_1q_qjqh._.js:10515
[104676575ms] [LOG] [Fast Refresh] done in 205ms @ http://localhost:3000/_next/static/chunks/node_modules_%40sentry_core_build_esm_1q_qjqh._.js:10515
[104676624ms] [ERROR] Failed to load resource: the server responded with a status of 404 (Not Found) @ http://localhost:3000/login?redirect=%2Fen%2Fabout&_rsc=qDh8EWPhWRGr9PEZ:0
[104676697ms] [ERROR] Failed to load resource: the server responded with a status of 404 (Not Found) @ http://localhost:3000/login?redirect=%2Fen%2Fabout&_rsc=qDh8EWPhWRGr9PEZ:0
[104676779ms] [LOG] [Fast Refresh] rebuilding @ http://localhost:3000/_next/static/chunks/node_modules_%40sentry_core_build_esm_1q_qjqh._.js:10515
[104676970ms] [LOG] [Fast Refresh] done in 293ms @ http://localhost:3000/_next/static/chunks/node_modules_%40sentry_core_build_esm_1q_qjqh._.js:10515
[104677001ms] [ERROR] Failed to load resource: the server responded with a status of 404 (Not Found) @ http://localhost:3000/login?redirect=%2Fen%2Fabout:0
[104677180ms] [INFO] %cDownload the React DevTools for a better development experience: https://react.dev/link/react-devtools font-weight:bold @ http://localhost:3000/_next/static/chunks/node_modules_%40sentry_core_build_esm_1q_qjqh._.js:10515
[104677207ms] [LOG] [HMR] connected @ http://localhost:3000/_next/static/chunks/node_modules_%40sentry_core_build_esm_1q_qjqh._.js:10515
[104677365ms] [ERROR] Failed to load resource: the server responded with a status of 404 (Not Found) @ http://localhost:3000/login?redirect=%2Fen%2Fabout:0
[104677404ms] [LOG] [UserStoreProvider] Auth event: INITIAL_SESSION @ http://localhost:3000/_next/static/chunks/node_modules_%40sentry_core_build_esm_1q_qjqh._.js:10515
[104678263ms] [ERROR] Failed to load resource: the server responded with a status of 403 () @ https://os.impakers.club/api/external/telemetry/auth:0
[104678264ms] [ERROR] Failed to load resource: the server responded with a status of 403 () @ https://os.impakers.club/api/external/telemetry/auth:0
[104680619ms] [ERROR] Failed to load resource: the server responded with a status of 403 () @ https://os.impakers.club/api/external/telemetry/auth:0
[104737961ms] [ERROR] Failed to load resource: the server responded with a status of 403 () @ https://os.impakers.club/api/external/telemetry/auth:0
[104798026ms] [ERROR] Failed to load resource: the server responded with a status of 403 () @ https://os.impakers.club/api/external/telemetry/auth:0
[104818206ms] [LOG] [Fast Refresh] rebuilding @ http://localhost:3000/_next/static/chunks/node_modules_%40sentry_core_build_esm_1q_qjqh._.js:10515
[104818500ms] [LOG] [Fast Refresh] done in 394ms @ http://localhost:3000/_next/static/chunks/node_modules_%40sentry_core_build_esm_1q_qjqh._.js:10515
[104837468ms] [LOG] [Fast Refresh] rebuilding @ http://localhost:3000/_next/static/chunks/node_modules_%40sentry_core_build_esm_1q_qjqh._.js:10515
[104837519ms] [LOG] [Fast Refresh] done in 127ms @ http://localhost:3000/_next/static/chunks/node_modules_%40sentry_core_build_esm_1q_qjqh._.js:10515
[104850632ms] [LOG] [Fast Refresh] rebuilding @ http://localhost:3000/_next/static/chunks/node_modules_%40sentry_core_build_esm_1q_qjqh._.js:10515
[104850660ms] [LOG] [Fast Refresh] done in 91ms @ http://localhost:3000/_next/static/chunks/node_modules_%40sentry_core_build_esm_1q_qjqh._.js:10515
[104859193ms] [ERROR] Failed to load resource: the server responded with a status of 403 () @ https://os.impakers.club/api/external/telemetry/auth:0
[104917923ms] [ERROR] Failed to load resource: the server responded with a status of 403 () @ https://os.impakers.club/api/external/telemetry/auth:0
[104978076ms] [ERROR] Failed to load resource: the server responded with a status of 403 () @ https://os.impakers.club/api/external/telemetry/auth:0
[105038160ms] [ERROR] Failed to load resource: the server responded with a status of 403 () @ https://os.impakers.club/api/external/telemetry/auth:0
[105066578ms] [LOG] [Fast Refresh] rebuilding @ http://localhost:3000/_next/static/chunks/node_modules_%40sentry_core_build_esm_1q_qjqh._.js:10515
[105066753ms] [LOG] [Fast Refresh] done in 276ms @ http://localhost:3000/_next/static/chunks/node_modules_%40sentry_core_build_esm_1q_qjqh._.js:10515
[105067785ms] [LOG] [Fast Refresh] rebuilding @ http://localhost:3000/_next/static/chunks/node_modules_%40sentry_core_build_esm_1q_qjqh._.js:10515
[105069166ms] [LOG] [Fast Refresh] done in 1481ms @ http://localhost:3000/_next/static/chunks/node_modules_%40sentry_core_build_esm_1q_qjqh._.js:10515
[105074876ms] [LOG] [Fast Refresh] rebuilding @ http://localhost:3000/_next/static/chunks/node_modules_%40sentry_core_build_esm_1q_qjqh._.js:10515
[105074938ms] [LOG] [Fast Refresh] done in 167ms @ http://localhost:3000/_next/static/chunks/node_modules_%40sentry_core_build_esm_1q_qjqh._.js:10515
[105097968ms] [ERROR] Failed to load resource: the server responded with a status of 403 () @ https://os.impakers.club/api/external/telemetry/auth:0
[105159272ms] [ERROR] Failed to load resource: the server responded with a status of 403 () @ https://os.impakers.club/api/external/telemetry/auth:0
[105215113ms] [LOG] [Fast Refresh] rebuilding @ http://localhost:3000/_next/static/chunks/node_modules_%40sentry_core_build_esm_1q_qjqh._.js:10515
[105215236ms] [LOG] [Fast Refresh] done in 215ms @ http://localhost:3000/_next/static/chunks/node_modules_%40sentry_core_build_esm_1q_qjqh._.js:10515
[105217956ms] [ERROR] Failed to load resource: the server responded with a status of 403 () @ https://os.impakers.club/api/external/telemetry/auth:0
[105226724ms] [LOG] [Fast Refresh] rebuilding @ http://localhost:3000/_next/static/chunks/node_modules_%40sentry_core_build_esm_1q_qjqh._.js:10515
[105226759ms] [LOG] [Fast Refresh] done in 135ms @ http://localhost:3000/_next/static/chunks/node_modules_%40sentry_core_build_esm_1q_qjqh._.js:10515
[105232662ms] [LOG] [Fast Refresh] rebuilding @ http://localhost:3000/_next/static/chunks/node_modules_%40sentry_core_build_esm_1q_qjqh._.js:10515
[105232691ms] [LOG] [Fast Refresh] done in 114ms @ http://localhost:3000/_next/static/chunks/node_modules_%40sentry_core_build_esm_1q_qjqh._.js:10515
[105278259ms] [ERROR] Failed to load resource: the server responded with a status of 403 () @ https://os.impakers.club/api/external/telemetry/auth:0
[105318443ms] [LOG] [Fast Refresh] rebuilding @ http://localhost:3000/_next/static/chunks/node_modules_%40sentry_core_build_esm_1q_qjqh._.js:10515
[105318508ms] [LOG] [Fast Refresh] done in 168ms @ http://localhost:3000/_next/static/chunks/node_modules_%40sentry_core_build_esm_1q_qjqh._.js:10515
[105338453ms] [ERROR] Failed to load resource: the server responded with a status of 403 () @ https://os.impakers.club/api/external/telemetry/auth:0
[105360023ms] [LOG] [Fast Refresh] rebuilding @ http://localhost:3000/_next/static/chunks/node_modules_%40sentry_core_build_esm_1q_qjqh._.js:10515
[105360048ms] [LOG] [Fast Refresh] done in 126ms @ http://localhost:3000/_next/static/chunks/node_modules_%40sentry_core_build_esm_1q_qjqh._.js:10515
[105377897ms] [LOG] [Fast Refresh] rebuilding @ http://localhost:3000/_next/static/chunks/node_modules_%40sentry_core_build_esm_1q_qjqh._.js:10515
[105377922ms] [LOG] [Fast Refresh] done in 127ms @ http://localhost:3000/_next/static/chunks/node_modules_%40sentry_core_build_esm_1q_qjqh._.js:10515
[105379276ms] [LOG] [Fast Refresh] rebuilding @ http://localhost:3000/_next/static/chunks/node_modules_%40sentry_core_build_esm_1q_qjqh._.js:10515
[105379289ms] [LOG] [Fast Refresh] done in 114ms @ http://localhost:3000/_next/static/chunks/node_modules_%40sentry_core_build_esm_1q_qjqh._.js:10515
[105380973ms] [LOG] [Fast Refresh] rebuilding @ http://localhost:3000/_next/static/chunks/node_modules_%40sentry_core_build_esm_1q_qjqh._.js:10515
[105380995ms] [LOG] [Fast Refresh] done in 124ms @ http://localhost:3000/_next/static/chunks/node_modules_%40sentry_core_build_esm_1q_qjqh._.js:10515
[105381197ms] [LOG] [Fast Refresh] rebuilding @ http://localhost:3000/_next/static/chunks/node_modules_%40sentry_core_build_esm_1q_qjqh._.js:10515
[105381220ms] [LOG] [Fast Refresh] done in 125ms @ http://localhost:3000/_next/static/chunks/node_modules_%40sentry_core_build_esm_1q_qjqh._.js:10515
[105397919ms] [ERROR] Failed to load resource: the server responded with a status of 403 () @ https://os.impakers.club/api/external/telemetry/auth:0
[105458009ms] [ERROR] Failed to load resource: the server responded with a status of 403 () @ https://os.impakers.club/api/external/telemetry/auth:0
[105513928ms] [LOG] [Fast Refresh] rebuilding @ http://localhost:3000/_next/static/chunks/node_modules_%40sentry_core_build_esm_1q_qjqh._.js:10515
[105514004ms] [LOG] [Fast Refresh] done in 179ms @ http://localhost:3000/_next/static/chunks/node_modules_%40sentry_core_build_esm_1q_qjqh._.js:10515
[105517951ms] [ERROR] Failed to load resource: the server responded with a status of 403 () @ https://os.impakers.club/api/external/telemetry/auth:0
[105548644ms] [LOG] [Fast Refresh] rebuilding @ http://localhost:3000/_next/static/chunks/node_modules_%40sentry_core_build_esm_1q_qjqh._.js:10515
[105548795ms] [ERROR] ./components/classes/ClassFormModal.tsx:81:1
Export Constants doesn't exist in target module
  79 | import { useRoomService } from "@/hooks/use-room-service";
  80 | import { DAY_OF_WEEK_LABELS, type DayOfWeek } from "@/types/models/class.types";
> 81 | import { Constants } from "@/types/database.types";
     | ^^^^^^^^^^^^^^^^^^^^^^^^^^^^^^^^^^^^^^^^^^^^^^^^^^
  82 | import dayjs from "@/lib/dayjs";
  83 | import {
  84 |   Field,

The export Constants was not found in module [project]/types/database.types.ts [app-client] (ecmascript).
The module has no exports at all.
All exports of the module are statically known (It doesn't have dynamic exports). So it's known statically that the requested export doesn't exist.

Import traces:
  Client Component Browser:
    ./components/classes/ClassFormModal.tsx [Client Component Browser]
    ./app/center/classes/list/page.tsx [Client Component Browser]
    ./app/center/classes/list/page.tsx [Server Component]

  Client Component SSR:
    ./components/classes/ClassFormModal.tsx [Client Component SSR]
    ./app/center/classes/list/page.tsx [Client Component SSR]
    ./app/center/classes/list/page.tsx [Server Component] @ http://localhost:3000/_next/static/chunks/node_modules_%40sentry_core_build_esm_1q_qjqh._.js:10515
[105548796ms] [ERROR] ./components/classes/ClassFormModal.tsx:81:1
Export Constants doesn't exist in target module
  79 | import { useRoomService } from "@/hooks/use-room-service";
  80 | import { DAY_OF_WEEK_LABELS, type DayOfWeek } from "@/types/models/class.types";
> 81 | import { Constants } from "@/types/database.types";
     | ^^^^^^^^^^^^^^^^^^^^^^^^^^^^^^^^^^^^^^^^^^^^^^^^^^^
  82 | import dayjs from "@/lib/dayjs";
  83 | import {
  84 |   Field,

The export Constants was not found in module [project]/types/database.types.ts [app-ssr] (ecmascript).
The module has no exports at all.
All exports of the module are statically known (It doesn't have dynamic exports). So it's known statically that the requested export doesn't exist.

Import traces:
  Client Component Browser:
    ./components/classes/ClassFormModal.tsx [Client Component Browser]
    ./app/center/classes/list/page.tsx [Client Component Browser]
    ./app/center/classes/list/page.tsx [Server Component]

  Client Component SSR:
    ./components/classes/ClassFormModal.tsx [Client Component SSR]
    ./app/center/classes/list/page.tsx [Client Component SSR]
    ./app/center/classes/list/page.tsx [Server Component] @ http://localhost:3000/_next/static/chunks/node_modules_%40sentry_core_build_esm_1q_qjqh._.js:10515
[105558307ms] [LOG] [Fast Refresh] rebuilding @ http://localhost:3000/_next/static/chunks/node_modules_%40sentry_core_build_esm_1q_qjqh._.js:10515
[105558353ms] [LOG] [Fast Refresh] done in 126ms @ http://localhost:3000/_next/static/chunks/node_modules_%40sentry_core_build_esm_1q_qjqh._.js:10515
[105558430ms] [ERROR] Failed to load resource: the server responded with a status of 404 (Not Found) @ http://localhost:3000/login?redirect=%2Fen%2Fabout&_rsc=qDh8EWPhWRGr9PEZ:0
[105558524ms] [ERROR] Failed to load resource: the server responded with a status of 404 (Not Found) @ http://localhost:3000/login?redirect=%2Fen%2Fabout:0
[105558571ms] [INFO] %cDownload the React DevTools for a better development experience: https://react.dev/link/react-devtools font-weight:bold @ http://localhost:3000/_next/static/chunks/node_modules_%40sentry_core_build_esm_1q_qjqh._.js:10515
[105558587ms] [LOG] [HMR] connected @ http://localhost:3000/_next/static/chunks/node_modules_%40sentry_core_build_esm_1q_qjqh._.js:10515
[105558654ms] [ERROR] Failed to load resource: the server responded with a status of 404 (Not Found) @ http://localhost:3000/login?redirect=%2Fen%2Fabout:0
[105558795ms] [LOG] [UserStoreProvider] Auth event: INITIAL_SESSION @ http://localhost:3000/_next/static/chunks/node_modules_%40sentry_core_build_esm_1q_qjqh._.js:10515
[105559397ms] [ERROR] Failed to load resource: the server responded with a status of 403 () @ https://os.impakers.club/api/external/telemetry/auth:0
[105559716ms] [ERROR] Failed to load resource: the server responded with a status of 403 () @ https://os.impakers.club/api/external/telemetry/auth:0
[105562181ms] [ERROR] Failed to load resource: the server responded with a status of 403 () @ https://os.impakers.club/api/external/telemetry/auth:0
[105572502ms] [LOG] [Fast Refresh] rebuilding @ http://localhost:3000/_next/static/chunks/node_modules_%40sentry_core_build_esm_1q_qjqh._.js:10515
[105572540ms] [LOG] [Fast Refresh] done in 140ms @ http://localhost:3000/_next/static/chunks/node_modules_%40sentry_core_build_esm_1q_qjqh._.js:10515
[105580635ms] [LOG] [Fast Refresh] rebuilding @ http://localhost:3000/_next/static/chunks/node_modules_%40sentry_core_build_esm_1q_qjqh._.js:10515
[105580695ms] [LOG] [Fast Refresh] done in 145ms @ http://localhost:3000/_next/static/chunks/node_modules_%40sentry_core_build_esm_1q_qjqh._.js:10515
[105590545ms] [LOG] [Fast Refresh] rebuilding @ http://localhost:3000/_next/static/chunks/node_modules_%40sentry_core_build_esm_1q_qjqh._.js:10515
[105590642ms] [LOG] [Fast Refresh] done in 121ms @ http://localhost:3000/_next/static/chunks/node_modules_%40sentry_core_build_esm_1q_qjqh._.js:10515
[105590879ms] [LOG] [Fast Refresh] rebuilding @ http://localhost:3000/_next/static/chunks/node_modules_%40sentry_core_build_esm_1q_qjqh._.js:10515
[105590900ms] [LOG] [Fast Refresh] done in 123ms @ http://localhost:3000/_next/static/chunks/node_modules_%40sentry_core_build_esm_1q_qjqh._.js:10515
[105600141ms] [LOG] [Fast Refresh] rebuilding @ http://localhost:3000/_next/static/chunks/node_modules_%40sentry_core_build_esm_1q_qjqh._.js:10515
[105600195ms] [LOG] [Fast Refresh] done in 112ms @ http://localhost:3000/_next/static/chunks/node_modules_%40sentry_core_build_esm_1q_qjqh._.js:10515
[105619947ms] [ERROR] Failed to load resource: the server responded with a status of 403 () @ https://os.impakers.club/api/external/telemetry/auth:0
[105653870ms] [LOG] [Fast Refresh] rebuilding @ http://localhost:3000/_next/static/chunks/node_modules_%40sentry_core_build_esm_1q_qjqh._.js:10515
[105653975ms] [LOG] [Fast Refresh] done in 208ms @ http://localhost:3000/_next/static/chunks/node_modules_%40sentry_core_build_esm_1q_qjqh._.js:10515
[105655167ms] [LOG] [Fast Refresh] rebuilding @ http://localhost:3000/_next/static/chunks/node_modules_%40sentry_core_build_esm_1q_qjqh._.js:10515
[105655180ms] [LOG] [Fast Refresh] done in 115ms @ http://localhost:3000/_next/static/chunks/node_modules_%40sentry_core_build_esm_1q_qjqh._.js:10515
[105656271ms] [LOG] [Fast Refresh] rebuilding @ http://localhost:3000/_next/static/chunks/node_modules_%40sentry_core_build_esm_1q_qjqh._.js:10515
[105656284ms] [LOG] [Fast Refresh] done in 114ms @ http://localhost:3000/_next/static/chunks/node_modules_%40sentry_core_build_esm_1q_qjqh._.js:10515
[105656544ms] [LOG] [Fast Refresh] rebuilding @ http://localhost:3000/_next/static/chunks/node_modules_%40sentry_core_build_esm_1q_qjqh._.js:10515
[105656569ms] [LOG] [Fast Refresh] done in 126ms @ http://localhost:3000/_next/static/chunks/node_modules_%40sentry_core_build_esm_1q_qjqh._.js:10515
[105680546ms] [ERROR] Failed to load resource: the server responded with a status of 403 () @ https://os.impakers.club/api/external/telemetry/auth:0
[105731904ms] [LOG] [Fast Refresh] rebuilding @ http://localhost:3000/_next/static/chunks/node_modules_%40sentry_core_build_esm_1q_qjqh._.js:10515
[105732111ms] [LOG] [Fast Refresh] done in 310ms @ http://localhost:3000/_next/static/chunks/node_modules_%40sentry_core_build_esm_1q_qjqh._.js:10515
[105739337ms] [ERROR] Failed to load resource: the server responded with a status of 403 () @ https://os.impakers.club/api/external/telemetry/auth:0
[105799468ms] [ERROR] Failed to load resource: the server responded with a status of 403 () @ https://os.impakers.club/api/external/telemetry/auth:0
[105859351ms] [ERROR] Failed to load resource: the server responded with a status of 403 () @ https://os.impakers.club/api/external/telemetry/auth:0
[105902393ms] [LOG] [Fast Refresh] rebuilding @ http://localhost:3000/_next/static/chunks/node_modules_%40sentry_core_build_esm_1q_qjqh._.js:10515
[105902437ms] [LOG] [Fast Refresh] done in 122ms @ http://localhost:3000/_next/static/chunks/node_modules_%40sentry_core_build_esm_1q_qjqh._.js:10515
[105912393ms] [LOG] [Fast Refresh] rebuilding @ http://localhost:3000/_next/static/chunks/node_modules_%40sentry_core_build_esm_1q_qjqh._.js:10515
[105912715ms] [LOG] [Fast Refresh] done in 349ms @ http://localhost:3000/_next/static/chunks/node_modules_%40sentry_core_build_esm_1q_qjqh._.js:10515
[105912822ms] [LOG] [Fast Refresh] rebuilding @ http://localhost:3000/_next/static/chunks/node_modules_%40sentry_core_build_esm_1q_qjqh._.js:10515
[105912897ms] [LOG] [Fast Refresh] done in 175ms @ http://localhost:3000/_next/static/chunks/node_modules_%40sentry_core_build_esm_1q_qjqh._.js:10515
[105912935ms] [ERROR] Failed to load resource: the server responded with a status of 404 (Not Found) @ http://localhost:3000/login?redirect=%2Fen%2Fabout&_rsc=qDh8EWPhWRGr9PEZ:0
[105912977ms] [ERROR] Failed to load resource: the server responded with a status of 404 (Not Found) @ http://localhost:3000/login?redirect=%2Fen%2Fabout&_rsc=qDh8EWPhWRGr9PEZ:0
[105913066ms] [LOG] [Fast Refresh] rebuilding @ http://localhost:3000/_next/static/chunks/node_modules_%40sentry_core_build_esm_1q_qjqh._.js:10515
[105913173ms] [LOG] [Fast Refresh] done in 207ms @ http://localhost:3000/_next/static/chunks/node_modules_%40sentry_core_build_esm_1q_qjqh._.js:10515
[105913183ms] [ERROR] Failed to load resource: the server responded with a status of 404 (Not Found) @ http://localhost:3000/login?redirect=%2Fen%2Fabout:0
[105913262ms] [INFO] %cDownload the React DevTools for a better development experience: https://react.dev/link/react-devtools font-weight:bold @ http://localhost:3000/_next/static/chunks/node_modules_%40sentry_core_build_esm_1q_qjqh._.js:10515
[105913280ms] [LOG] [HMR] connected @ http://localhost:3000/_next/static/chunks/node_modules_%40sentry_core_build_esm_1q_qjqh._.js:10515
[105913519ms] [ERROR] Failed to load resource: the server responded with a status of 404 (Not Found) @ http://localhost:3000/login?redirect=%2Fen%2Fabout:0
[105913571ms] [LOG] [UserStoreProvider] Auth event: INITIAL_SESSION @ http://localhost:3000/_next/static/chunks/node_modules_%40sentry_core_build_esm_1q_qjqh._.js:10515
[105914196ms] [ERROR] Failed to load resource: the server responded with a status of 403 () @ https://os.impakers.club/api/external/telemetry/auth:0
[105914271ms] [ERROR] Failed to load resource: the server responded with a status of 403 () @ https://os.impakers.club/api/external/telemetry/auth:0
[105916654ms] [ERROR] Failed to load resource: the server responded with a status of 403 () @ https://os.impakers.club/api/external/telemetry/auth:0
[105917481ms] [LOG] [Fast Refresh] rebuilding @ http://localhost:3000/_next/static/chunks/node_modules_%40sentry_core_build_esm_1q_qjqh._.js:10515
[105917514ms] [LOG] [Fast Refresh] done in 135ms @ http://localhost:3000/_next/static/chunks/node_modules_%40sentry_core_build_esm_1q_qjqh._.js:10515
[105923770ms] [LOG] [Fast Refresh] rebuilding @ http://localhost:3000/_next/static/chunks/node_modules_%40sentry_core_build_esm_1q_qjqh._.js:10515
[105923794ms] [LOG] [Fast Refresh] done in 100ms @ http://localhost:3000/_next/static/chunks/node_modules_%40sentry_core_build_esm_1q_qjqh._.js:10515
[105943286ms] [LOG] [Fast Refresh] rebuilding @ http://localhost:3000/_next/static/chunks/node_modules_%40sentry_core_build_esm_1q_qjqh._.js:10515
[105943351ms] [LOG] [Fast Refresh] done in 142ms @ http://localhost:3000/_next/static/chunks/node_modules_%40sentry_core_build_esm_1q_qjqh._.js:10515
[105951238ms] [LOG] [Fast Refresh] rebuilding @ http://localhost:3000/_next/static/chunks/node_modules_%40sentry_core_build_esm_1q_qjqh._.js:10515
[105951283ms] [LOG] [Fast Refresh] done in 123ms @ http://localhost:3000/_next/static/chunks/node_modules_%40sentry_core_build_esm_1q_qjqh._.js:10515
[105974002ms] [ERROR] Failed to load resource: the server responded with a status of 403 () @ https://os.impakers.club/api/external/telemetry/auth:0
[106034049ms] [ERROR] Failed to load resource: the server responded with a status of 403 () @ https://os.impakers.club/api/external/telemetry/auth:0
[106094103ms] [ERROR] Failed to load resource: the server responded with a status of 403 () @ https://os.impakers.club/api/external/telemetry/auth:0
[106154245ms] [ERROR] Failed to load resource: the server responded with a status of 403 () @ https://os.impakers.club/api/external/telemetry/auth:0
[106215079ms] [ERROR] Failed to load resource: the server responded with a status of 403 () @ https://os.impakers.club/api/external/telemetry/auth:0
[106235572ms] [LOG] [Fast Refresh] rebuilding @ http://localhost:3000/_next/static/chunks/node_modules_%40sentry_core_build_esm_1q_qjqh._.js:10515
[106235624ms] [LOG] [Fast Refresh] done in 154ms @ http://localhost:3000/_next/static/chunks/node_modules_%40sentry_core_build_esm_1q_qjqh._.js:10515
[106249838ms] [LOG] [Fast Refresh] rebuilding @ http://localhost:3000/_next/static/chunks/node_modules_%40sentry_core_build_esm_1q_qjqh._.js:10515
[106249868ms] [LOG] [Fast Refresh] done in 99ms @ http://localhost:3000/_next/static/chunks/node_modules_%40sentry_core_build_esm_1q_qjqh._.js:10515
[106265343ms] [LOG] [Fast Refresh] rebuilding @ http://localhost:3000/_next/static/chunks/node_modules_%40sentry_core_build_esm_1q_qjqh._.js:10515
[106265519ms] [LOG] [Fast Refresh] done in 225ms @ http://localhost:3000/_next/static/chunks/node_modules_%40sentry_core_build_esm_1q_qjqh._.js:10515
[106274050ms] [ERROR] Failed to load resource: the server responded with a status of 403 () @ https://os.impakers.club/api/external/telemetry/auth:0
[106288500ms] [LOG] [Fast Refresh] rebuilding @ http://localhost:3000/_next/static/chunks/node_modules_%40sentry_core_build_esm_1q_qjqh._.js:10515
[106288593ms] [LOG] [Fast Refresh] done in 195ms @ http://localhost:3000/_next/static/chunks/node_modules_%40sentry_core_build_esm_1q_qjqh._.js:10515
[106289720ms] [LOG] [Fast Refresh] rebuilding @ http://localhost:3000/_next/static/chunks/node_modules_%40sentry_core_build_esm_1q_qjqh._.js:10515
[106289810ms] [LOG] [Fast Refresh] done in 120ms @ http://localhost:3000/_next/static/chunks/node_modules_%40sentry_core_build_esm_1q_qjqh._.js:10515
[106333995ms] [ERROR] Failed to load resource: the server responded with a status of 403 () @ https://os.impakers.club/api/external/telemetry/auth:0
[106342806ms] [LOG] [Fast Refresh] rebuilding @ http://localhost:3000/_next/static/chunks/node_modules_%40sentry_core_build_esm_1q_qjqh._.js:10515
[106343049ms] [LOG] [Fast Refresh] done in 328ms @ http://localhost:3000/_next/static/chunks/node_modules_%40sentry_core_build_esm_1q_qjqh._.js:10515
[106353953ms] [LOG] [Fast Refresh] rebuilding @ http://localhost:3000/_next/static/chunks/node_modules_%40sentry_core_build_esm_1q_qjqh._.js:10515
[106354497ms] [LOG] [Fast Refresh] done in 630ms @ http://localhost:3000/_next/static/chunks/node_modules_%40sentry_core_build_esm_1q_qjqh._.js:10515
[106363203ms] [LOG] [Fast Refresh] rebuilding @ http://localhost:3000/_next/static/chunks/node_modules_%40sentry_core_build_esm_1q_qjqh._.js:10515
[106363757ms] [LOG] [Fast Refresh] done in 645ms @ http://localhost:3000/_next/static/chunks/node_modules_%40sentry_core_build_esm_1q_qjqh._.js:10515
[106369379ms] [LOG] [Fast Refresh] rebuilding @ http://localhost:3000/_next/static/chunks/node_modules_%40sentry_core_build_esm_1q_qjqh._.js:10515
[106369821ms] [LOG] [Fast Refresh] done in 526ms @ http://localhost:3000/_next/static/chunks/node_modules_%40sentry_core_build_esm_1q_qjqh._.js:10515
[106384225ms] [LOG] [Fast Refresh] rebuilding @ http://localhost:3000/_next/static/chunks/node_modules_%40sentry_core_build_esm_1q_qjqh._.js:10515
[106384758ms] [LOG] [Fast Refresh] done in 623ms @ http://localhost:3000/_next/static/chunks/node_modules_%40sentry_core_build_esm_1q_qjqh._.js:10515
[106394741ms] [ERROR] Failed to load resource: the server responded with a status of 403 () @ https://os.impakers.club/api/external/telemetry/auth:0
[106395377ms] [LOG] [Fast Refresh] rebuilding @ http://localhost:3000/_next/static/chunks/node_modules_%40sentry_core_build_esm_1q_qjqh._.js:10515
[106395911ms] [LOG] [Fast Refresh] done in 621ms @ http://localhost:3000/_next/static/chunks/node_modules_%40sentry_core_build_esm_1q_qjqh._.js:10515
[106413236ms] [LOG] [Fast Refresh] rebuilding @ http://localhost:3000/_next/static/chunks/node_modules_%40sentry_core_build_esm_1q_qjqh._.js:10515
[106413924ms] [LOG] [Fast Refresh] done in 728ms @ http://localhost:3000/_next/static/chunks/node_modules_%40sentry_core_build_esm_1q_qjqh._.js:10515
[106414034ms] [LOG] [Fast Refresh] rebuilding @ http://localhost:3000/_next/static/chunks/node_modules_%40sentry_core_build_esm_1q_qjqh._.js:10515
[106414105ms] [LOG] [Fast Refresh] done in 172ms @ http://localhost:3000/_next/static/chunks/node_modules_%40sentry_core_build_esm_1q_qjqh._.js:10515
[106414227ms] [ERROR] Failed to load resource: the server responded with a status of 404 (Not Found) @ http://localhost:3000/login?redirect=%2Fen%2Fabout&_rsc=qDh8EWPhWRGr9PEZ:0
[106414356ms] [ERROR] Failed to load resource: the server responded with a status of 404 (Not Found) @ http://localhost:3000/login?redirect=%2Fen%2Fabout&_rsc=qDh8EWPhWRGr9PEZ:0
[106414433ms] [LOG] [Fast Refresh] rebuilding @ http://localhost:3000/_next/static/chunks/node_modules_%40sentry_core_build_esm_1q_qjqh._.js:10515
[106414443ms] [LOG] [Fast Refresh] done in 111ms @ http://localhost:3000/_next/static/chunks/node_modules_%40sentry_core_build_esm_1q_qjqh._.js:10515
[106414638ms] [ERROR] Failed to load resource: the server responded with a status of 404 (Not Found) @ http://localhost:3000/login?redirect=%2Fen%2Fabout:0
[106414720ms] [LOG] [Client Instrumentation Hook] Slow execution detected: 16ms (Note: Code download overhead is not included in this measurement) @ http://localhost:3000/_next/static/chunks/node_modules_%40sentry_core_build_esm_1q_qjqh._.js:10515
[106414722ms] [INFO] %cDownload the React DevTools for a better development experience: https://react.dev/link/react-devtools font-weight:bold @ http://localhost:3000/_next/static/chunks/node_modules_%40sentry_core_build_esm_1q_qjqh._.js:10515
[106414772ms] [LOG] [HMR] connected @ http://localhost:3000/_next/static/chunks/node_modules_%40sentry_core_build_esm_1q_qjqh._.js:10515
[106414852ms] [ERROR] Failed to load resource: the server responded with a status of 404 (Not Found) @ http://localhost:3000/login?redirect=%2Fen%2Fabout:0
[106414885ms] [LOG] [UserStoreProvider] Auth event: INITIAL_SESSION @ http://localhost:3000/_next/static/chunks/node_modules_%40sentry_core_build_esm_1q_qjqh._.js:10515
[106415470ms] [ERROR] Failed to load resource: the server responded with a status of 403 () @ https://os.impakers.club/api/external/telemetry/auth:0
[106415489ms] [ERROR] Failed to load resource: the server responded with a status of 403 () @ https://os.impakers.club/api/external/telemetry/auth:0
[106418145ms] [ERROR] Failed to load resource: the server responded with a status of 403 () @ https://os.impakers.club/api/external/telemetry/auth:0
[106420426ms] [LOG] [Fast Refresh] rebuilding @ http://localhost:3000/_next/static/chunks/node_modules_%40sentry_core_build_esm_1q_qjqh._.js:10515
[106420842ms] [LOG] [Fast Refresh] done in 506ms @ http://localhost:3000/_next/static/chunks/node_modules_%40sentry_core_build_esm_1q_qjqh._.js:10515
[106475488ms] [ERROR] Failed to load resource: the server responded with a status of 403 () @ https://os.impakers.club/api/external/telemetry/auth:0
[106489799ms] [LOG] [Fast Refresh] rebuilding @ http://localhost:3000/_next/static/chunks/node_modules_%40sentry_core_build_esm_1q_qjqh._.js:10515
[106489853ms] [ERROR] ./app/center/material-orders/returns/page.tsx:1199:19
Expected '</', got 'jsx text'
  1197 |               </div>
  1198 |             )}
> 1199 |         </section>
       |                   ^^^^^^^^^^^^^^^^^^^^^^^^^^^^^^^^^^^^^^^^^^^^^^^^^^^^^^^^^^^^^^^^^^^^^^^^^^^^^^^^^^^^^^^^^^^^^^^^^^^^^^^^^^^^^^^^^^^^^^^^^^^^^^^^^^^^^^^^^^^^^^^^^^^^^^^^^^^^^^^^^^^^^^^^^^^^^^^^^^^
> 1200 |
       | ^
> 1201 |       </PageContainer>
       | ^^^^^^
  1202 |
  1203 |       {/* 배송 완료 확인 다이얼로그 */}
  1204 |       <Dialog

Parsing ecmascript source code failed

Generated code of loaders [next/dist/build/babel/loader] transform of file content of app/center/material-orders/returns/page.tsx:
./app/center/material-orders/returns/page.tsx:1199:19
  1197 |               </div>
  1198 |             )}
> 1199 |         </section>
       |                   ^^^^^^^^^^^^^^^^^^^^^^^^^^^^^^^^^^^^^^^^^^^^^^^^^^^^^^^^^^^^^^^^^^^^^^^^^^^^^^^^^^^^^^^^^^^^^^^^^^^^^^^^^^^^^^^^^^^^^^^^^^^^^^^^^^^^^^^^^^^^^^^^^^^^^^^^^^^^^^^^^^^^^^^^^^^^^^^^^^^
> 1200 |
       | ^
> 1201 |       </PageContainer>
       | ^^^^^^
  1202 |
  1203 |       {/* 배송 완료 확인 다이얼로그 */}
  1204 |       <Dialog

Import traces:
  Client Component Browser:
    ./app/center/material-orders/returns/page.tsx [Client Component Browser]
    ./app/center/material-orders/returns/page.tsx [Server Component]

  Client Component SSR:
    ./app/center/material-orders/returns/page.tsx [Client Component SSR]
    ./app/center/material-orders/returns/page.tsx [Server Component] @ http://localhost:3000/_next/static/chunks/node_modules_%40sentry_core_build_esm_1q_qjqh._.js:10515
[106525017ms] [LOG] [Fast Refresh] rebuilding @ http://localhost:3000/_next/static/chunks/node_modules_%40sentry_core_build_esm_1q_qjqh._.js:10515
[106525677ms] [LOG] [Fast Refresh] done in 756ms @ http://localhost:3000/_next/static/chunks/node_modules_%40sentry_core_build_esm_1q_qjqh._.js:10515
[106525855ms] [LOG] [Fast Refresh] rebuilding @ http://localhost:3000/_next/static/chunks/node_modules_%40sentry_core_build_esm_1q_qjqh._.js:10515
[106525979ms] [LOG] [Fast Refresh] done in 226ms @ http://localhost:3000/_next/static/chunks/node_modules_%40sentry_core_build_esm_1q_qjqh._.js:10515
[106526013ms] [ERROR] Failed to load resource: the server responded with a status of 404 (Not Found) @ http://localhost:3000/login?redirect=%2Fen%2Fabout&_rsc=qDh8EWPhWRGr9PEZ:0
[106526125ms] [ERROR] Failed to load resource: the server responded with a status of 404 (Not Found) @ http://localhost:3000/login?redirect=%2Fen%2Fabout&_rsc=qDh8EWPhWRGr9PEZ:0
[106526196ms] [LOG] [Fast Refresh] rebuilding @ http://localhost:3000/_next/static/chunks/node_modules_%40sentry_core_build_esm_1q_qjqh._.js:10515
[106526331ms] [LOG] [Fast Refresh] done in 235ms @ http://localhost:3000/_next/static/chunks/node_modules_%40sentry_core_build_esm_1q_qjqh._.js:10515
[106526363ms] [ERROR] Failed to load resource: the server responded with a status of 404 (Not Found) @ http://localhost:3000/login?redirect=%2Fen%2Fabout:0
[106526582ms] [INFO] %cDownload the React DevTools for a better development experience: https://react.dev/link/react-devtools font-weight:bold @ http://localhost:3000/_next/static/chunks/node_modules_%40sentry_core_build_esm_1q_qjqh._.js:10515
[106526639ms] [LOG] [HMR] connected @ http://localhost:3000/_next/static/chunks/node_modules_%40sentry_core_build_esm_1q_qjqh._.js:10515
[106526752ms] [LOG] [UserStoreProvider] Auth event: INITIAL_SESSION @ http://localhost:3000/_next/static/chunks/node_modules_%40sentry_core_build_esm_1q_qjqh._.js:10515
[106526824ms] [ERROR] Failed to load resource: the server responded with a status of 404 (Not Found) @ http://localhost:3000/login?redirect=%2Fen%2Fabout:0
[106527166ms] [ERROR] Failed to load resource: the server responded with a status of 403 () @ https://os.impakers.club/api/external/telemetry/auth:0
[106527321ms] [ERROR] Failed to load resource: the server responded with a status of 403 () @ https://os.impakers.club/api/external/telemetry/auth:0
[106530373ms] [ERROR] Failed to load resource: the server responded with a status of 403 () @ https://os.impakers.club/api/external/telemetry/auth:0
[106539952ms] [LOG] [Fast Refresh] rebuilding @ http://localhost:3000/_next/static/chunks/node_modules_%40sentry_core_build_esm_1q_qjqh._.js:10515
[106540636ms] [LOG] [Fast Refresh] done in 781ms @ http://localhost:3000/_next/static/chunks/node_modules_%40sentry_core_build_esm_1q_qjqh._.js:10515
[106587657ms] [ERROR] Failed to load resource: the server responded with a status of 403 () @ https://os.impakers.club/api/external/telemetry/auth:0
[106647778ms] [ERROR] Failed to load resource: the server responded with a status of 403 () @ https://os.impakers.club/api/external/telemetry/auth:0
[106707425ms] [ERROR] Failed to load resource: the server responded with a status of 403 () @ https://os.impakers.club/api/external/telemetry/auth:0
[106767421ms] [ERROR] Failed to load resource: the server responded with a status of 403 () @ https://os.impakers.club/api/external/telemetry/auth:0
[106810194ms] [LOG] [Fast Refresh] rebuilding @ http://localhost:3000/_next/static/chunks/node_modules_%40sentry_core_build_esm_1q_qjqh._.js:10515
[106815030ms] [LOG] [Fast Refresh] done in 4937ms @ http://localhost:3000/_next/static/chunks/node_modules_%40sentry_core_build_esm_1q_qjqh._.js:10515
[106815652ms] [LOG] [Fast Refresh] rebuilding @ http://localhost:3000/_next/static/chunks/node_modules_%40sentry_core_build_esm_1q_qjqh._.js:10515
[106815680ms] [LOG] [Fast Refresh] done in 128ms @ http://localhost:3000/_next/static/chunks/node_modules_%40sentry_core_build_esm_1q_qjqh._.js:10515
[106827552ms] [ERROR] Failed to load resource: the server responded with a status of 403 () @ https://os.impakers.club/api/external/telemetry/auth:0
[106871394ms] [LOG] [Fast Refresh] rebuilding @ http://localhost:3000/_next/static/chunks/node_modules_%40sentry_core_build_esm_1q_qjqh._.js:10515
[106871546ms] [LOG] [Fast Refresh] done in 229ms @ http://localhost:3000/_next/static/chunks/node_modules_%40sentry_core_build_esm_1q_qjqh._.js:10515
[106871624ms] [ERROR] Failed to load resource: the server responded with a status of 404 (Not Found) @ http://localhost:3000/login?redirect=%2Fen%2Fabout&_rsc=qDh8EWPhWRGr9PEZ:0
[106871763ms] [ERROR] Failed to load resource: the server responded with a status of 404 (Not Found) @ http://localhost:3000/login?redirect=%2Fen%2Fabout:0
[106871841ms] [INFO] %cDownload the React DevTools for a better development experience: https://react.dev/link/react-devtools font-weight:bold @ http://localhost:3000/_next/static/chunks/node_modules_%40sentry_core_build_esm_1q_qjqh._.js:10515
[106871856ms] [LOG] [HMR] connected @ http://localhost:3000/_next/static/chunks/node_modules_%40sentry_core_build_esm_1q_qjqh._.js:10515
[106871908ms] [ERROR] Failed to load resource: the server responded with a status of 404 (Not Found) @ http://localhost:3000/login?redirect=%2Fen%2Fabout:0
[106872068ms] [LOG] [UserStoreProvider] Auth event: INITIAL_SESSION @ http://localhost:3000/_next/static/chunks/node_modules_%40sentry_core_build_esm_1q_qjqh._.js:10515
[106872942ms] [ERROR] Failed to load resource: the server responded with a status of 403 () @ https://os.impakers.club/api/external/telemetry/auth:0
[106873168ms] [ERROR] Failed to load resource: the server responded with a status of 403 () @ https://os.impakers.club/api/external/telemetry/auth:0
[106874467ms] [ERROR] WebSocket connection to 'ws://localhost:3000/_next/webpack-hmr?id=DcIafx218cEtKLgfV20i5' failed: Error in connection establishment: net::ERR_CONNECTION_REFUSED @ http://localhost:3000/_next/static/chunks/node_modules_next_dist_client_1um1_-a._.js:14623
[106875374ms] [ERROR] Failed to load resource: the server responded with a status of 403 () @ https://os.impakers.club/api/external/telemetry/auth:0
[106875469ms] [ERROR] WebSocket connection to 'ws://localhost:3000/_next/webpack-hmr?id=DcIafx218cEtKLgfV20i5' failed: Error in connection establishment: net::ERR_CONNECTION_REFUSED @ http://localhost:3000/_next/static/chunks/node_modules_next_dist_client_1um1_-a._.js:14623
[106876471ms] [ERROR] WebSocket connection to 'ws://localhost:3000/_next/webpack-hmr?id=DcIafx218cEtKLgfV20i5' failed: Error in connection establishment: net::ERR_CONNECTION_REFUSED @ http://localhost:3000/_next/static/chunks/node_modules_next_dist_client_1um1_-a._.js:14623
[106877473ms] [ERROR] WebSocket connection to 'ws://localhost:3000/_next/webpack-hmr?id=DcIafx218cEtKLgfV20i5' failed: Error in connection establishment: net::ERR_CONNECTION_REFUSED @ http://localhost:3000/_next/static/chunks/node_modules_next_dist_client_1um1_-a._.js:14623
[106878475ms] [ERROR] WebSocket connection to 'ws://localhost:3000/_next/webpack-hmr?id=DcIafx218cEtKLgfV20i5' failed: Error in connection establishment: net::ERR_CONNECTION_REFUSED @ http://localhost:3000/_next/static/chunks/node_modules_next_dist_client_1um1_-a._.js:14623
[106883478ms] [ERROR] WebSocket connection to 'ws://localhost:3000/_next/webpack-hmr?id=DcIafx218cEtKLgfV20i5' failed: Error in connection establishment: net::ERR_CONNECTION_REFUSED @ http://localhost:3000/_next/static/chunks/node_modules_next_dist_client_1um1_-a._.js:14623
[106888479ms] [ERROR] WebSocket connection to 'ws://localhost:3000/_next/webpack-hmr?id=DcIafx218cEtKLgfV20i5' failed: Error in connection establishment: net::ERR_CONNECTION_REFUSED @ http://localhost:3000/_next/static/chunks/node_modules_next_dist_client_1um1_-a._.js:14623
[106893483ms] [ERROR] WebSocket connection to 'ws://localhost:3000/_next/webpack-hmr?id=DcIafx218cEtKLgfV20i5' failed: Error in connection establishment: net::ERR_CONNECTION_REFUSED @ http://localhost:3000/_next/static/chunks/node_modules_next_dist_client_1um1_-a._.js:14623
[106898487ms] [ERROR] WebSocket connection to 'ws://localhost:3000/_next/webpack-hmr?id=DcIafx218cEtKLgfV20i5' failed: Error in connection establishment: net::ERR_CONNECTION_REFUSED @ http://localhost:3000/_next/static/chunks/node_modules_next_dist_client_1um1_-a._.js:14623
[106903490ms] [ERROR] WebSocket connection to 'ws://localhost:3000/_next/webpack-hmr?id=DcIafx218cEtKLgfV20i5' failed: Error in connection establishment: net::ERR_CONNECTION_REFUSED @ http://localhost:3000/_next/static/chunks/node_modules_next_dist_client_1um1_-a._.js:14623
[106908494ms] [ERROR] WebSocket connection to 'ws://localhost:3000/_next/webpack-hmr?id=DcIafx218cEtKLgfV20i5' failed: Error in connection establishment: net::ERR_CONNECTION_REFUSED @ http://localhost:3000/_next/static/chunks/node_modules_next_dist_client_1um1_-a._.js:14623
[106913499ms] [ERROR] WebSocket connection to 'ws://localhost:3000/_next/webpack-hmr?id=DcIafx218cEtKLgfV20i5' failed: Error in connection establishment: net::ERR_CONNECTION_REFUSED @ http://localhost:3000/_next/static/chunks/node_modules_next_dist_client_1um1_-a._.js:14623
[107009776ms] [ERROR] Failed to load resource: the server responded with a status of 404 (Not Found) @ http://localhost:3000/login?redirect=%2Fen%2Fabout:0
[107009872ms] [LOG] [Client Instrumentation Hook] Slow execution detected: 22ms (Note: Code download overhead is not included in this measurement) @ http://localhost:3000/_next/static/chunks/node_modules_%40sentry_core_build_esm_1q_qjqh._.js:10515
[107009883ms] [INFO] %cDownload the React DevTools for a better development experience: https://react.dev/link/react-devtools font-weight:bold @ http://localhost:3000/_next/static/chunks/node_modules_%40sentry_core_build_esm_1q_qjqh._.js:10515
[107009925ms] [LOG] [HMR] connected @ http://localhost:3000/_next/static/chunks/node_modules_%40sentry_core_build_esm_1q_qjqh._.js:10515
[107009989ms] [ERROR] Failed to load resource: the server responded with a status of 404 (Not Found) @ http://localhost:3000/login?redirect=%2Fen%2Fabout:0
[107010162ms] [LOG] [UserStoreProvider] Auth event: INITIAL_SESSION @ http://localhost:3000/_next/static/chunks/node_modules_%40sentry_core_build_esm_1q_qjqh._.js:10515
[107010623ms] [ERROR] Failed to load resource: the server responded with a status of 403 () @ https://os.impakers.club/api/external/telemetry/auth:0
[107010659ms] [ERROR] Failed to load resource: the server responded with a status of 403 () @ https://os.impakers.club/api/external/telemetry/auth:0
[107013437ms] [ERROR] Failed to load resource: the server responded with a status of 403 () @ https://os.impakers.club/api/external/telemetry/auth:0
[107056323ms] [LOG] [Fast Refresh] rebuilding @ http://localhost:3000/_next/static/chunks/node_modules_%40sentry_core_build_esm_1q_qjqh._.js:10515
[107056836ms] [LOG] [Fast Refresh] done in 615ms @ http://localhost:3000/_next/static/chunks/node_modules_%40sentry_core_build_esm_1q_qjqh._.js:10515
[107065054ms] [LOG] [Fast Refresh] rebuilding @ http://localhost:3000/_next/static/chunks/node_modules_%40sentry_core_build_esm_1q_qjqh._.js:10515
[107065082ms] [LOG] [Fast Refresh] done in 129ms @ http://localhost:3000/_next/static/chunks/node_modules_%40sentry_core_build_esm_1q_qjqh._.js:10515
[107070663ms] [ERROR] Failed to load resource: the server responded with a status of 403 () @ https://os.impakers.club/api/external/telemetry/auth:0
[107076163ms] [LOG] [Fast Refresh] rebuilding @ http://localhost:3000/_next/static/chunks/node_modules_%40sentry_core_build_esm_1q_qjqh._.js:10515
[107076174ms] [LOG] [Fast Refresh] done in 113ms @ http://localhost:3000/_next/static/chunks/node_modules_%40sentry_core_build_esm_1q_qjqh._.js:10515
[107100987ms] [LOG] [Fast Refresh] rebuilding @ http://localhost:3000/_next/static/chunks/node_modules_%40sentry_core_build_esm_1q_qjqh._.js:10515
[107103287ms] [LOG] [Fast Refresh] done in 2401ms @ http://localhost:3000/_next/static/chunks/node_modules_%40sentry_core_build_esm_1q_qjqh._.js:10515
[107111988ms] [LOG] [Fast Refresh] rebuilding @ http://localhost:3000/_next/static/chunks/node_modules_%40sentry_core_build_esm_1q_qjqh._.js:10515
[107112832ms] [LOG] [Fast Refresh] done in 945ms @ http://localhost:3000/_next/static/chunks/node_modules_%40sentry_core_build_esm_1q_qjqh._.js:10515
[107131090ms] [ERROR] Failed to load resource: the server responded with a status of 403 () @ https://os.impakers.club/api/external/telemetry/auth:0
[107152805ms] [LOG] [Fast Refresh] rebuilding @ http://localhost:3000/_next/static/chunks/node_modules_%40sentry_core_build_esm_1q_qjqh._.js:10515
[107152948ms] [LOG] [Fast Refresh] done in 223ms @ http://localhost:3000/_next/static/chunks/node_modules_%40sentry_core_build_esm_1q_qjqh._.js:10515
[107162248ms] [LOG] [Fast Refresh] rebuilding @ http://localhost:3000/_next/static/chunks/node_modules_%40sentry_core_build_esm_1q_qjqh._.js:10515
[107162420ms] [LOG] [Fast Refresh] done in 205ms @ http://localhost:3000/_next/static/chunks/node_modules_%40sentry_core_build_esm_1q_qjqh._.js:10515
[107170043ms] [LOG] [Fast Refresh] rebuilding @ http://localhost:3000/_next/static/chunks/node_modules_%40sentry_core_build_esm_1q_qjqh._.js:10515
[107170126ms] [LOG] [Fast Refresh] done in 145ms @ http://localhost:3000/_next/static/chunks/node_modules_%40sentry_core_build_esm_1q_qjqh._.js:10515
[107190673ms] [ERROR] Failed to load resource: the server responded with a status of 403 () @ https://os.impakers.club/api/external/telemetry/auth:0
[107202917ms] [LOG] [Fast Refresh] rebuilding @ http://localhost:3000/_next/static/chunks/node_modules_%40sentry_core_build_esm_1q_qjqh._.js:10515
[107203186ms] [LOG] [Fast Refresh] done in 304ms @ http://localhost:3000/_next/static/chunks/node_modules_%40sentry_core_build_esm_1q_qjqh._.js:10515
[107203293ms] [LOG] [Fast Refresh] rebuilding @ http://localhost:3000/_next/static/chunks/node_modules_%40sentry_core_build_esm_1q_qjqh._.js:10515
[107203364ms] [LOG] [Fast Refresh] done in 172ms @ http://localhost:3000/_next/static/chunks/node_modules_%40sentry_core_build_esm_1q_qjqh._.js:10515
[107203650ms] [ERROR] Failed to load resource: the server responded with a status of 404 (Not Found) @ http://localhost:3000/login?redirect=%2Fen%2Fabout&_rsc=qDh8EWPhWRGr9PEZ:0
[107203741ms] [ERROR] Failed to load resource: the server responded with a status of 404 (Not Found) @ http://localhost:3000/login?redirect=%2Fen%2Fabout&_rsc=qDh8EWPhWRGr9PEZ:0
[107203776ms] [ERROR] Failed to load resource: the server responded with a status of 404 (Not Found) @ http://localhost:3000/login?redirect=%2Fen%2Fabout:0
[107203838ms] [INFO] %cDownload the React DevTools for a better development experience: https://react.dev/link/react-devtools font-weight:bold @ http://localhost:3000/_next/static/chunks/node_modules_%40sentry_core_build_esm_1q_qjqh._.js:10515
[107203856ms] [LOG] [HMR] connected @ http://localhost:3000/_next/static/chunks/node_modules_%40sentry_core_build_esm_1q_qjqh._.js:10515
[107204052ms] [ERROR] Failed to load resource: the server responded with a status of 404 (Not Found) @ http://localhost:3000/login?redirect=%2Fen%2Fabout:0
[107204096ms] [LOG] [UserStoreProvider] Auth event: INITIAL_SESSION @ http://localhost:3000/_next/static/chunks/node_modules_%40sentry_core_build_esm_1q_qjqh._.js:10515
[107204905ms] [ERROR] Failed to load resource: the server responded with a status of 403 () @ https://os.impakers.club/api/external/telemetry/auth:0
[107204948ms] [ERROR] Failed to load resource: the server responded with a status of 403 () @ https://os.impakers.club/api/external/telemetry/auth:0
[107208049ms] [ERROR] Failed to load resource: the server responded with a status of 403 () @ https://os.impakers.club/api/external/telemetry/auth:0
[107264856ms] [ERROR] Failed to load resource: the server responded with a status of 403 () @ https://os.impakers.club/api/external/telemetry/auth:0
[107324609ms] [ERROR] Failed to load resource: the server responded with a status of 403 () @ https://os.impakers.club/api/external/telemetry/auth:0
[107334473ms] [LOG] [Fast Refresh] rebuilding @ http://localhost:3000/_next/static/chunks/node_modules_%40sentry_core_build_esm_1q_qjqh._.js:10515
[107334510ms] [LOG] [Fast Refresh] done in 139ms @ http://localhost:3000/_next/static/chunks/node_modules_%40sentry_core_build_esm_1q_qjqh._.js:10515
[107349636ms] [LOG] [Fast Refresh] rebuilding @ http://localhost:3000/_next/static/chunks/node_modules_%40sentry_core_build_esm_1q_qjqh._.js:10515
[107349641ms] [LOG] [Fast Refresh] done in 106ms @ http://localhost:3000/_next/static/chunks/node_modules_%40sentry_core_build_esm_1q_qjqh._.js:10515
[107359384ms] [LOG] [Fast Refresh] rebuilding @ http://localhost:3000/_next/static/chunks/node_modules_%40sentry_core_build_esm_1q_qjqh._.js:10515
[107359394ms] [LOG] [Fast Refresh] done in 111ms @ http://localhost:3000/_next/static/chunks/node_modules_%40sentry_core_build_esm_1q_qjqh._.js:10515
[107366246ms] [LOG] [Fast Refresh] rebuilding @ http://localhost:3000/_next/static/chunks/node_modules_%40sentry_core_build_esm_1q_qjqh._.js:10515
[107366253ms] [LOG] [Fast Refresh] done in 108ms @ http://localhost:3000/_next/static/chunks/node_modules_%40sentry_core_build_esm_1q_qjqh._.js:10515
[107376479ms] [LOG] [Fast Refresh] rebuilding @ http://localhost:3000/_next/static/chunks/node_modules_%40sentry_core_build_esm_1q_qjqh._.js:10515
[107376489ms] [LOG] [Fast Refresh] done in 111ms @ http://localhost:3000/_next/static/chunks/node_modules_%40sentry_core_build_esm_1q_qjqh._.js:10515
[107382901ms] [LOG] [Fast Refresh] rebuilding @ http://localhost:3000/_next/static/chunks/node_modules_%40sentry_core_build_esm_1q_qjqh._.js:10515
[107382910ms] [LOG] [Fast Refresh] done in 112ms @ http://localhost:3000/_next/static/chunks/node_modules_%40sentry_core_build_esm_1q_qjqh._.js:10515
[107384622ms] [ERROR] Failed to load resource: the server responded with a status of 403 () @ https://os.impakers.club/api/external/telemetry/auth:0
[107444683ms] [ERROR] Failed to load resource: the server responded with a status of 403 () @ https://os.impakers.club/api/external/telemetry/auth:0
[107470663ms] [LOG] [Fast Refresh] rebuilding @ http://localhost:3000/_next/static/chunks/node_modules_%40sentry_core_build_esm_1q_qjqh._.js:10515
[107470704ms] [LOG] [Fast Refresh] done in 144ms @ http://localhost:3000/_next/static/chunks/node_modules_%40sentry_core_build_esm_1q_qjqh._.js:10515
[107497319ms] [LOG] [Fast Refresh] rebuilding @ http://localhost:3000/_next/static/chunks/node_modules_%40sentry_core_build_esm_1q_qjqh._.js:10515
[107497385ms] [LOG] [Fast Refresh] done in 167ms @ http://localhost:3000/_next/static/chunks/node_modules_%40sentry_core_build_esm_1q_qjqh._.js:10515
[107504549ms] [ERROR] Failed to load resource: the server responded with a status of 403 () @ https://os.impakers.club/api/external/telemetry/auth:0
[107507135ms] [LOG] [Fast Refresh] rebuilding @ http://localhost:3000/_next/static/chunks/node_modules_%40sentry_core_build_esm_1q_qjqh._.js:10515
[107507144ms] [LOG] [Fast Refresh] done in 111ms @ http://localhost:3000/_next/static/chunks/node_modules_%40sentry_core_build_esm_1q_qjqh._.js:10515
[107514780ms] [LOG] [Fast Refresh] rebuilding @ http://localhost:3000/_next/static/chunks/node_modules_%40sentry_core_build_esm_1q_qjqh._.js:10515
[107516274ms] [LOG] [Fast Refresh] done in 1596ms @ http://localhost:3000/_next/static/chunks/node_modules_%40sentry_core_build_esm_1q_qjqh._.js:10515
[107518899ms] [LOG] [Fast Refresh] rebuilding @ http://localhost:3000/_next/static/chunks/node_modules_%40sentry_core_build_esm_1q_qjqh._.js:10515
[107518953ms] [LOG] [Fast Refresh] done in 132ms @ http://localhost:3000/_next/static/chunks/node_modules_%40sentry_core_build_esm_1q_qjqh._.js:10515
[107524870ms] [LOG] [Fast Refresh] rebuilding @ http://localhost:3000/_next/static/chunks/node_modules_%40sentry_core_build_esm_1q_qjqh._.js:10515
[107524895ms] [LOG] [Fast Refresh] done in 88ms @ http://localhost:3000/_next/static/chunks/node_modules_%40sentry_core_build_esm_1q_qjqh._.js:10515
[107534225ms] [LOG] [Fast Refresh] rebuilding @ http://localhost:3000/_next/static/chunks/node_modules_%40sentry_core_build_esm_1q_qjqh._.js:10515
[107534252ms] [LOG] [Fast Refresh] done in 81ms @ http://localhost:3000/_next/static/chunks/node_modules_%40sentry_core_build_esm_1q_qjqh._.js:10515
[107555434ms] [LOG] [Fast Refresh] rebuilding @ http://localhost:3000/_next/static/chunks/node_modules_%40sentry_core_build_esm_1q_qjqh._.js:10515
[107555514ms] [LOG] [Fast Refresh] done in 182ms @ http://localhost:3000/_next/static/chunks/node_modules_%40sentry_core_build_esm_1q_qjqh._.js:10515
[107563833ms] [LOG] [Fast Refresh] rebuilding @ http://localhost:3000/_next/static/chunks/node_modules_%40sentry_core_build_esm_1q_qjqh._.js:10515
[107563842ms] [LOG] [Fast Refresh] done in 110ms @ http://localhost:3000/_next/static/chunks/node_modules_%40sentry_core_build_esm_1q_qjqh._.js:10515
[107565019ms] [ERROR] Failed to load resource: the server responded with a status of 403 () @ https://os.impakers.club/api/external/telemetry/auth:0
[107573387ms] [LOG] [Fast Refresh] rebuilding @ http://localhost:3000/_next/static/chunks/node_modules_%40sentry_core_build_esm_1q_qjqh._.js:10515
[107573401ms] [LOG] [Fast Refresh] done in 115ms @ http://localhost:3000/_next/static/chunks/node_modules_%40sentry_core_build_esm_1q_qjqh._.js:10515
[107581926ms] [LOG] [Fast Refresh] rebuilding @ http://localhost:3000/_next/static/chunks/node_modules_%40sentry_core_build_esm_1q_qjqh._.js:10515
[107582683ms] [LOG] [Fast Refresh] done in 854ms @ http://localhost:3000/_next/static/chunks/node_modules_%40sentry_core_build_esm_1q_qjqh._.js:10515
[107586165ms] [LOG] [Fast Refresh] rebuilding @ http://localhost:3000/_next/static/chunks/node_modules_%40sentry_core_build_esm_1q_qjqh._.js:10515
[107586174ms] [LOG] [Fast Refresh] done in 110ms @ http://localhost:3000/_next/static/chunks/node_modules_%40sentry_core_build_esm_1q_qjqh._.js:10515
[107591112ms] [LOG] [Fast Refresh] rebuilding @ http://localhost:3000/_next/static/chunks/node_modules_%40sentry_core_build_esm_1q_qjqh._.js:10515
[107591762ms] [LOG] [Fast Refresh] done in 745ms @ http://localhost:3000/_next/static/chunks/node_modules_%40sentry_core_build_esm_1q_qjqh._.js:10515
[107599411ms] [LOG] [Fast Refresh] rebuilding @ http://localhost:3000/_next/static/chunks/node_modules_%40sentry_core_build_esm_1q_qjqh._.js:10515
[107600524ms] [LOG] [Fast Refresh] done in 1172ms @ http://localhost:3000/_next/static/chunks/node_modules_%40sentry_core_build_esm_1q_qjqh._.js:10515
[107600634ms] [LOG] [Fast Refresh] rebuilding @ http://localhost:3000/_next/static/chunks/node_modules_%40sentry_core_build_esm_1q_qjqh._.js:10515
[107600685ms] [LOG] [Fast Refresh] done in 152ms @ http://localhost:3000/_next/static/chunks/node_modules_%40sentry_core_build_esm_1q_qjqh._.js:10515
[107600741ms] [ERROR] Failed to load resource: the server responded with a status of 404 (Not Found) @ http://localhost:3000/login?redirect=%2Fen%2Fabout&_rsc=qDh8EWPhWRGr9PEZ:0
[107600797ms] [ERROR] Failed to load resource: the server responded with a status of 404 (Not Found) @ http://localhost:3000/login?redirect=%2Fen%2Fabout&_rsc=qDh8EWPhWRGr9PEZ:0
[107600882ms] [LOG] [Fast Refresh] rebuilding @ http://localhost:3000/_next/static/chunks/node_modules_%40sentry_core_build_esm_1q_qjqh._.js:10515
[107601073ms] [LOG] [Fast Refresh] done in 292ms @ http://localhost:3000/_next/static/chunks/node_modules_%40sentry_core_build_esm_1q_qjqh._.js:10515
[107601090ms] [ERROR] Failed to load resource: the server responded with a status of 404 (Not Found) @ http://localhost:3000/login?redirect=%2Fen%2Fabout:0
[107601164ms] [INFO] %cDownload the React DevTools for a better development experience: https://react.dev/link/react-devtools font-weight:bold @ http://localhost:3000/_next/static/chunks/node_modules_%40sentry_core_build_esm_1q_qjqh._.js:10515
[107601206ms] [LOG] [HMR] connected @ http://localhost:3000/_next/static/chunks/node_modules_%40sentry_core_build_esm_1q_qjqh._.js:10515
[107601318ms] [LOG] [UserStoreProvider] Auth event: INITIAL_SESSION @ http://localhost:3000/_next/static/chunks/node_modules_%40sentry_core_build_esm_1q_qjqh._.js:10515
[107601320ms] [ERROR] Failed to load resource: the server responded with a status of 404 (Not Found) @ http://localhost:3000/login?redirect=%2Fen%2Fabout:0
[107602001ms] [ERROR] Failed to load resource: the server responded with a status of 403 () @ https://os.impakers.club/api/external/telemetry/auth:0
[107602057ms] [ERROR] Failed to load resource: the server responded with a status of 403 () @ https://os.impakers.club/api/external/telemetry/auth:0
[107604667ms] [ERROR] Failed to load resource: the server responded with a status of 403 () @ https://os.impakers.club/api/external/telemetry/auth:0
[107612101ms] [LOG] [Fast Refresh] rebuilding @ http://localhost:3000/_next/static/chunks/node_modules_%40sentry_core_build_esm_1q_qjqh._.js:10515
[107612127ms] [LOG] [Fast Refresh] done in 105ms @ http://localhost:3000/_next/static/chunks/node_modules_%40sentry_core_build_esm_1q_qjqh._.js:10515
[107620434ms] [LOG] [Fast Refresh] rebuilding @ http://localhost:3000/_next/static/chunks/node_modules_%40sentry_core_build_esm_1q_qjqh._.js:10515
[107620538ms] [LOG] [Fast Refresh] done in 154ms @ http://localhost:3000/_next/static/chunks/node_modules_%40sentry_core_build_esm_1q_qjqh._.js:10515
[107620804ms] [ERROR] Failed to load resource: the server responded with a status of 404 (Not Found) @ http://localhost:3000/login?redirect=%2Fen%2Fabout&_rsc=qDh8EWPhWRGr9PEZ:0
[107620938ms] [LOG] [Fast Refresh] rebuilding @ http://localhost:3000/_next/static/chunks/node_modules_%40sentry_core_build_esm_1q_qjqh._.js:10515
[107621040ms] [LOG] [Fast Refresh] done in 203ms @ http://localhost:3000/_next/static/chunks/node_modules_%40sentry_core_build_esm_1q_qjqh._.js:10515
[107621093ms] [ERROR] Failed to load resource: the server responded with a status of 404 (Not Found) @ http://localhost:3000/login?redirect=%2Fen%2Fabout&_rsc=qDh8EWPhWRGr9PEZ:0
[107621180ms] [LOG] [Fast Refresh] rebuilding @ http://localhost:3000/_next/static/chunks/node_modules_%40sentry_core_build_esm_1q_qjqh._.js:10515
[107621275ms] [LOG] [Fast Refresh] done in 196ms @ http://localhost:3000/_next/static/chunks/node_modules_%40sentry_core_build_esm_1q_qjqh._.js:10515
[107621294ms] [ERROR] Failed to load resource: the server responded with a status of 404 (Not Found) @ http://localhost:3000/login?redirect=%2Fen%2Fabout:0
[107621379ms] [INFO] %cDownload the React DevTools for a better development experience: https://react.dev/link/react-devtools font-weight:bold @ http://localhost:3000/_next/static/chunks/node_modules_%40sentry_core_build_esm_1q_qjqh._.js:10515
[107621399ms] [LOG] [HMR] connected @ http://localhost:3000/_next/static/chunks/node_modules_%40sentry_core_build_esm_1q_qjqh._.js:10515
[107621577ms] [ERROR] Failed to load resource: the server responded with a status of 404 (Not Found) @ http://localhost:3000/login?redirect=%2Fen%2Fabout:0
[107621617ms] [LOG] [UserStoreProvider] Auth event: INITIAL_SESSION @ http://localhost:3000/_next/static/chunks/node_modules_%40sentry_core_build_esm_1q_qjqh._.js:10515
[107622202ms] [ERROR] Failed to load resource: the server responded with a status of 403 () @ https://os.impakers.club/api/external/telemetry/auth:0
[107622223ms] [ERROR] Failed to load resource: the server responded with a status of 403 () @ https://os.impakers.club/api/external/telemetry/auth:0
[107624767ms] [ERROR] Failed to load resource: the server responded with a status of 403 () @ https://os.impakers.club/api/external/telemetry/auth:0
[107624979ms] [LOG] [Fast Refresh] rebuilding @ http://localhost:3000/_next/static/chunks/node_modules_%40sentry_core_build_esm_1q_qjqh._.js:10515
[107625005ms] [LOG] [Fast Refresh] done in 128ms @ http://localhost:3000/_next/static/chunks/node_modules_%40sentry_core_build_esm_1q_qjqh._.js:10515
[107635251ms] [LOG] [Fast Refresh] rebuilding @ http://localhost:3000/_next/static/chunks/node_modules_%40sentry_core_build_esm_1q_qjqh._.js:10515
[107635268ms] [LOG] [Fast Refresh] done in 118ms @ http://localhost:3000/_next/static/chunks/node_modules_%40sentry_core_build_esm_1q_qjqh._.js:10515
[107641386ms] [LOG] [Fast Refresh] rebuilding @ http://localhost:3000/_next/static/chunks/node_modules_%40sentry_core_build_esm_1q_qjqh._.js:10515
[107641388ms] [LOG] [Fast Refresh] done in 104ms @ http://localhost:3000/_next/static/chunks/node_modules_%40sentry_core_build_esm_1q_qjqh._.js:10515
[107682118ms] [ERROR] Failed to load resource: the server responded with a status of 403 () @ https://os.impakers.club/api/external/telemetry/auth:0
[107703229ms] [LOG] [Fast Refresh] rebuilding @ http://localhost:3000/_next/static/chunks/node_modules_%40sentry_core_build_esm_1q_qjqh._.js:10515
[107703476ms] [LOG] [Fast Refresh] done in 332ms @ http://localhost:3000/_next/static/chunks/node_modules_%40sentry_core_build_esm_1q_qjqh._.js:10515
[107708998ms] [LOG] [Fast Refresh] rebuilding @ http://localhost:3000/_next/static/chunks/node_modules_%40sentry_core_build_esm_1q_qjqh._.js:10515
[107709096ms] [LOG] [Fast Refresh] done in 189ms @ http://localhost:3000/_next/static/chunks/node_modules_%40sentry_core_build_esm_1q_qjqh._.js:10515
[107714541ms] [LOG] [Fast Refresh] rebuilding @ http://localhost:3000/_next/static/chunks/node_modules_%40sentry_core_build_esm_1q_qjqh._.js:10515
[107714611ms] [LOG] [Fast Refresh] done in 159ms @ http://localhost:3000/_next/static/chunks/node_modules_%40sentry_core_build_esm_1q_qjqh._.js:10515
[107744048ms] [ERROR] Failed to load resource: the server responded with a status of 403 () @ https://os.impakers.club/api/external/telemetry/auth:0
[107802149ms] [ERROR] Failed to load resource: the server responded with a status of 403 () @ https://os.impakers.club/api/external/telemetry/auth:0
[107807162ms] [LOG] [Fast Refresh] rebuilding @ http://localhost:3000/_next/static/chunks/node_modules_%40sentry_core_build_esm_1q_qjqh._.js:10515
[107807265ms] [LOG] [Fast Refresh] done in 194ms @ http://localhost:3000/_next/static/chunks/node_modules_%40sentry_core_build_esm_1q_qjqh._.js:10515
[107833554ms] [LOG] [Fast Refresh] rebuilding @ http://localhost:3000/_next/static/chunks/node_modules_%40sentry_core_build_esm_1q_qjqh._.js:10515
[107833717ms] [LOG] [Fast Refresh] done in 262ms @ http://localhost:3000/_next/static/chunks/node_modules_%40sentry_core_build_esm_1q_qjqh._.js:10515
[107845232ms] [LOG] [Fast Refresh] rebuilding @ http://localhost:3000/_next/static/chunks/node_modules_%40sentry_core_build_esm_1q_qjqh._.js:10515
[107845241ms] [LOG] [Fast Refresh] done in 109ms @ http://localhost:3000/_next/static/chunks/node_modules_%40sentry_core_build_esm_1q_qjqh._.js:10515
[107849456ms] [LOG] [Fast Refresh] rebuilding @ http://localhost:3000/_next/static/chunks/node_modules_%40sentry_core_build_esm_1q_qjqh._.js:10515
[107851133ms] [LOG] [Fast Refresh] done in 1778ms @ http://localhost:3000/_next/static/chunks/node_modules_%40sentry_core_build_esm_1q_qjqh._.js:10515
[107862143ms] [ERROR] Failed to load resource: the server responded with a status of 403 () @ https://os.impakers.club/api/external/telemetry/auth:0
[107864000ms] [LOG] [Fast Refresh] rebuilding @ http://localhost:3000/_next/static/chunks/node_modules_%40sentry_core_build_esm_1q_qjqh._.js:10515
[107864724ms] [LOG] [Fast Refresh] done in 825ms @ http://localhost:3000/_next/static/chunks/node_modules_%40sentry_core_build_esm_1q_qjqh._.js:10515
[107922462ms] [ERROR] Failed to load resource: the server responded with a status of 403 () @ https://os.impakers.club/api/external/telemetry/auth:0
[107982145ms] [ERROR] Failed to load resource: the server responded with a status of 403 () @ https://os.impakers.club/api/external/telemetry/auth:0
[108042131ms] [ERROR] Failed to load resource: the server responded with a status of 403 () @ https://os.impakers.club/api/external/telemetry/auth:0
[108102163ms] [ERROR] Failed to load resource: the server responded with a status of 403 () @ https://os.impakers.club/api/external/telemetry/auth:0
[108162178ms] [ERROR] Failed to load resource: the server responded with a status of 403 () @ https://os.impakers.club/api/external/telemetry/auth:0
[108167011ms] [LOG] [Fast Refresh] rebuilding @ http://localhost:3000/_next/static/chunks/node_modules_%40sentry_core_build_esm_1q_qjqh._.js:10515
[108167552ms] [LOG] [Fast Refresh] done in 642ms @ http://localhost:3000/_next/static/chunks/node_modules_%40sentry_core_build_esm_1q_qjqh._.js:10515
[108222122ms] [ERROR] Failed to load resource: the server responded with a status of 403 () @ https://os.impakers.club/api/external/telemetry/auth:0
[108253688ms] [LOG] [Fast Refresh] rebuilding @ http://localhost:3000/_next/static/chunks/node_modules_%40sentry_core_build_esm_1q_qjqh._.js:10515
[108253696ms] [LOG] [Fast Refresh] done in 109ms @ http://localhost:3000/_next/static/chunks/node_modules_%40sentry_core_build_esm_1q_qjqh._.js:10515
[108253798ms] [LOG] [Fast Refresh] rebuilding @ http://localhost:3000/_next/static/chunks/node_modules_%40sentry_core_build_esm_1q_qjqh._.js:10515
[108253803ms] [LOG] [Fast Refresh] done in 107ms @ http://localhost:3000/_next/static/chunks/node_modules_%40sentry_core_build_esm_1q_qjqh._.js:10515
[108279593ms] [LOG] [Fast Refresh] rebuilding @ http://localhost:3000/_next/static/chunks/node_modules_%40sentry_core_build_esm_1q_qjqh._.js:10515
[108279724ms] [LOG] [Fast Refresh] done in 214ms @ http://localhost:3000/_next/static/chunks/node_modules_%40sentry_core_build_esm_1q_qjqh._.js:10515
[108282389ms] [ERROR] Failed to load resource: the server responded with a status of 403 () @ https://os.impakers.club/api/external/telemetry/auth:0
[108342322ms] [ERROR] Failed to load resource: the server responded with a status of 403 () @ https://os.impakers.club/api/external/telemetry/auth:0
[108396546ms] [LOG] [Fast Refresh] rebuilding @ http://localhost:3000/_next/static/chunks/node_modules_%40sentry_core_build_esm_1q_qjqh._.js:10515
[108397195ms] [LOG] [Fast Refresh] done in 746ms @ http://localhost:3000/_next/static/chunks/node_modules_%40sentry_core_build_esm_1q_qjqh._.js:10515
[108402110ms] [ERROR] Failed to load resource: the server responded with a status of 403 () @ https://os.impakers.club/api/external/telemetry/auth:0
[108403523ms] [LOG] [Fast Refresh] rebuilding @ http://localhost:3000/_next/static/chunks/node_modules_%40sentry_core_build_esm_1q_qjqh._.js:10515
[108403865ms] [LOG] [Fast Refresh] done in 428ms @ http://localhost:3000/_next/static/chunks/node_modules_%40sentry_core_build_esm_1q_qjqh._.js:10515
[108403992ms] [LOG] [Fast Refresh] rebuilding @ http://localhost:3000/_next/static/chunks/node_modules_%40sentry_core_build_esm_1q_qjqh._.js:10515
[108404095ms] [LOG] [Fast Refresh] done in 205ms @ http://localhost:3000/_next/static/chunks/node_modules_%40sentry_core_build_esm_1q_qjqh._.js:10515
[108421001ms] [LOG] [Fast Refresh] rebuilding @ http://localhost:3000/_next/static/chunks/node_modules_%40sentry_core_build_esm_1q_qjqh._.js:10515
[108421269ms] [LOG] [Fast Refresh] done in 324ms @ http://localhost:3000/_next/static/chunks/node_modules_%40sentry_core_build_esm_1q_qjqh._.js:10515
[108422499ms] [LOG] [Fast Refresh] rebuilding @ http://localhost:3000/_next/static/chunks/node_modules_%40sentry_core_build_esm_1q_qjqh._.js:10515
[108422705ms] [LOG] [Fast Refresh] done in 288ms @ http://localhost:3000/_next/static/chunks/node_modules_%40sentry_core_build_esm_1q_qjqh._.js:10515
[108432191ms] [LOG] [Fast Refresh] rebuilding @ http://localhost:3000/_next/static/chunks/node_modules_%40sentry_core_build_esm_1q_qjqh._.js:10515
[108432413ms] [LOG] [Fast Refresh] done in 281ms @ http://localhost:3000/_next/static/chunks/node_modules_%40sentry_core_build_esm_1q_qjqh._.js:10515
[108440393ms] [LOG] [Fast Refresh] rebuilding @ http://localhost:3000/_next/static/chunks/node_modules_%40sentry_core_build_esm_1q_qjqh._.js:10515
[108440649ms] [LOG] [Fast Refresh] done in 317ms @ http://localhost:3000/_next/static/chunks/node_modules_%40sentry_core_build_esm_1q_qjqh._.js:10515
[108448236ms] [LOG] [Fast Refresh] rebuilding @ http://localhost:3000/_next/static/chunks/node_modules_%40sentry_core_build_esm_1q_qjqh._.js:10515
[108448493ms] [LOG] [Fast Refresh] done in 317ms @ http://localhost:3000/_next/static/chunks/node_modules_%40sentry_core_build_esm_1q_qjqh._.js:10515
[108462328ms] [ERROR] Failed to load resource: the server responded with a status of 403 () @ https://os.impakers.club/api/external/telemetry/auth:0
[108522190ms] [ERROR] Failed to load resource: the server responded with a status of 403 () @ https://os.impakers.club/api/external/telemetry/auth:0
[108582144ms] [ERROR] Failed to load resource: the server responded with a status of 403 () @ https://os.impakers.club/api/external/telemetry/auth:0
[108604641ms] [LOG] [Fast Refresh] rebuilding @ http://localhost:3000/_next/static/chunks/node_modules_%40sentry_core_build_esm_1q_qjqh._.js:10515
[108605280ms] [LOG] [Fast Refresh] done in 681ms @ http://localhost:3000/_next/static/chunks/node_modules_%40sentry_core_build_esm_1q_qjqh._.js:10515
[108605392ms] [LOG] [Fast Refresh] rebuilding @ http://localhost:3000/_next/static/chunks/node_modules_%40sentry_core_build_esm_1q_qjqh._.js:10515
[108605443ms] [LOG] [Fast Refresh] done in 151ms @ http://localhost:3000/_next/static/chunks/node_modules_%40sentry_core_build_esm_1q_qjqh._.js:10515
[108605507ms] [ERROR] Failed to load resource: the server responded with a status of 404 (Not Found) @ http://localhost:3000/login?redirect=%2Fen%2Fabout&_rsc=qDh8EWPhWRGr9PEZ:0
[108605597ms] [ERROR] Failed to load resource: the server responded with a status of 404 (Not Found) @ http://localhost:3000/login?redirect=%2Fen%2Fabout&_rsc=qDh8EWPhWRGr9PEZ:0
[108605688ms] [LOG] [Fast Refresh] rebuilding @ http://localhost:3000/_next/static/chunks/node_modules_%40sentry_core_build_esm_1q_qjqh._.js:10515
[108605815ms] [LOG] [Fast Refresh] done in 228ms @ http://localhost:3000/_next/static/chunks/node_modules_%40sentry_core_build_esm_1q_qjqh._.js:10515
[108605843ms] [ERROR] Failed to load resource: the server responded with a status of 404 (Not Found) @ http://localhost:3000/login?redirect=%2Fen%2Fabout:0
[108605923ms] [INFO] %cDownload the React DevTools for a better development experience: https://react.dev/link/react-devtools font-weight:bold @ http://localhost:3000/_next/static/chunks/node_modules_%40sentry_core_build_esm_1q_qjqh._.js:10515
[108605966ms] [LOG] [HMR] connected @ http://localhost:3000/_next/static/chunks/node_modules_%40sentry_core_build_esm_1q_qjqh._.js:10515
[108606141ms] [ERROR] Failed to load resource: the server responded with a status of 404 (Not Found) @ http://localhost:3000/login?redirect=%2Fen%2Fabout:0
[108606186ms] [LOG] [UserStoreProvider] Auth event: INITIAL_SESSION @ http://localhost:3000/_next/static/chunks/node_modules_%40sentry_core_build_esm_1q_qjqh._.js:10515
[108606820ms] [ERROR] Failed to load resource: the server responded with a status of 403 () @ https://os.impakers.club/api/external/telemetry/auth:0
[108606848ms] [ERROR] Failed to load resource: the server responded with a status of 403 () @ https://os.impakers.club/api/external/telemetry/auth:0
[108609389ms] [ERROR] Failed to load resource: the server responded with a status of 403 () @ https://os.impakers.club/api/external/telemetry/auth:0
[108623925ms] [LOG] [Fast Refresh] rebuilding @ http://localhost:3000/_next/static/chunks/node_modules_%40sentry_core_build_esm_1q_qjqh._.js:10515
[108623997ms] [LOG] [Fast Refresh] done in 151ms @ http://localhost:3000/_next/static/chunks/node_modules_%40sentry_core_build_esm_1q_qjqh._.js:10515
[108645144ms] [LOG] [Fast Refresh] rebuilding @ http://localhost:3000/_next/static/chunks/node_modules_%40sentry_core_build_esm_1q_qjqh._.js:10515
[108645215ms] [LOG] [Fast Refresh] done in 154ms @ http://localhost:3000/_next/static/chunks/node_modules_%40sentry_core_build_esm_1q_qjqh._.js:10515
[108658807ms] [LOG] [Fast Refresh] rebuilding @ http://localhost:3000/_next/static/chunks/node_modules_%40sentry_core_build_esm_1q_qjqh._.js:10515
[108658832ms] [LOG] [Fast Refresh] done in 127ms @ http://localhost:3000/_next/static/chunks/node_modules_%40sentry_core_build_esm_1q_qjqh._.js:10515
[108667074ms] [ERROR] Failed to load resource: the server responded with a status of 403 () @ https://os.impakers.club/api/external/telemetry/auth:0
[108721937ms] [LOG] [Fast Refresh] rebuilding @ http://localhost:3000/_next/static/chunks/node_modules_%40sentry_core_build_esm_1q_qjqh._.js:10515
[108722111ms] [LOG] [Fast Refresh] done in 274ms @ http://localhost:3000/_next/static/chunks/node_modules_%40sentry_core_build_esm_1q_qjqh._.js:10515
[108722274ms] [LOG] [Fast Refresh] rebuilding @ http://localhost:3000/_next/static/chunks/node_modules_%40sentry_core_build_esm_1q_qjqh._.js:10515
[108722443ms] [LOG] [Fast Refresh] done in 270ms @ http://localhost:3000/_next/static/chunks/node_modules_%40sentry_core_build_esm_1q_qjqh._.js:10515
[108722476ms] [ERROR] Failed to load resource: the server responded with a status of 404 (Not Found) @ http://localhost:3000/login?redirect=%2Fen%2Fabout&_rsc=qDh8EWPhWRGr9PEZ:0
[108722590ms] [ERROR] Failed to load resource: the server responded with a status of 404 (Not Found) @ http://localhost:3000/login?redirect=%2Fen%2Fabout&_rsc=qDh8EWPhWRGr9PEZ:0
[108722677ms] [LOG] [Fast Refresh] rebuilding @ http://localhost:3000/_next/static/chunks/node_modules_%40sentry_core_build_esm_1q_qjqh._.js:10515
[108722793ms] [LOG] [Fast Refresh] done in 217ms @ http://localhost:3000/_next/static/chunks/node_modules_%40sentry_core_build_esm_1q_qjqh._.js:10515
[108722807ms] [ERROR] Failed to load resource: the server responded with a status of 404 (Not Found) @ http://localhost:3000/login?redirect=%2Fen%2Fabout:0
[108722901ms] [INFO] %cDownload the React DevTools for a better development experience: https://react.dev/link/react-devtools font-weight:bold @ http://localhost:3000/_next/static/chunks/node_modules_%40sentry_core_build_esm_1q_qjqh._.js:10515
[108722915ms] [LOG] [HMR] connected @ http://localhost:3000/_next/static/chunks/node_modules_%40sentry_core_build_esm_1q_qjqh._.js:10515
[108723082ms] [ERROR] Failed to load resource: the server responded with a status of 404 (Not Found) @ http://localhost:3000/login?redirect=%2Fen%2Fabout:0
[108723126ms] [LOG] [UserStoreProvider] Auth event: INITIAL_SESSION @ http://localhost:3000/_next/static/chunks/node_modules_%40sentry_core_build_esm_1q_qjqh._.js:10515
[108723629ms] [ERROR] Failed to load resource: the server responded with a status of 403 () @ https://os.impakers.club/api/external/telemetry/auth:0
[108724203ms] [ERROR] Failed to load resource: the server responded with a status of 403 () @ https://os.impakers.club/api/external/telemetry/auth:0
[108726438ms] [ERROR] Failed to load resource: the server responded with a status of 403 () @ https://os.impakers.club/api/external/telemetry/auth:0
[108784067ms] [ERROR] Failed to load resource: the server responded with a status of 403 () @ https://os.impakers.club/api/external/telemetry/auth:0
[108836770ms] [LOG] [Fast Refresh] rebuilding @ http://localhost:3000/_next/static/chunks/node_modules_%40sentry_core_build_esm_1q_qjqh._.js:10515
[108837104ms] [LOG] [Fast Refresh] done in 435ms @ http://localhost:3000/_next/static/chunks/node_modules_%40sentry_core_build_esm_1q_qjqh._.js:10515
[108837367ms] [LOG] [Fast Refresh] rebuilding @ http://localhost:3000/_next/static/chunks/node_modules_%40sentry_core_build_esm_1q_qjqh._.js:10515
[108837446ms] [LOG] [Fast Refresh] done in 180ms @ http://localhost:3000/_next/static/chunks/node_modules_%40sentry_core_build_esm_1q_qjqh._.js:10515
[108837560ms] [ERROR] Failed to load resource: the server responded with a status of 404 (Not Found) @ http://localhost:3000/login?redirect=%2Fen%2Fabout&_rsc=qDh8EWPhWRGr9PEZ:0
[108837708ms] [ERROR] Failed to load resource: the server responded with a status of 404 (Not Found) @ http://localhost:3000/login?redirect=%2Fen%2Fabout&_rsc=qDh8EWPhWRGr9PEZ:0
[108837788ms] [LOG] [Fast Refresh] rebuilding @ http://localhost:3000/_next/static/chunks/node_modules_%40sentry_core_build_esm_1q_qjqh._.js:10515
[108837914ms] [LOG] [Fast Refresh] done in 226ms @ http://localhost:3000/_next/static/chunks/node_modules_%40sentry_core_build_esm_1q_qjqh._.js:10515
[108837927ms] [ERROR] Failed to load resource: the server responded with a status of 404 (Not Found) @ http://localhost:3000/login?redirect=%2Fen%2Fabout:0
[108838031ms] [INFO] %cDownload the React DevTools for a better development experience: https://react.dev/link/react-devtools font-weight:bold @ http://localhost:3000/_next/static/chunks/node_modules_%40sentry_core_build_esm_1q_qjqh._.js:10515
[108838059ms] [LOG] [HMR] connected @ http://localhost:3000/_next/static/chunks/node_modules_%40sentry_core_build_esm_1q_qjqh._.js:10515
[108838192ms] [ERROR] Failed to load resource: the server responded with a status of 404 (Not Found) @ http://localhost:3000/login?redirect=%2Fen%2Fabout:0
[108838196ms] [LOG] [Fast Refresh] rebuilding @ http://localhost:3000/_next/static/chunks/node_modules_%40sentry_core_build_esm_1q_qjqh._.js:10515
[108838212ms] [LOG] [Fast Refresh] done in 117ms @ http://localhost:3000/_next/static/chunks/node_modules_%40sentry_core_build_esm_1q_qjqh._.js:10515
[108838243ms] [LOG] [UserStoreProvider] Auth event: INITIAL_SESSION @ http://localhost:3000/_next/static/chunks/node_modules_%40sentry_core_build_esm_1q_qjqh._.js:10515
[108838986ms] [ERROR] Failed to load resource: the server responded with a status of 403 () @ https://os.impakers.club/api/external/telemetry/auth:0
[108839047ms] [ERROR] Failed to load resource: the server responded with a status of 403 () @ https://os.impakers.club/api/external/telemetry/auth:0
[108841889ms] [ERROR] Failed to load resource: the server responded with a status of 403 () @ https://os.impakers.club/api/external/telemetry/auth:0
[108849417ms] [LOG] [Fast Refresh] rebuilding @ http://localhost:3000/_next/static/chunks/node_modules_%40sentry_core_build_esm_1q_qjqh._.js:10515
[108849437ms] [LOG] [Fast Refresh] done in 121ms @ http://localhost:3000/_next/static/chunks/node_modules_%40sentry_core_build_esm_1q_qjqh._.js:10515
[108899415ms] [ERROR] Failed to load resource: the server responded with a status of 403 () @ https://os.impakers.club/api/external/telemetry/auth:0
[108931832ms] [LOG] [Fast Refresh] rebuilding @ http://localhost:3000/_next/static/chunks/node_modules_%40sentry_core_build_esm_1q_qjqh._.js:10515
[108931868ms] [LOG] [Fast Refresh] done in 120ms @ http://localhost:3000/_next/static/chunks/node_modules_%40sentry_core_build_esm_1q_qjqh._.js:10515
[108937623ms] [LOG] [Fast Refresh] rebuilding @ http://localhost:3000/_next/static/chunks/node_modules_%40sentry_core_build_esm_1q_qjqh._.js:10515
[108937894ms] [LOG] [Fast Refresh] done in 296ms @ http://localhost:3000/_next/static/chunks/node_modules_%40sentry_core_build_esm_1q_qjqh._.js:10515
[108959769ms] [ERROR] Failed to load resource: the server responded with a status of 403 () @ https://os.impakers.club/api/external/telemetry/auth:0
[108963881ms] [LOG] [Fast Refresh] rebuilding @ http://localhost:3000/_next/static/chunks/node_modules_%40sentry_core_build_esm_1q_qjqh._.js:10515
[108963923ms] [LOG] [Fast Refresh] done in 120ms @ http://localhost:3000/_next/static/chunks/node_modules_%40sentry_core_build_esm_1q_qjqh._.js:10515
[109018894ms] [ERROR] Failed to load resource: the server responded with a status of 403 () @ https://os.impakers.club/api/external/telemetry/auth:0
[109067127ms] [LOG] [Fast Refresh] rebuilding @ http://localhost:3000/_next/static/chunks/node_modules_%40sentry_core_build_esm_1q_qjqh._.js:10515
[109067223ms] [LOG] [Fast Refresh] done in 198ms @ http://localhost:3000/_next/static/chunks/node_modules_%40sentry_core_build_esm_1q_qjqh._.js:10515
[109075955ms] [LOG] [Fast Refresh] rebuilding @ http://localhost:3000/_next/static/chunks/node_modules_%40sentry_core_build_esm_1q_qjqh._.js:10515
[109075966ms] [LOG] [Fast Refresh] done in 113ms @ http://localhost:3000/_next/static/chunks/node_modules_%40sentry_core_build_esm_1q_qjqh._.js:10515
[109078919ms] [ERROR] Failed to load resource: the server responded with a status of 403 () @ https://os.impakers.club/api/external/telemetry/auth:0
[109135728ms] [LOG] [Fast Refresh] rebuilding @ http://localhost:3000/_next/static/chunks/node_modules_%40sentry_core_build_esm_1q_qjqh._.js:10515
[109135750ms] [LOG] [Fast Refresh] done in 104ms @ http://localhost:3000/_next/static/chunks/node_modules_%40sentry_core_build_esm_1q_qjqh._.js:10515
[109142476ms] [ERROR] Failed to load resource: the server responded with a status of 403 () @ https://os.impakers.club/api/external/telemetry/auth:0
[109143005ms] [LOG] [Fast Refresh] rebuilding @ http://localhost:3000/_next/static/chunks/node_modules_%40sentry_core_build_esm_1q_qjqh._.js:10515
[109143028ms] [LOG] [Fast Refresh] done in 96ms @ http://localhost:3000/_next/static/chunks/node_modules_%40sentry_core_build_esm_1q_qjqh._.js:10515
[109198919ms] [ERROR] Failed to load resource: the server responded with a status of 403 () @ https://os.impakers.club/api/external/telemetry/auth:0
[109259062ms] [ERROR] Failed to load resource: the server responded with a status of 403 () @ https://os.impakers.club/api/external/telemetry/auth:0
[109276708ms] [LOG] [Fast Refresh] rebuilding @ http://localhost:3000/_next/static/chunks/node_modules_%40sentry_core_build_esm_1q_qjqh._.js:10515
[109277038ms] [LOG] [Fast Refresh] done in 331ms @ http://localhost:3000/_next/static/chunks/node_modules_%40sentry_core_build_esm_1q_qjqh._.js:10515
[109318280ms] [LOG] [Fast Refresh] rebuilding @ http://localhost:3000/_next/static/chunks/node_modules_%40sentry_core_build_esm_1q_qjqh._.js:10515
[109318310ms] [LOG] [Fast Refresh] done in 110ms @ http://localhost:3000/_next/static/chunks/node_modules_%40sentry_core_build_esm_1q_qjqh._.js:10515
[109318835ms] [ERROR] Failed to load resource: the server responded with a status of 403 () @ https://os.impakers.club/api/external/telemetry/auth:0
[109332358ms] [LOG] [Fast Refresh] rebuilding @ http://localhost:3000/_next/static/chunks/node_modules_%40sentry_core_build_esm_1q_qjqh._.js:10515
[109332573ms] [LOG] [Fast Refresh] done in 253ms @ http://localhost:3000/_next/static/chunks/node_modules_%40sentry_core_build_esm_1q_qjqh._.js:10515
[109343806ms] [LOG] [Fast Refresh] rebuilding @ http://localhost:3000/_next/static/chunks/node_modules_%40sentry_core_build_esm_1q_qjqh._.js:10515
[109343927ms] [ERROR] ./hooks/use-class-ppt.ts:4:1
Export getClassPptGroups doesn't exist in target module
  2 |
  3 | import { useQuery, UseQueryResult } from '@tanstack/react-query'
> 4 | import { getClassPptGroups, type StagePptGroup } from '@/lib/services/class-ppt-service'
    | ^^^^^^^^^^^^^^^^^^^^^^^^^^^^^^^^^^^^^^^^^^^^^^^^^^^^^^^^^^^^^^^^^^^^^^^^^^^^^^^^^^^^^^^^
  5 |
  6 | /**
  7 |  * 학습 단계별 수업용 PPT 목록 조회 hook (열람 전용)

The export getClassPptGroups was not found in module [project]/lib/services/class-ppt-service.ts [app-client] (ecmascript).
Did you mean to import getClassPptStageList?
All exports of the module are statically known (It doesn't have dynamic exports). So it's known statically that the requested export doesn't exist.

Import traces:
  Client Component Browser:
    ./hooks/use-class-ppt.ts [Client Component Browser]
    ./components/class/ppt/class-ppt-view.tsx [Client Component Browser]
    ./app/center/classes/ppt/page.tsx [Client Component Browser]
    ./app/center/classes/ppt/page.tsx [Server Component]

  Client Component SSR:
    ./hooks/use-class-ppt.ts [Client Component SSR]
    ./components/class/ppt/class-ppt-view.tsx [Client Component SSR]
    ./app/center/classes/ppt/page.tsx [Client Component SSR]
    ./app/center/classes/ppt/page.tsx [Server Component] @ http://localhost:3000/_next/static/chunks/node_modules_%40sentry_core_build_esm_1q_qjqh._.js:10515
[109343928ms] [ERROR] ./hooks/use-class-ppt.ts:4:1
Export getClassPptGroups doesn't exist in target module
  2 |
  3 | import { useQuery, UseQueryResult } from '@tanstack/react-query'
> 4 | import { getClassPptGroups, type StagePptGroup } from '@/lib/services/class-ppt-service'
    | ^^^^^^^^^^^^^^^^^^^^^^^^^^^^^^^^^^^^^^^^^^^^^^^^^^^^^^^^^^^^^^^^^^^^^^^^^^^^^^^^^^^^^^^^
  5 |
  6 | /**
  7 |  * 학습 단계별 수업용 PPT 목록 조회 hook (열람 전용)

The export getClassPptGroups was not found in module [project]/lib/services/class-ppt-service.ts [app-ssr] (ecmascript).
Did you mean to import getClassPptStageList?
All exports of the module are statically known (It doesn't have dynamic exports). So it's known statically that the requested export doesn't exist.

Import traces:
  Client Component Browser:
    ./hooks/use-class-ppt.ts [Client Component Browser]
    ./components/class/ppt/class-ppt-view.tsx [Client Component Browser]
    ./app/center/classes/ppt/page.tsx [Client Component Browser]
    ./app/center/classes/ppt/page.tsx [Server Component]

  Client Component SSR:
    ./hooks/use-class-ppt.ts [Client Component SSR]
    ./components/class/ppt/class-ppt-view.tsx [Client Component SSR]
    ./app/center/classes/ppt/page.tsx [Client Component SSR]
    ./app/center/classes/ppt/page.tsx [Server Component] @ http://localhost:3000/_next/static/chunks/node_modules_%40sentry_core_build_esm_1q_qjqh._.js:10515
[109344020ms] [ERROR] ./hooks/use-class-ppt.ts:4:1
Export getClassPptGroups doesn't exist in target module
  2 |
  3 | import { useQuery, UseQueryResult } from '@tanstack/react-query'
> 4 | import { getClassPptGroups, type StagePptGroup } from '@/lib/services/class-ppt-service'
    | ^^^^^^^^^^^^^^^^^^^^^^^^^^^^^^^^^^^^^^^^^^^^^^^^^^^^^^^^^^^^^^^^^^^^^^^^^^^^^^^^^^^^^^^^
  5 |
  6 | /**
  7 |  * 학습 단계별 수업용 PPT 목록 조회 hook (열람 전용)

The export getClassPptGroups was not found in module [project]/lib/services/class-ppt-service.ts [app-client] (ecmascript).
Did you mean to import getClassPptStageList?
All exports of the module are statically known (It doesn't have dynamic exports). So it's known statically that the requested export doesn't exist.

Import traces:
  Client Component Browser:
    ./hooks/use-class-ppt.ts [Client Component Browser]
    ./components/class/ppt/class-ppt-view.tsx [Client Component Browser]
    ./app/center/classes/ppt/page.tsx [Client Component Browser]
    ./app/center/classes/ppt/page.tsx [Server Component]

  Client Component SSR:
    ./hooks/use-class-ppt.ts [Client Component SSR]
    ./components/class/ppt/class-ppt-view.tsx [Client Component SSR]
    ./app/center/classes/ppt/page.tsx [Client Component SSR]
    ./app/center/classes/ppt/page.tsx [Server Component] @ http://localhost:3000/_next/static/chunks/node_modules_%40sentry_core_build_esm_1q_qjqh._.js:10515
[109344020ms] [ERROR] ./hooks/use-class-ppt.ts:4:1
Export getClassPptGroups doesn't exist in target module
  2 |
  3 | import { useQuery, UseQueryResult } from '@tanstack/react-query'
> 4 | import { getClassPptGroups, type StagePptGroup } from '@/lib/services/class-ppt-service'
    | ^^^^^^^^^^^^^^^^^^^^^^^^^^^^^^^^^^^^^^^^^^^^^^^^^^^^^^^^^^^^^^^^^^^^^^^^^^^^^^^^^^^^^^^^
  5 |
  6 | /**
  7 |  * 학습 단계별 수업용 PPT 목록 조회 hook (열람 전용)

The export getClassPptGroups was not found in module [project]/lib/services/class-ppt-service.ts [app-ssr] (ecmascript).
Did you mean to import getClassPptStageList?
All exports of the module are statically known (It doesn't have dynamic exports). So it's known statically that the requested export doesn't exist.

Import traces:
  Client Component Browser:
    ./hooks/use-class-ppt.ts [Client Component Browser]
    ./components/class/ppt/class-ppt-view.tsx [Client Component Browser]
    ./app/center/classes/ppt/page.tsx [Client Component Browser]
    ./app/center/classes/ppt/page.tsx [Server Component]

  Client Component SSR:
    ./hooks/use-class-ppt.ts [Client Component SSR]
    ./components/class/ppt/class-ppt-view.tsx [Client Component SSR]
    ./app/center/classes/ppt/page.tsx [Client Component SSR]
    ./app/center/classes/ppt/page.tsx [Server Component] @ http://localhost:3000/_next/static/chunks/node_modules_%40sentry_core_build_esm_1q_qjqh._.js:10515
[109344089ms] [LOG] [Fast Refresh] rebuilding @ http://localhost:3000/_next/static/chunks/node_modules_%40sentry_core_build_esm_1q_qjqh._.js:10515
[109374449ms] [LOG] [Fast Refresh] rebuilding @ http://localhost:3000/_next/static/chunks/node_modules_%40sentry_core_build_esm_1q_qjqh._.js:10515
[109374674ms] [ERROR] ./components/class/ppt/class-ppt-view.tsx:18:1
Export useClassPpt doesn't exist in target module
  16 |   FileText,
  17 | } from "lucide-react"
> 18 | import { useClassPpt } from "@/hooks/use-class-ppt"
     | ^^^^^^^^^^^^^^^^^^^^^^^^^^^^^^^^^^^^^^^^^^^^^^^^^^^
  19 | import { useUserStore } from "@/stores/user-store"
  20 | import type { PptFile, StagePptGroup } from "@/lib/services/class-ppt-service"
  21 | import type { File as FileRecord } from "@/types/models"

The export useClassPpt was not found in module [project]/hooks/use-class-ppt.ts [app-client] (ecmascript).
Did you mean to import useClassPptStageList?
All exports of the module are statically known (It doesn't have dynamic exports). So it's known statically that the requested export doesn't exist.

Import traces:
  Client Component Browser:
    ./components/class/ppt/class-ppt-view.tsx [Client Component Browser]
    ./app/center/classes/ppt/page.tsx [Client Component Browser]
    ./app/center/classes/ppt/page.tsx [Server Component]

  Client Component SSR:
    ./components/class/ppt/class-ppt-view.tsx [Client Component SSR]
    ./app/center/classes/ppt/page.tsx [Client Component SSR]
    ./app/center/classes/ppt/page.tsx [Server Component] @ http://localhost:3000/_next/static/chunks/node_modules_%40sentry_core_build_esm_1q_qjqh._.js:10515
[109374675ms] [ERROR] ./components/class/ppt/class-ppt-view.tsx:18:1
Export useClassPpt doesn't exist in target module
  16 |   FileText,
  17 | } from "lucide-react"
> 18 | import { useClassPpt } from "@/hooks/use-class-ppt"
     | ^^^^^^^^^^^^^^^^^^^^^^^^^^^^^^^^^^^^^^^^^^^^^^^^^^^
  19 | import { useUserStore } from "@/stores/user-store"
  20 | import type { PptFile, StagePptGroup } from "@/lib/services/class-ppt-service"
  21 | import type { File as FileRecord } from "@/types/models"

The export useClassPpt was not found in module [project]/hooks/use-class-ppt.ts [app-ssr] (ecmascript).
Did you mean to import useClassPptStageList?
All exports of the module are statically known (It doesn't have dynamic exports). So it's known statically that the requested export doesn't exist.

Import traces:
  Client Component Browser:
    ./components/class/ppt/class-ppt-view.tsx [Client Component Browser]
    ./app/center/classes/ppt/page.tsx [Client Component Browser]
    ./app/center/classes/ppt/page.tsx [Server Component]

  Client Component SSR:
    ./components/class/ppt/class-ppt-view.tsx [Client Component SSR]
    ./app/center/classes/ppt/page.tsx [Client Component SSR]
    ./app/center/classes/ppt/page.tsx [Server Component] @ http://localhost:3000/_next/static/chunks/node_modules_%40sentry_core_build_esm_1q_qjqh._.js:10515
[109379015ms] [ERROR] Failed to load resource: the server responded with a status of 403 () @ https://os.impakers.club/api/external/telemetry/auth:0
[109380902ms] [LOG] [Fast Refresh] rebuilding @ http://localhost:3000/_next/static/chunks/node_modules_%40sentry_core_build_esm_1q_qjqh._.js:10515
[109380902ms] [ERROR] ./components/class/ppt/class-ppt-view.tsx:18:1
Export useClassPpt doesn't exist in target module
  16 |   FileText,
  17 | } from "lucide-react"
> 18 | import { useClassPpt } from "@/hooks/use-class-ppt"
     | ^^^^^^^^^^^^^^^^^^^^^^^^^^^^^^^^^^^^^^^^^^^^^^^^^^^
  19 | import { useUserStore } from "@/stores/user-store"
  20 | import type { PptFile, StagePptGroup } from "@/lib/services/class-ppt-service"
  21 | import type { File as FileRecord } from "@/types/models"

The export useClassPpt was not found in module [project]/hooks/use-class-ppt.ts [app-client] (ecmascript).
Did you mean to import useClassPptStageList?
All exports of the module are statically known (It doesn't have dynamic exports). So it's known statically that the requested export doesn't exist.

Import traces:
  Client Component Browser:
    ./components/class/ppt/class-ppt-view.tsx [Client Component Browser]
    ./app/center/classes/ppt/page.tsx [Client Component Browser]
    ./app/center/classes/ppt/page.tsx [Server Component]

  Client Component SSR:
    ./components/class/ppt/class-ppt-view.tsx [Client Component SSR]
    ./app/center/classes/ppt/page.tsx [Client Component SSR]
    ./app/center/classes/ppt/page.tsx [Server Component] @ http://localhost:3000/_next/static/chunks/node_modules_%40sentry_core_build_esm_1q_qjqh._.js:10515
[109380903ms] [ERROR] ./components/class/ppt/class-ppt-view.tsx:18:1
Export useClassPpt doesn't exist in target module
  16 |   FileText,
  17 | } from "lucide-react"
> 18 | import { useClassPpt } from "@/hooks/use-class-ppt"
     | ^^^^^^^^^^^^^^^^^^^^^^^^^^^^^^^^^^^^^^^^^^^^^^^^^^^
  19 | import { useUserStore } from "@/stores/user-store"
  20 | import type { PptFile, StagePptGroup } from "@/lib/services/class-ppt-service"
  21 | import type { File as FileRecord } from "@/types/models"

The export useClassPpt was not found in module [project]/hooks/use-class-ppt.ts [app-ssr] (ecmascript).
Did you mean to import useClassPptStageList?
All exports of the module are statically known (It doesn't have dynamic exports). So it's known statically that the requested export doesn't exist.

Import traces:
  Client Component Browser:
    ./components/class/ppt/class-ppt-view.tsx [Client Component Browser]
    ./app/center/classes/ppt/page.tsx [Client Component Browser]
    ./app/center/classes/ppt/page.tsx [Server Component]

  Client Component SSR:
    ./components/class/ppt/class-ppt-view.tsx [Client Component SSR]
    ./app/center/classes/ppt/page.tsx [Client Component SSR]
    ./app/center/classes/ppt/page.tsx [Server Component] @ http://localhost:3000/_next/static/chunks/node_modules_%40sentry_core_build_esm_1q_qjqh._.js:10515
[109381801ms] [ERROR] ./components/class/ppt/class-ppt-view.tsx:18:1
Export useClassPpt doesn't exist in target module
  16 |   FileText,
  17 | } from "lucide-react"
> 18 | import { useClassPpt } from "@/hooks/use-class-ppt"
     | ^^^^^^^^^^^^^^^^^^^^^^^^^^^^^^^^^^^^^^^^^^^^^^^^^^^
  19 | import { useUserStore } from "@/stores/user-store"
  20 | import type { PptFile, StagePptGroup } from "@/lib/services/class-ppt-service"
  21 | import type { File as FileRecord } from "@/types/models"

The export useClassPpt was not found in module [project]/hooks/use-class-ppt.ts [app-client] (ecmascript).
Did you mean to import useClassPptStageList?
All exports of the module are statically known (It doesn't have dynamic exports). So it's known statically that the requested export doesn't exist.

Import traces:
  Client Component Browser:
    ./components/class/ppt/class-ppt-view.tsx [Client Component Browser]
    ./app/center/classes/ppt/page.tsx [Client Component Browser]
    ./app/center/classes/ppt/page.tsx [Server Component]

  Client Component SSR:
    ./components/class/ppt/class-ppt-view.tsx [Client Component SSR]
    ./app/center/classes/ppt/page.tsx [Client Component SSR]
    ./app/center/classes/ppt/page.tsx [Server Component] @ http://localhost:3000/_next/static/chunks/node_modules_%40sentry_core_build_esm_1q_qjqh._.js:10515
[109381801ms] [ERROR] ./components/class/ppt/class-ppt-view.tsx:18:1
Export useClassPpt doesn't exist in target module
  16 |   FileText,
  17 | } from "lucide-react"
> 18 | import { useClassPpt } from "@/hooks/use-class-ppt"
     | ^^^^^^^^^^^^^^^^^^^^^^^^^^^^^^^^^^^^^^^^^^^^^^^^^^^
  19 | import { useUserStore } from "@/stores/user-store"
  20 | import type { PptFile, StagePptGroup } from "@/lib/services/class-ppt-service"
  21 | import type { File as FileRecord } from "@/types/models"

The export useClassPpt was not found in module [project]/hooks/use-class-ppt.ts [app-ssr] (ecmascript).
Did you mean to import useClassPptStageList?
All exports of the module are statically known (It doesn't have dynamic exports). So it's known statically that the requested export doesn't exist.

Import traces:
  Client Component Browser:
    ./components/class/ppt/class-ppt-view.tsx [Client Component Browser]
    ./app/center/classes/ppt/page.tsx [Client Component Browser]
    ./app/center/classes/ppt/page.tsx [Server Component]

  Client Component SSR:
    ./components/class/ppt/class-ppt-view.tsx [Client Component SSR]
    ./app/center/classes/ppt/page.tsx [Client Component SSR]
    ./app/center/classes/ppt/page.tsx [Server Component] @ http://localhost:3000/_next/static/chunks/node_modules_%40sentry_core_build_esm_1q_qjqh._.js:10515
[109381865ms] [LOG] [Fast Refresh] rebuilding @ http://localhost:3000/_next/static/chunks/node_modules_%40sentry_core_build_esm_1q_qjqh._.js:10515
[109382848ms] [ERROR] ./components/class/ppt/class-ppt-view.tsx:18:1
Export useClassPpt doesn't exist in target module
  16 |   FileText,
  17 | } from "lucide-react"
> 18 | import { useClassPpt } from "@/hooks/use-class-ppt"
     | ^^^^^^^^^^^^^^^^^^^^^^^^^^^^^^^^^^^^^^^^^^^^^^^^^^^
  19 | import { useUserStore } from "@/stores/user-store"
  20 | import type { PptFile, StagePptGroup } from "@/lib/services/class-ppt-service"
  21 | import type { File as FileRecord } from "@/types/models"

The export useClassPpt was not found in module [project]/hooks/use-class-ppt.ts [app-client] (ecmascript).
Did you mean to import useClassPptStageList?
All exports of the module are statically known (It doesn't have dynamic exports). So it's known statically that the requested export doesn't exist.

Import traces:
  Client Component Browser:
    ./components/class/ppt/class-ppt-view.tsx [Client Component Browser]
    ./app/center/classes/ppt/page.tsx [Client Component Browser]
    ./app/center/classes/ppt/page.tsx [Server Component]

  Client Component SSR:
    ./components/class/ppt/class-ppt-view.tsx [Client Component SSR]
    ./app/center/classes/ppt/page.tsx [Client Component SSR]
    ./app/center/classes/ppt/page.tsx [Server Component] @ http://localhost:3000/_next/static/chunks/node_modules_%40sentry_core_build_esm_1q_qjqh._.js:10515
[109382848ms] [ERROR] ./components/class/ppt/class-ppt-view.tsx:18:1
Export useClassPpt doesn't exist in target module
  16 |   FileText,
  17 | } from "lucide-react"
> 18 | import { useClassPpt } from "@/hooks/use-class-ppt"
     | ^^^^^^^^^^^^^^^^^^^^^^^^^^^^^^^^^^^^^^^^^^^^^^^^^^^
  19 | import { useUserStore } from "@/stores/user-store"
  20 | import type { PptFile, StagePptGroup } from "@/lib/services/class-ppt-service"
  21 | import type { File as FileRecord } from "@/types/models"

The export useClassPpt was not found in module [project]/hooks/use-class-ppt.ts [app-ssr] (ecmascript).
Did you mean to import useClassPptStageList?
All exports of the module are statically known (It doesn't have dynamic exports). So it's known statically that the requested export doesn't exist.

Import traces:
  Client Component Browser:
    ./components/class/ppt/class-ppt-view.tsx [Client Component Browser]
    ./app/center/classes/ppt/page.tsx [Client Component Browser]
    ./app/center/classes/ppt/page.tsx [Server Component]

  Client Component SSR:
    ./components/class/ppt/class-ppt-view.tsx [Client Component SSR]
    ./app/center/classes/ppt/page.tsx [Client Component SSR]
    ./app/center/classes/ppt/page.tsx [Server Component] @ http://localhost:3000/_next/static/chunks/node_modules_%40sentry_core_build_esm_1q_qjqh._.js:10515
[109382899ms] [LOG] [Fast Refresh] rebuilding @ http://localhost:3000/_next/static/chunks/node_modules_%40sentry_core_build_esm_1q_qjqh._.js:10515
[109397506ms] [ERROR] ./components/class/ppt/class-ppt-view.tsx:18:1
Export useClassPpt doesn't exist in target module
  16 |   FileText,
  17 | } from "lucide-react"
> 18 | import { useClassPpt } from "@/hooks/use-class-ppt"
     | ^^^^^^^^^^^^^^^^^^^^^^^^^^^^^^^^^^^^^^^^^^^^^^^^^^^
  19 | import { useUserStore } from "@/stores/user-store"
  20 | import type { PptFile, StagePptGroup } from "@/lib/services/class-ppt-service"
  21 | import type { File as FileRecord } from "@/types/models"

The export useClassPpt was not found in module [project]/hooks/use-class-ppt.ts [app-client] (ecmascript).
Did you mean to import useClassPptStageList?
All exports of the module are statically known (It doesn't have dynamic exports). So it's known statically that the requested export doesn't exist.

Import traces:
  Client Component Browser:
    ./components/class/ppt/class-ppt-view.tsx [Client Component Browser]
    ./app/center/classes/ppt/page.tsx [Client Component Browser]
    ./app/center/classes/ppt/page.tsx [Server Component]

  Client Component SSR:
    ./components/class/ppt/class-ppt-view.tsx [Client Component SSR]
    ./app/center/classes/ppt/page.tsx [Client Component SSR]
    ./app/center/classes/ppt/page.tsx [Server Component] @ http://localhost:3000/_next/static/chunks/node_modules_%40sentry_core_build_esm_1q_qjqh._.js:10515
[109397506ms] [ERROR] ./components/class/ppt/class-ppt-view.tsx:18:1
Export useClassPpt doesn't exist in target module
  16 |   FileText,
  17 | } from "lucide-react"
> 18 | import { useClassPpt } from "@/hooks/use-class-ppt"
     | ^^^^^^^^^^^^^^^^^^^^^^^^^^^^^^^^^^^^^^^^^^^^^^^^^^^
  19 | import { useUserStore } from "@/stores/user-store"
  20 | import type { PptFile, StagePptGroup } from "@/lib/services/class-ppt-service"
  21 | import type { File as FileRecord } from "@/types/models"

The export useClassPpt was not found in module [project]/hooks/use-class-ppt.ts [app-ssr] (ecmascript).
Did you mean to import useClassPptStageList?
All exports of the module are statically known (It doesn't have dynamic exports). So it's known statically that the requested export doesn't exist.

Import traces:
  Client Component Browser:
    ./components/class/ppt/class-ppt-view.tsx [Client Component Browser]
    ./app/center/classes/ppt/page.tsx [Client Component Browser]
    ./app/center/classes/ppt/page.tsx [Server Component]

  Client Component SSR:
    ./components/class/ppt/class-ppt-view.tsx [Client Component SSR]
    ./app/center/classes/ppt/page.tsx [Client Component SSR]
    ./app/center/classes/ppt/page.tsx [Server Component] @ http://localhost:3000/_next/static/chunks/node_modules_%40sentry_core_build_esm_1q_qjqh._.js:10515
[109397573ms] [LOG] [Fast Refresh] rebuilding @ http://localhost:3000/_next/static/chunks/node_modules_%40sentry_core_build_esm_1q_qjqh._.js:10515
[109398536ms] [ERROR] ./components/class/ppt/class-ppt-view.tsx:18:1
Export useClassPpt doesn't exist in target module
  16 |   FileText,
  17 | } from "lucide-react"
> 18 | import { useClassPpt } from "@/hooks/use-class-ppt"
     | ^^^^^^^^^^^^^^^^^^^^^^^^^^^^^^^^^^^^^^^^^^^^^^^^^^^
  19 | import { useUserStore } from "@/stores/user-store"
  20 | import type { PptFile, StagePptGroup } from "@/lib/services/class-ppt-service"
  21 | import type { File as FileRecord } from "@/types/models"

The export useClassPpt was not found in module [project]/hooks/use-class-ppt.ts [app-client] (ecmascript).
Did you mean to import useClassPptStageList?
All exports of the module are statically known (It doesn't have dynamic exports). So it's known statically that the requested export doesn't exist.

Import traces:
  Client Component Browser:
    ./components/class/ppt/class-ppt-view.tsx [Client Component Browser]
    ./app/center/classes/ppt/page.tsx [Client Component Browser]
    ./app/center/classes/ppt/page.tsx [Server Component]

  Client Component SSR:
    ./components/class/ppt/class-ppt-view.tsx [Client Component SSR]
    ./app/center/classes/ppt/page.tsx [Client Component SSR]
    ./app/center/classes/ppt/page.tsx [Server Component] @ http://localhost:3000/_next/static/chunks/node_modules_%40sentry_core_build_esm_1q_qjqh._.js:10515
[109398537ms] [ERROR] ./components/class/ppt/class-ppt-view.tsx:18:1
Export useClassPpt doesn't exist in target module
  16 |   FileText,
  17 | } from "lucide-react"
> 18 | import { useClassPpt } from "@/hooks/use-class-ppt"
     | ^^^^^^^^^^^^^^^^^^^^^^^^^^^^^^^^^^^^^^^^^^^^^^^^^^^
  19 | import { useUserStore } from "@/stores/user-store"
  20 | import type { PptFile, StagePptGroup } from "@/lib/services/class-ppt-service"
  21 | import type { File as FileRecord } from "@/types/models"

The export useClassPpt was not found in module [project]/hooks/use-class-ppt.ts [app-ssr] (ecmascript).
Did you mean to import useClassPptStageList?
All exports of the module are statically known (It doesn't have dynamic exports). So it's known statically that the requested export doesn't exist.

Import traces:
  Client Component Browser:
    ./components/class/ppt/class-ppt-view.tsx [Client Component Browser]
    ./app/center/classes/ppt/page.tsx [Client Component Browser]
    ./app/center/classes/ppt/page.tsx [Server Component]

  Client Component SSR:
    ./components/class/ppt/class-ppt-view.tsx [Client Component SSR]
    ./app/center/classes/ppt/page.tsx [Client Component SSR]
    ./app/center/classes/ppt/page.tsx [Server Component] @ http://localhost:3000/_next/static/chunks/node_modules_%40sentry_core_build_esm_1q_qjqh._.js:10515
[109398604ms] [LOG] [Fast Refresh] rebuilding @ http://localhost:3000/_next/static/chunks/node_modules_%40sentry_core_build_esm_1q_qjqh._.js:10515
[109411682ms] [ERROR] ./components/class/ppt/class-ppt-view.tsx:18:1
Export useClassPpt doesn't exist in target module
  16 |   FileText,
  17 | } from "lucide-react"
> 18 | import { useClassPpt } from "@/hooks/use-class-ppt"
     | ^^^^^^^^^^^^^^^^^^^^^^^^^^^^^^^^^^^^^^^^^^^^^^^^^^^
  19 | import { useUserStore } from "@/stores/user-store"
  20 | import type { PptFile, StagePptGroup } from "@/lib/services/class-ppt-service"
  21 | import type { File as FileRecord } from "@/types/models"

The export useClassPpt was not found in module [project]/hooks/use-class-ppt.ts [app-client] (ecmascript).
Did you mean to import useClassPptStageList?
All exports of the module are statically known (It doesn't have dynamic exports). So it's known statically that the requested export doesn't exist.

Import traces:
  Client Component Browser:
    ./components/class/ppt/class-ppt-view.tsx [Client Component Browser]
    ./app/center/classes/ppt/page.tsx [Client Component Browser]
    ./app/center/classes/ppt/page.tsx [Server Component]

  Client Component SSR:
    ./components/class/ppt/class-ppt-view.tsx [Client Component SSR]
    ./app/center/classes/ppt/page.tsx [Client Component SSR]
    ./app/center/classes/ppt/page.tsx [Server Component] @ http://localhost:3000/_next/static/chunks/node_modules_%40sentry_core_build_esm_1q_qjqh._.js:10515
[109411683ms] [ERROR] ./components/class/ppt/class-ppt-view.tsx:18:1
Export useClassPpt doesn't exist in target module
  16 |   FileText,
  17 | } from "lucide-react"
> 18 | import { useClassPpt } from "@/hooks/use-class-ppt"
     | ^^^^^^^^^^^^^^^^^^^^^^^^^^^^^^^^^^^^^^^^^^^^^^^^^^^
  19 | import { useUserStore } from "@/stores/user-store"
  20 | import type { PptFile, StagePptGroup } from "@/lib/services/class-ppt-service"
  21 | import type { File as FileRecord } from "@/types/models"

The export useClassPpt was not found in module [project]/hooks/use-class-ppt.ts [app-ssr] (ecmascript).
Did you mean to import useClassPptStageList?
All exports of the module are statically known (It doesn't have dynamic exports). So it's known statically that the requested export doesn't exist.

Import traces:
  Client Component Browser:
    ./components/class/ppt/class-ppt-view.tsx [Client Component Browser]
    ./app/center/classes/ppt/page.tsx [Client Component Browser]
    ./app/center/classes/ppt/page.tsx [Server Component]

  Client Component SSR:
    ./components/class/ppt/class-ppt-view.tsx [Client Component SSR]
    ./app/center/classes/ppt/page.tsx [Client Component SSR]
    ./app/center/classes/ppt/page.tsx [Server Component] @ http://localhost:3000/_next/static/chunks/node_modules_%40sentry_core_build_esm_1q_qjqh._.js:10515
[109411748ms] [LOG] [Fast Refresh] rebuilding @ http://localhost:3000/_next/static/chunks/node_modules_%40sentry_core_build_esm_1q_qjqh._.js:10515
[109412717ms] [ERROR] ./components/class/ppt/class-ppt-view.tsx:18:1
Export useClassPpt doesn't exist in target module
  16 |   FileText,
  17 | } from "lucide-react"
> 18 | import { useClassPpt } from "@/hooks/use-class-ppt"
     | ^^^^^^^^^^^^^^^^^^^^^^^^^^^^^^^^^^^^^^^^^^^^^^^^^^^
  19 | import { useUserStore } from "@/stores/user-store"
  20 | import type { PptFile, StagePptGroup } from "@/lib/services/class-ppt-service"
  21 | import type { File as FileRecord } from "@/types/models"

The export useClassPpt was not found in module [project]/hooks/use-class-ppt.ts [app-client] (ecmascript).
Did you mean to import useClassPptStageList?
All exports of the module are statically known (It doesn't have dynamic exports). So it's known statically that the requested export doesn't exist.

Import traces:
  Client Component Browser:
    ./components/class/ppt/class-ppt-view.tsx [Client Component Browser]
    ./app/center/classes/ppt/page.tsx [Client Component Browser]
    ./app/center/classes/ppt/page.tsx [Server Component]

  Client Component SSR:
    ./components/class/ppt/class-ppt-view.tsx [Client Component SSR]
    ./app/center/classes/ppt/page.tsx [Client Component SSR]
    ./app/center/classes/ppt/page.tsx [Server Component] @ http://localhost:3000/_next/static/chunks/node_modules_%40sentry_core_build_esm_1q_qjqh._.js:10515
[109412718ms] [ERROR] ./components/class/ppt/class-ppt-view.tsx:18:1
Export useClassPpt doesn't exist in target module
  16 |   FileText,
  17 | } from "lucide-react"
> 18 | import { useClassPpt } from "@/hooks/use-class-ppt"
     | ^^^^^^^^^^^^^^^^^^^^^^^^^^^^^^^^^^^^^^^^^^^^^^^^^^^
  19 | import { useUserStore } from "@/stores/user-store"
  20 | import type { PptFile, StagePptGroup } from "@/lib/services/class-ppt-service"
  21 | import type { File as FileRecord } from "@/types/models"

The export useClassPpt was not found in module [project]/hooks/use-class-ppt.ts [app-ssr] (ecmascript).
Did you mean to import useClassPptStageList?
All exports of the module are statically known (It doesn't have dynamic exports). So it's known statically that the requested export doesn't exist.

Import traces:
  Client Component Browser:
    ./components/class/ppt/class-ppt-view.tsx [Client Component Browser]
    ./app/center/classes/ppt/page.tsx [Client Component Browser]
    ./app/center/classes/ppt/page.tsx [Server Component]

  Client Component SSR:
    ./components/class/ppt/class-ppt-view.tsx [Client Component SSR]
    ./app/center/classes/ppt/page.tsx [Client Component SSR]
    ./app/center/classes/ppt/page.tsx [Server Component] @ http://localhost:3000/_next/static/chunks/node_modules_%40sentry_core_build_esm_1q_qjqh._.js:10515
[109412785ms] [LOG] [Fast Refresh] rebuilding @ http://localhost:3000/_next/static/chunks/node_modules_%40sentry_core_build_esm_1q_qjqh._.js:10515
[109417938ms] [ERROR] ./components/class/ppt/class-ppt-view.tsx:18:1
Export useClassPpt doesn't exist in target module
  16 |   FileText,
  17 | } from "lucide-react"
> 18 | import { useClassPpt } from "@/hooks/use-class-ppt"
     | ^^^^^^^^^^^^^^^^^^^^^^^^^^^^^^^^^^^^^^^^^^^^^^^^^^^
  19 | import { useUserStore } from "@/stores/user-store"
  20 | import type { PptFile, StagePptGroup } from "@/lib/services/class-ppt-service"
  21 | import type { File as FileRecord } from "@/types/models"

The export useClassPpt was not found in module [project]/hooks/use-class-ppt.ts [app-client] (ecmascript).
Did you mean to import useClassPptStageList?
All exports of the module are statically known (It doesn't have dynamic exports). So it's known statically that the requested export doesn't exist.

Import traces:
  Client Component Browser:
    ./components/class/ppt/class-ppt-view.tsx [Client Component Browser]
    ./app/center/classes/ppt/page.tsx [Client Component Browser]
    ./app/center/classes/ppt/page.tsx [Server Component]

  Client Component SSR:
    ./components/class/ppt/class-ppt-view.tsx [Client Component SSR]
    ./app/center/classes/ppt/page.tsx [Client Component SSR]
    ./app/center/classes/ppt/page.tsx [Server Component] @ http://localhost:3000/_next/static/chunks/node_modules_%40sentry_core_build_esm_1q_qjqh._.js:10515
[109417938ms] [ERROR] ./components/class/ppt/class-ppt-view.tsx:18:1
Export useClassPpt doesn't exist in target module
  16 |   FileText,
  17 | } from "lucide-react"
> 18 | import { useClassPpt } from "@/hooks/use-class-ppt"
     | ^^^^^^^^^^^^^^^^^^^^^^^^^^^^^^^^^^^^^^^^^^^^^^^^^^^
  19 | import { useUserStore } from "@/stores/user-store"
  20 | import type { PptFile, StagePptGroup } from "@/lib/services/class-ppt-service"
  21 | import type { File as FileRecord } from "@/types/models"

The export useClassPpt was not found in module [project]/hooks/use-class-ppt.ts [app-ssr] (ecmascript).
Did you mean to import useClassPptStageList?
All exports of the module are statically known (It doesn't have dynamic exports). So it's known statically that the requested export doesn't exist.

Import traces:
  Client Component Browser:
    ./components/class/ppt/class-ppt-view.tsx [Client Component Browser]
    ./app/center/classes/ppt/page.tsx [Client Component Browser]
    ./app/center/classes/ppt/page.tsx [Server Component]

  Client Component SSR:
    ./components/class/ppt/class-ppt-view.tsx [Client Component SSR]
    ./app/center/classes/ppt/page.tsx [Client Component SSR]
    ./app/center/classes/ppt/page.tsx [Server Component] @ http://localhost:3000/_next/static/chunks/node_modules_%40sentry_core_build_esm_1q_qjqh._.js:10515
[109418005ms] [LOG] [Fast Refresh] rebuilding @ http://localhost:3000/_next/static/chunks/node_modules_%40sentry_core_build_esm_1q_qjqh._.js:10515
[109418961ms] [ERROR] ./components/class/ppt/class-ppt-view.tsx:18:1
Export useClassPpt doesn't exist in target module
  16 |   FileText,
  17 | } from "lucide-react"
> 18 | import { useClassPpt } from "@/hooks/use-class-ppt"
     | ^^^^^^^^^^^^^^^^^^^^^^^^^^^^^^^^^^^^^^^^^^^^^^^^^^^
  19 | import { useUserStore } from "@/stores/user-store"
  20 | import type { PptFile, StagePptGroup } from "@/lib/services/class-ppt-service"
  21 | import type { File as FileRecord } from "@/types/models"

The export useClassPpt was not found in module [project]/hooks/use-class-ppt.ts [app-client] (ecmascript).
Did you mean to import useClassPptStageList?
All exports of the module are statically known (It doesn't have dynamic exports). So it's known statically that the requested export doesn't exist.

Import traces:
  Client Component Browser:
    ./components/class/ppt/class-ppt-view.tsx [Client Component Browser]
    ./app/center/classes/ppt/page.tsx [Client Component Browser]
    ./app/center/classes/ppt/page.tsx [Server Component]

  Client Component SSR:
    ./components/class/ppt/class-ppt-view.tsx [Client Component SSR]
    ./app/center/classes/ppt/page.tsx [Client Component SSR]
    ./app/center/classes/ppt/page.tsx [Server Component] @ http://localhost:3000/_next/static/chunks/node_modules_%40sentry_core_build_esm_1q_qjqh._.js:10515
[109418962ms] [ERROR] ./components/class/ppt/class-ppt-view.tsx:18:1
Export useClassPpt doesn't exist in target module
  16 |   FileText,
  17 | } from "lucide-react"
> 18 | import { useClassPpt } from "@/hooks/use-class-ppt"
     | ^^^^^^^^^^^^^^^^^^^^^^^^^^^^^^^^^^^^^^^^^^^^^^^^^^^
  19 | import { useUserStore } from "@/stores/user-store"
  20 | import type { PptFile, StagePptGroup } from "@/lib/services/class-ppt-service"
  21 | import type { File as FileRecord } from "@/types/models"

The export useClassPpt was not found in module [project]/hooks/use-class-ppt.ts [app-ssr] (ecmascript).
Did you mean to import useClassPptStageList?
All exports of the module are statically known (It doesn't have dynamic exports). So it's known statically that the requested export doesn't exist.

Import traces:
  Client Component Browser:
    ./components/class/ppt/class-ppt-view.tsx [Client Component Browser]
    ./app/center/classes/ppt/page.tsx [Client Component Browser]
    ./app/center/classes/ppt/page.tsx [Server Component]

  Client Component SSR:
    ./components/class/ppt/class-ppt-view.tsx [Client Component SSR]
    ./app/center/classes/ppt/page.tsx [Client Component SSR]
    ./app/center/classes/ppt/page.tsx [Server Component] @ http://localhost:3000/_next/static/chunks/node_modules_%40sentry_core_build_esm_1q_qjqh._.js:10515
[109419027ms] [LOG] [Fast Refresh] rebuilding @ http://localhost:3000/_next/static/chunks/node_modules_%40sentry_core_build_esm_1q_qjqh._.js:10515
[109421760ms] [LOG] [Fast Refresh] rebuilding @ http://localhost:3000/_next/static/chunks/node_modules_%40sentry_core_build_esm_1q_qjqh._.js:10515
[109422356ms] [LOG] [Fast Refresh] done in 616ms @ http://localhost:3000/_next/static/chunks/node_modules_%40sentry_core_build_esm_1q_qjqh._.js:10515
[109422463ms] [LOG] [Fast Refresh] rebuilding @ http://localhost:3000/_next/static/chunks/node_modules_%40sentry_core_build_esm_1q_qjqh._.js:10515
[109422523ms] [LOG] [Fast Refresh] done in 160ms @ http://localhost:3000/_next/static/chunks/node_modules_%40sentry_core_build_esm_1q_qjqh._.js:10515
[109422596ms] [ERROR] Failed to load resource: the server responded with a status of 404 (Not Found) @ http://localhost:3000/login?redirect=%2Fen%2Fabout&_rsc=qDh8EWPhWRGr9PEZ:0
[109422716ms] [ERROR] Failed to load resource: the server responded with a status of 404 (Not Found) @ http://localhost:3000/login?redirect=%2Fen%2Fabout&_rsc=qDh8EWPhWRGr9PEZ:0
[109422759ms] [LOG] [Fast Refresh] rebuilding @ http://localhost:3000/_next/static/chunks/node_modules_%40sentry_core_build_esm_1q_qjqh._.js:10515
[109422893ms] [LOG] [Fast Refresh] done in 236ms @ http://localhost:3000/_next/static/chunks/node_modules_%40sentry_core_build_esm_1q_qjqh._.js:10515
[109422914ms] [ERROR] Failed to load resource: the server responded with a status of 404 (Not Found) @ http://localhost:3000/login?redirect=%2Fen%2Fabout:0
[109423037ms] [INFO] %cDownload the React DevTools for a better development experience: https://react.dev/link/react-devtools font-weight:bold @ http://localhost:3000/_next/static/chunks/node_modules_%40sentry_core_build_esm_1q_qjqh._.js:10515
[109423062ms] [LOG] [HMR] connected @ http://localhost:3000/_next/static/chunks/node_modules_%40sentry_core_build_esm_1q_qjqh._.js:10515
[109423220ms] [ERROR] Failed to load resource: the server responded with a status of 404 (Not Found) @ http://localhost:3000/login?redirect=%2Fen%2Fabout:0
[109423265ms] [LOG] [UserStoreProvider] Auth event: INITIAL_SESSION @ http://localhost:3000/_next/static/chunks/node_modules_%40sentry_core_build_esm_1q_qjqh._.js:10515
[109423904ms] [ERROR] Failed to load resource: the server responded with a status of 403 () @ https://os.impakers.club/api/external/telemetry/auth:0
[109423932ms] [ERROR] Failed to load resource: the server responded with a status of 403 () @ https://os.impakers.club/api/external/telemetry/auth:0
[109426661ms] [ERROR] Failed to load resource: the server responded with a status of 403 () @ https://os.impakers.club/api/external/telemetry/auth:0
[109439270ms] [LOG] [Fast Refresh] rebuilding @ http://localhost:3000/_next/static/chunks/node_modules_%40sentry_core_build_esm_1q_qjqh._.js:10515
[109439293ms] [LOG] [Fast Refresh] done in 124ms @ http://localhost:3000/_next/static/chunks/node_modules_%40sentry_core_build_esm_1q_qjqh._.js:10515
[109443890ms] [LOG] [Fast Refresh] rebuilding @ http://localhost:3000/_next/static/chunks/node_modules_%40sentry_core_build_esm_1q_qjqh._.js:10515
[109443927ms] [LOG] [Fast Refresh] done in 139ms @ http://localhost:3000/_next/static/chunks/node_modules_%40sentry_core_build_esm_1q_qjqh._.js:10515
[109483769ms] [LOG] [Fast Refresh] rebuilding @ http://localhost:3000/_next/static/chunks/node_modules_%40sentry_core_build_esm_1q_qjqh._.js:10515
[109483791ms] [LOG] [Fast Refresh] done in 99ms @ http://localhost:3000/_next/static/chunks/node_modules_%40sentry_core_build_esm_1q_qjqh._.js:10515
[109483877ms] [ERROR] Failed to load resource: the server responded with a status of 403 () @ https://os.impakers.club/api/external/telemetry/auth:0
[109524761ms] [LOG] [Fast Refresh] rebuilding @ http://localhost:3000/_next/static/chunks/node_modules_%40sentry_core_build_esm_1q_qjqh._.js:10515
[109525047ms] [LOG] [Fast Refresh] done in 316ms @ http://localhost:3000/_next/static/chunks/node_modules_%40sentry_core_build_esm_1q_qjqh._.js:10515
[109543857ms] [ERROR] Failed to load resource: the server responded with a status of 403 () @ https://os.impakers.club/api/external/telemetry/auth:0
[109580645ms] [LOG] [Fast Refresh] rebuilding @ http://localhost:3000/_next/static/chunks/node_modules_%40sentry_core_build_esm_1q_qjqh._.js:10515
[109580812ms] [LOG] [Fast Refresh] done in 210ms @ http://localhost:3000/_next/static/chunks/node_modules_%40sentry_core_build_esm_1q_qjqh._.js:10515
[109580933ms] [LOG] [Fast Refresh] rebuilding @ http://localhost:3000/_next/static/chunks/node_modules_%40sentry_core_build_esm_1q_qjqh._.js:10515
[109581056ms] [LOG] [Fast Refresh] done in 225ms @ http://localhost:3000/_next/static/chunks/node_modules_%40sentry_core_build_esm_1q_qjqh._.js:10515
[109581165ms] [LOG] [Fast Refresh] rebuilding @ http://localhost:3000/_next/static/chunks/node_modules_%40sentry_core_build_esm_1q_qjqh._.js:10515
[109581342ms] [ERROR] Failed to load resource: the server responded with a status of 404 (Not Found) @ http://localhost:3000/login?redirect=%2Fen%2Fabout&_rsc=qDh8EWPhWRGr9PEZ:0
[109581345ms] [LOG] [Fast Refresh] done in 280ms @ http://localhost:3000/_next/static/chunks/node_modules_%40sentry_core_build_esm_1q_qjqh._.js:10515
[109581429ms] [ERROR] Failed to load resource: the server responded with a status of 404 (Not Found) @ http://localhost:3000/login?redirect=%2Fen%2Fabout&_rsc=qDh8EWPhWRGr9PEZ:0
[109581491ms] [ERROR] Failed to load resource: the server responded with a status of 404 (Not Found) @ http://localhost:3000/login?redirect=%2Fen%2Fabout:0
[109581579ms] [INFO] %cDownload the React DevTools for a better development experience: https://react.dev/link/react-devtools font-weight:bold @ http://localhost:3000/_next/static/chunks/node_modules_%40sentry_core_build_esm_1q_qjqh._.js:10515
[109581597ms] [LOG] [HMR] connected @ http://localhost:3000/_next/static/chunks/node_modules_%40sentry_core_build_esm_1q_qjqh._.js:10515
[109581715ms] [LOG] [UserStoreProvider] Auth event: INITIAL_SESSION @ http://localhost:3000/_next/static/chunks/node_modules_%40sentry_core_build_esm_1q_qjqh._.js:10515
[109581719ms] [ERROR] Failed to load resource: the server responded with a status of 404 (Not Found) @ http://localhost:3000/login?redirect=%2Fen%2Fabout:0
[109582667ms] [ERROR] Failed to load resource: the server responded with a status of 403 () @ https://os.impakers.club/api/external/telemetry/auth:0
[109582669ms] [ERROR] Failed to load resource: the server responded with a status of 403 () @ https://os.impakers.club/api/external/telemetry/auth:0
[109585294ms] [ERROR] Failed to load resource: the server responded with a status of 403 () @ https://os.impakers.club/api/external/telemetry/auth:0
[109625394ms] [LOG] [Fast Refresh] rebuilding @ http://localhost:3000/_next/static/chunks/node_modules_%40sentry_core_build_esm_1q_qjqh._.js:10515
[109625594ms] [LOG] [Fast Refresh] done in 300ms @ http://localhost:3000/_next/static/chunks/node_modules_%40sentry_core_build_esm_1q_qjqh._.js:10515
[109625770ms] [LOG] [Fast Refresh] rebuilding @ http://localhost:3000/_next/static/chunks/node_modules_%40sentry_core_build_esm_1q_qjqh._.js:10515
[109625839ms] [LOG] [Fast Refresh] done in 168ms @ http://localhost:3000/_next/static/chunks/node_modules_%40sentry_core_build_esm_1q_qjqh._.js:10515
[109626194ms] [ERROR] Failed to load resource: the server responded with a status of 404 (Not Found) @ http://localhost:3000/login?redirect=%2Fen%2Fabout&_rsc=qDh8EWPhWRGr9PEZ:0
[109626411ms] [ERROR] Failed to load resource: the server responded with a status of 404 (Not Found) @ http://localhost:3000/login?redirect=%2Fen%2Fabout&_rsc=qDh8EWPhWRGr9PEZ:0
[109626456ms] [ERROR] Failed to load resource: the server responded with a status of 404 (Not Found) @ http://localhost:3000/login?redirect=%2Fen%2Fabout:0
[109626527ms] [INFO] %cDownload the React DevTools for a better development experience: https://react.dev/link/react-devtools font-weight:bold @ http://localhost:3000/_next/static/chunks/node_modules_%40sentry_core_build_esm_1q_qjqh._.js:10515
[109626544ms] [LOG] [HMR] connected @ http://localhost:3000/_next/static/chunks/node_modules_%40sentry_core_build_esm_1q_qjqh._.js:10515
[109626675ms] [ERROR] Failed to load resource: the server responded with a status of 404 (Not Found) @ http://localhost:3000/login?redirect=%2Fen%2Fabout:0
[109626728ms] [LOG] [UserStoreProvider] Auth event: INITIAL_SESSION @ http://localhost:3000/_next/static/chunks/node_modules_%40sentry_core_build_esm_1q_qjqh._.js:10515
[109627965ms] [ERROR] Failed to load resource: the server responded with a status of 403 () @ https://os.impakers.club/api/external/telemetry/auth:0
[109627973ms] [ERROR] Failed to load resource: the server responded with a status of 403 () @ https://os.impakers.club/api/external/telemetry/auth:0
[109628785ms] [LOG] [Fast Refresh] rebuilding @ http://localhost:3000/_next/static/chunks/node_modules_%40sentry_core_build_esm_1q_qjqh._.js:10515
[109628818ms] [LOG] [Fast Refresh] done in 135ms @ http://localhost:3000/_next/static/chunks/node_modules_%40sentry_core_build_esm_1q_qjqh._.js:10515
[109630086ms] [ERROR] Failed to load resource: the server responded with a status of 403 () @ https://os.impakers.club/api/external/telemetry/auth:0
[109635119ms] [LOG] [Fast Refresh] rebuilding @ http://localhost:3000/_next/static/chunks/node_modules_%40sentry_core_build_esm_1q_qjqh._.js:10515
[109635158ms] [LOG] [Fast Refresh] done in 123ms @ http://localhost:3000/_next/static/chunks/node_modules_%40sentry_core_build_esm_1q_qjqh._.js:10515
[109654565ms] [LOG] [Fast Refresh] rebuilding @ http://localhost:3000/_next/static/chunks/node_modules_%40sentry_core_build_esm_1q_qjqh._.js:10515
[109654590ms] [LOG] [Fast Refresh] done in 106ms @ http://localhost:3000/_next/static/chunks/node_modules_%40sentry_core_build_esm_1q_qjqh._.js:10515
[109658475ms] [LOG] [Fast Refresh] rebuilding @ http://localhost:3000/_next/static/chunks/node_modules_%40sentry_core_build_esm_1q_qjqh._.js:10515
[109658506ms] [LOG] [Fast Refresh] done in 112ms @ http://localhost:3000/_next/static/chunks/node_modules_%40sentry_core_build_esm_1q_qjqh._.js:10515
[109661473ms] [LOG] [Fast Refresh] rebuilding @ http://localhost:3000/_next/static/chunks/node_modules_%40sentry_core_build_esm_1q_qjqh._.js:10515
[109661492ms] [LOG] [Fast Refresh] done in 97ms @ http://localhost:3000/_next/static/chunks/node_modules_%40sentry_core_build_esm_1q_qjqh._.js:10515
[109687516ms] [ERROR] Failed to load resource: the server responded with a status of 403 () @ https://os.impakers.club/api/external/telemetry/auth:0
[109706637ms] [LOG] [Fast Refresh] rebuilding @ http://localhost:3000/_next/static/chunks/node_modules_%40sentry_core_build_esm_1q_qjqh._.js:10515
[109706667ms] [LOG] [Fast Refresh] done in 113ms @ http://localhost:3000/_next/static/chunks/node_modules_%40sentry_core_build_esm_1q_qjqh._.js:10515
[109731369ms] [LOG] [Fast Refresh] rebuilding @ http://localhost:3000/_next/static/chunks/node_modules_%40sentry_core_build_esm_1q_qjqh._.js:10515
[109731402ms] [LOG] [Fast Refresh] done in 118ms @ http://localhost:3000/_next/static/chunks/node_modules_%40sentry_core_build_esm_1q_qjqh._.js:10515
[109739725ms] [LOG] [Fast Refresh] rebuilding @ http://localhost:3000/_next/static/chunks/node_modules_%40sentry_core_build_esm_1q_qjqh._.js:10515
[109739770ms] [LOG] [Fast Refresh] done in 129ms @ http://localhost:3000/_next/static/chunks/node_modules_%40sentry_core_build_esm_1q_qjqh._.js:10515
[109748851ms] [ERROR] Failed to load resource: the server responded with a status of 403 () @ https://os.impakers.club/api/external/telemetry/auth:0
[109807737ms] [ERROR] Failed to load resource: the server responded with a status of 403 () @ https://os.impakers.club/api/external/telemetry/auth:0
[109867337ms] [ERROR] Failed to load resource: the server responded with a status of 403 () @ https://os.impakers.club/api/external/telemetry/auth:0
[109894598ms] [ERROR] WebSocket connection to 'ws://localhost:3000/_next/webpack-hmr?id=aat5Gb_FhOzwZXTcIENZv' failed: Error in connection establishment: net::ERR_CONNECTION_REFUSED @ http://localhost:3000/_next/static/chunks/node_modules_next_dist_client_1um1_-a._.js:14623
[109895600ms] [ERROR] WebSocket connection to 'ws://localhost:3000/_next/webpack-hmr?id=aat5Gb_FhOzwZXTcIENZv' failed: Error in connection establishment: net::ERR_CONNECTION_REFUSED @ http://localhost:3000/_next/static/chunks/node_modules_next_dist_client_1um1_-a._.js:14623
[109896602ms] [ERROR] WebSocket connection to 'ws://localhost:3000/_next/webpack-hmr?id=aat5Gb_FhOzwZXTcIENZv' failed: Error in connection establishment: net::ERR_CONNECTION_REFUSED @ http://localhost:3000/_next/static/chunks/node_modules_next_dist_client_1um1_-a._.js:14623
[109897607ms] [ERROR] WebSocket connection to 'ws://localhost:3000/_next/webpack-hmr?id=aat5Gb_FhOzwZXTcIENZv' failed: Error in connection establishment: net::ERR_CONNECTION_REFUSED @ http://localhost:3000/_next/static/chunks/node_modules_next_dist_client_1um1_-a._.js:14623
[109898611ms] [ERROR] WebSocket connection to 'ws://localhost:3000/_next/webpack-hmr?id=aat5Gb_FhOzwZXTcIENZv' failed: Error in connection establishment: net::ERR_CONNECTION_REFUSED @ http://localhost:3000/_next/static/chunks/node_modules_next_dist_client_1um1_-a._.js:14623
[109903614ms] [ERROR] WebSocket connection to 'ws://localhost:3000/_next/webpack-hmr?id=aat5Gb_FhOzwZXTcIENZv' failed: Error in connection establishment: net::ERR_CONNECTION_REFUSED @ http://localhost:3000/_next/static/chunks/node_modules_next_dist_client_1um1_-a._.js:14623
[109908620ms] [ERROR] WebSocket connection to 'ws://localhost:3000/_next/webpack-hmr?id=aat5Gb_FhOzwZXTcIENZv' failed: Error in connection establishment: net::ERR_CONNECTION_REFUSED @ http://localhost:3000/_next/static/chunks/node_modules_next_dist_client_1um1_-a._.js:14623
[109913637ms] [ERROR] WebSocket connection to 'ws://localhost:3000/_next/webpack-hmr?id=aat5Gb_FhOzwZXTcIENZv' failed: Error in connection establishment: net::ERR_CONNECTION_REFUSED @ http://localhost:3000/_next/static/chunks/node_modules_next_dist_client_1um1_-a._.js:14623
[109918651ms] [ERROR] WebSocket connection to 'ws://localhost:3000/_next/webpack-hmr?id=aat5Gb_FhOzwZXTcIENZv' failed: Error in connection establishment: net::ERR_CONNECTION_REFUSED @ http://localhost:3000/_next/static/chunks/node_modules_next_dist_client_1um1_-a._.js:14623
[109923719ms] [ERROR] WebSocket connection to 'ws://localhost:3000/_next/webpack-hmr?id=aat5Gb_FhOzwZXTcIENZv' failed: Error in connection establishment: net::ERR_CONNECTION_REFUSED @ http://localhost:3000/_next/static/chunks/node_modules_next_dist_client_1um1_-a._.js:14623
[109927323ms] [ERROR] Failed to load resource: the server responded with a status of 403 () @ https://os.impakers.club/api/external/telemetry/auth:0
[109928853ms] [ERROR] WebSocket connection to 'ws://localhost:3000/_next/webpack-hmr?id=aat5Gb_FhOzwZXTcIENZv' failed: Error in connection establishment: net::ERR_CONNECTION_REFUSED @ http://localhost:3000/_next/static/chunks/node_modules_next_dist_client_1um1_-a._.js:14623
[109933990ms] [ERROR] WebSocket connection to 'ws://localhost:3000/_next/webpack-hmr?id=aat5Gb_FhOzwZXTcIENZv' failed: Error in connection establishment: net::ERR_CONNECTION_REFUSED @ http://localhost:3000/_next/static/chunks/node_modules_next_dist_client_1um1_-a._.js:14623
[148822158ms] [INFO] %cDownload the React DevTools for a better development experience: https://react.dev/link/react-devtools font-weight:bold @ http://localhost:3000/_next/static/chunks/node_modules_next_dist_1ybzpk2._.js:2477
[148822190ms] [LOG] [HMR] connected @ http://localhost:3000/_next/static/chunks/node_modules_next_dist_1ybzpk2._.js:2477
[148823209ms] [ERROR] Failed to load resource: the server responded with a status of 403 () @ https://os.impakers.club/api/external/telemetry/auth:0
[148823298ms] [ERROR] Failed to load resource: the server responded with a status of 403 () @ https://os.impakers.club/api/external/telemetry/auth:0
[148826486ms] [ERROR] Failed to load resource: the server responded with a status of 403 () @ https://os.impakers.club/api/external/telemetry/auth:0
[148882992ms] [ERROR] Failed to load resource: the server responded with a status of 403 () @ https://os.impakers.club/api/external/telemetry/auth:0
[148943406ms] [ERROR] Failed to load resource: the server responded with a status of 403 () @ https://os.impakers.club/api/external/telemetry/auth:0
[149003129ms] [ERROR] Failed to load resource: the server responded with a status of 403 () @ https://os.impakers.club/api/external/telemetry/auth:0
[149062989ms] [ERROR] Failed to load resource: the server responded with a status of 403 () @ https://os.impakers.club/api/external/telemetry/auth:0
[149123024ms] [ERROR] Failed to load resource: the server responded with a status of 403 () @ https://os.impakers.club/api/external/telemetry/auth:0
[149183197ms] [ERROR] Failed to load resource: the server responded with a status of 403 () @ https://os.impakers.club/api/external/telemetry/auth:0
[149243050ms] [ERROR] Failed to load resource: the server responded with a status of 403 () @ https://os.impakers.club/api/external/telemetry/auth:0
[149305897ms] [ERROR] Failed to load resource: the server responded with a status of 403 () @ https://os.impakers.club/api/external/telemetry/auth:0
[149363145ms] [ERROR] Failed to load resource: the server responded with a status of 403 () @ https://os.impakers.club/api/external/telemetry/auth:0
[149423099ms] [ERROR] Failed to load resource: the server responded with a status of 403 () @ https://os.impakers.club/api/external/telemetry/auth:0
[149483097ms] [ERROR] Failed to load resource: the server responded with a status of 403 () @ https://os.impakers.club/api/external/telemetry/auth:0
[149543232ms] [ERROR] Failed to load resource: the server responded with a status of 403 () @ https://os.impakers.club/api/external/telemetry/auth:0
[149603294ms] [ERROR] Failed to load resource: the server responded with a status of 403 () @ https://os.impakers.club/api/external/telemetry/auth:0
[149663064ms] [ERROR] Failed to load resource: the server responded with a status of 403 () @ https://os.impakers.club/api/external/telemetry/auth:0
[149723092ms] [ERROR] Failed to load resource: the server responded with a status of 403 () @ https://os.impakers.club/api/external/telemetry/auth:0
[149783222ms] [ERROR] Failed to load resource: the server responded with a status of 403 () @ https://os.impakers.club/api/external/telemetry/auth:0
[149843204ms] [ERROR] Failed to load resource: the server responded with a status of 403 () @ https://os.impakers.club/api/external/telemetry/auth:0
[149903527ms] [ERROR] Failed to load resource: the server responded with a status of 403 () @ https://os.impakers.club/api/external/telemetry/auth:0
[149962977ms] [ERROR] Failed to load resource: the server responded with a status of 403 () @ https://os.impakers.club/api/external/telemetry/auth:0
[150024114ms] [ERROR] Failed to load resource: the server responded with a status of 403 () @ https://os.impakers.club/api/external/telemetry/auth:0
[150085731ms] [ERROR] Failed to load resource: the server responded with a status of 403 () @ https://os.impakers.club/api/external/telemetry/auth:0
[150143787ms] [ERROR] Failed to load resource: the server responded with a status of 403 () @ https://os.impakers.club/api/external/telemetry/auth:0
[150207611ms] [ERROR] Failed to load resource: the server responded with a status of 403 () @ https://os.impakers.club/api/external/telemetry/auth:0
[150263201ms] [ERROR] Failed to load resource: the server responded with a status of 403 () @ https://os.impakers.club/api/external/telemetry/auth:0
[150323100ms] [ERROR] Failed to load resource: the server responded with a status of 403 () @ https://os.impakers.club/api/external/telemetry/auth:0
[150384028ms] [ERROR] Failed to load resource: the server responded with a status of 403 () @ https://os.impakers.club/api/external/telemetry/auth:0
[150448578ms] [ERROR] Failed to load resource: the server responded with a status of 403 () @ https://os.impakers.club/api/external/telemetry/auth:0
[150503786ms] [ERROR] Failed to load resource: the server responded with a status of 403 () @ https://os.impakers.club/api/external/telemetry/auth:0
[150563798ms] [ERROR] Failed to load resource: the server responded with a status of 403 () @ https://os.impakers.club/api/external/telemetry/auth:0
[150623102ms] [ERROR] Failed to load resource: the server responded with a status of 403 () @ https://os.impakers.club/api/external/telemetry/auth:0
[150683907ms] [ERROR] Failed to load resource: the server responded with a status of 403 () @ https://os.impakers.club/api/external/telemetry/auth:0
[150743678ms] [ERROR] Failed to load resource: the server responded with a status of 403 () @ https://os.impakers.club/api/external/telemetry/auth:0
[150807321ms] [ERROR] Failed to load resource: the server responded with a status of 403 () @ https://os.impakers.club/api/external/telemetry/auth:0
[150863040ms] [ERROR] Failed to load resource: the server responded with a status of 403 () @ https://os.impakers.club/api/external/telemetry/auth:0
[150922971ms] [ERROR] Failed to load resource: the server responded with a status of 403 () @ https://os.impakers.club/api/external/telemetry/auth:0
[150983942ms] [ERROR] Failed to load resource: the server responded with a status of 403 () @ https://os.impakers.club/api/external/telemetry/auth:0
[151047893ms] [ERROR] Failed to load resource: the server responded with a status of 403 () @ https://os.impakers.club/api/external/telemetry/auth:0
[151094736ms] [LOG] [Fast Refresh] rebuilding @ http://localhost:3000/_next/static/chunks/node_modules_next_dist_1ybzpk2._.js:2477
[151096010ms] [LOG] [Fast Refresh] done in 1377ms @ http://localhost:3000/_next/static/chunks/node_modules_next_dist_1ybzpk2._.js:2477
[151155792ms] [ERROR] Failed to load resource: the server responded with a status of 403 () @ https://os.impakers.club/api/external/telemetry/auth:0
[151163476ms] [ERROR] Failed to load resource: the server responded with a status of 403 () @ https://os.impakers.club/api/external/telemetry/auth:0
[151216473ms] [LOG] [Fast Refresh] rebuilding @ http://localhost:3000/_next/static/chunks/node_modules_next_dist_1ybzpk2._.js:2477
[151216500ms] [LOG] [Fast Refresh] done in 128ms @ http://localhost:3000/_next/static/chunks/node_modules_next_dist_1ybzpk2._.js:2477
[151223802ms] [ERROR] WebSocket connection to 'ws://localhost:3000/_next/webpack-hmr?id=mLsbk9Z4JBbJ9RMqH9S1x' failed: Error in connection establishment: net::ERR_CONNECTION_REFUSED @ http://localhost:3000/_next/static/chunks/node_modules_next_dist_client_0r5nbpw._.js:13422
[151223819ms] [ERROR] Failed to load resource: the server responded with a status of 403 () @ https://os.impakers.club/api/external/telemetry/auth:0
[151224805ms] [ERROR] WebSocket connection to 'ws://localhost:3000/_next/webpack-hmr?id=mLsbk9Z4JBbJ9RMqH9S1x' failed: Error in connection establishment: net::ERR_CONNECTION_REFUSED @ http://localhost:3000/_next/static/chunks/node_modules_next_dist_client_0r5nbpw._.js:13422
[151225818ms] [ERROR] WebSocket connection to 'ws://localhost:3000/_next/webpack-hmr?id=mLsbk9Z4JBbJ9RMqH9S1x' failed: Error in connection establishment: net::ERR_CONNECTION_REFUSED @ http://localhost:3000/_next/static/chunks/node_modules_next_dist_client_0r5nbpw._.js:13422
[151226820ms] [ERROR] WebSocket connection to 'ws://localhost:3000/_next/webpack-hmr?id=mLsbk9Z4JBbJ9RMqH9S1x' failed: Error in connection establishment: net::ERR_CONNECTION_REFUSED @ http://localhost:3000/_next/static/chunks/node_modules_next_dist_client_0r5nbpw._.js:13422
[151227823ms] [ERROR] WebSocket connection to 'ws://localhost:3000/_next/webpack-hmr?id=mLsbk9Z4JBbJ9RMqH9S1x' failed: Error in connection establishment: net::ERR_CONNECTION_REFUSED @ http://localhost:3000/_next/static/chunks/node_modules_next_dist_client_0r5nbpw._.js:13422
[151232830ms] [ERROR] WebSocket connection to 'ws://localhost:3000/_next/webpack-hmr?id=mLsbk9Z4JBbJ9RMqH9S1x' failed: Error in connection establishment: net::ERR_CONNECTION_REFUSED @ http://localhost:3000/_next/static/chunks/node_modules_next_dist_client_0r5nbpw._.js:13422
[151237834ms] [ERROR] WebSocket connection to 'ws://localhost:3000/_next/webpack-hmr?id=mLsbk9Z4JBbJ9RMqH9S1x' failed: Error in connection establishment: net::ERR_CONNECTION_REFUSED @ http://localhost:3000/_next/static/chunks/node_modules_next_dist_client_0r5nbpw._.js:13422
[151242848ms] [ERROR] WebSocket connection to 'ws://localhost:3000/_next/webpack-hmr?id=mLsbk9Z4JBbJ9RMqH9S1x' failed: Error in connection establishment: net::ERR_CONNECTION_REFUSED @ http://localhost:3000/_next/static/chunks/node_modules_next_dist_client_0r5nbpw._.js:13422
[151247863ms] [ERROR] WebSocket connection to 'ws://localhost:3000/_next/webpack-hmr?id=mLsbk9Z4JBbJ9RMqH9S1x' failed: Error in connection establishment: net::ERR_CONNECTION_REFUSED @ http://localhost:3000/_next/static/chunks/node_modules_next_dist_client_0r5nbpw._.js:13422
[151252921ms] [ERROR] WebSocket connection to 'ws://localhost:3000/_next/webpack-hmr?id=mLsbk9Z4JBbJ9RMqH9S1x' failed: Error in connection establishment: net::ERR_CONNECTION_REFUSED @ http://localhost:3000/_next/static/chunks/node_modules_next_dist_client_0r5nbpw._.js:13422
[151257969ms] [ERROR] WebSocket connection to 'ws://localhost:3000/_next/webpack-hmr?id=mLsbk9Z4JBbJ9RMqH9S1x' failed: Error in connection establishment: net::ERR_CONNECTION_REFUSED @ http://localhost:3000/_next/static/chunks/node_modules_next_dist_client_0r5nbpw._.js:13422
[151263211ms] [ERROR] WebSocket connection to 'ws://localhost:3000/_next/webpack-hmr?id=mLsbk9Z4JBbJ9RMqH9S1x' failed: Error in connection establishment: net::ERR_CONNECTION_REFUSED @ http://localhost:3000/_next/static/chunks/node_modules_next_dist_client_0r5nbpw._.js:13422
[154059981ms] [INFO] %cDownload the React DevTools for a better development experience: https://react.dev/link/react-devtools font-weight:bold @ http://localhost:3000/_next/static/chunks/node_modules_next_dist_1ybzpk2._.js:2477
[154060016ms] [LOG] [HMR] connected @ http://localhost:3000/_next/static/chunks/node_modules_next_dist_1ybzpk2._.js:2477
[154061437ms] [ERROR] Failed to load resource: the server responded with a status of 403 () @ https://os.impakers.club/api/external/telemetry/auth:0
[154061439ms] [ERROR] Failed to load resource: the server responded with a status of 403 () @ https://os.impakers.club/api/external/telemetry/auth:0
[154063468ms] [ERROR] Failed to load resource: the server responded with a status of 403 () @ https://os.impakers.club/api/external/telemetry/auth:0
[154120851ms] [ERROR] Failed to load resource: the server responded with a status of 403 () @ https://os.impakers.club/api/external/telemetry/auth:0
[154180791ms] [ERROR] Failed to load resource: the server responded with a status of 403 () @ https://os.impakers.club/api/external/telemetry/auth:0
[154240848ms] [ERROR] Failed to load resource: the server responded with a status of 403 () @ https://os.impakers.club/api/external/telemetry/auth:0
[154302579ms] [ERROR] Failed to load resource: the server responded with a status of 403 () @ https://os.impakers.club/api/external/telemetry/auth:0
[154361056ms] [ERROR] Failed to load resource: the server responded with a status of 403 () @ https://os.impakers.club/api/external/telemetry/auth:0
[154420847ms] [ERROR] Failed to load resource: the server responded with a status of 403 () @ https://os.impakers.club/api/external/telemetry/auth:0
[154480838ms] [ERROR] Failed to load resource: the server responded with a status of 403 () @ https://os.impakers.club/api/external/telemetry/auth:0
[154541016ms] [ERROR] Failed to load resource: the server responded with a status of 403 () @ https://os.impakers.club/api/external/telemetry/auth:0
[154601280ms] [ERROR] Failed to load resource: the server responded with a status of 403 () @ https://os.impakers.club/api/external/telemetry/auth:0
[154661196ms] [ERROR] Failed to load resource: the server responded with a status of 403 () @ https://os.impakers.club/api/external/telemetry/auth:0
[154721049ms] [ERROR] Failed to load resource: the server responded with a status of 403 () @ https://os.impakers.club/api/external/telemetry/auth:0
[154780810ms] [ERROR] Failed to load resource: the server responded with a status of 403 () @ https://os.impakers.club/api/external/telemetry/auth:0
[154841059ms] [ERROR] Failed to load resource: the server responded with a status of 403 () @ https://os.impakers.club/api/external/telemetry/auth:0
[154900914ms] [ERROR] Failed to load resource: the server responded with a status of 403 () @ https://os.impakers.club/api/external/telemetry/auth:0
[154936156ms] [LOG] [Fast Refresh] rebuilding @ http://localhost:3000/_next/static/chunks/node_modules_next_dist_1ybzpk2._.js:2477
[154936270ms] [LOG] [Fast Refresh] done in 60ms @ http://localhost:3000/_next/static/chunks/node_modules_next_dist_1ybzpk2._.js:2477
[154939998ms] [ERROR] Failed to load resource: the server responded with a status of 403 () @ https://os.impakers.club/api/external/telemetry/auth:0
[154997095ms] [ERROR] Failed to load resource: the server responded with a status of 403 () @ https://os.impakers.club/api/external/telemetry/auth:0
[155001851ms] [LOG] [Fast Refresh] rebuilding @ http://localhost:3000/_next/static/chunks/node_modules_next_dist_1ybzpk2._.js:2477
[155001892ms] [LOG] [Fast Refresh] done in 46ms @ http://localhost:3000/_next/static/chunks/node_modules_next_dist_1ybzpk2._.js:2477
[155005649ms] [ERROR] Failed to load resource: the server responded with a status of 403 () @ https://os.impakers.club/api/external/telemetry/auth:0
[155062884ms] [ERROR] Failed to load resource: the server responded with a status of 403 () @ https://os.impakers.club/api/external/telemetry/auth:0
[155081922ms] [LOG] [Fast Refresh] rebuilding @ http://localhost:3000/_next/static/chunks/node_modules_next_dist_1ybzpk2._.js:2477
[155081986ms] [LOG] [Fast Refresh] done in 58ms @ http://localhost:3000/_next/static/chunks/node_modules_next_dist_1ybzpk2._.js:2477
[155086479ms] [ERROR] Failed to load resource: the server responded with a status of 403 () @ https://os.impakers.club/api/external/telemetry/auth:0
[155089341ms] [LOG] [Fast Refresh] rebuilding @ http://localhost:3000/_next/static/chunks/node_modules_next_dist_1ybzpk2._.js:2477
[155089612ms] [LOG] [Fast Refresh] done in 319ms @ http://localhost:3000/_next/static/chunks/node_modules_next_dist_1ybzpk2._.js:2477
[155089719ms] [LOG] [Fast Refresh] rebuilding @ http://localhost:3000/_next/static/chunks/node_modules_next_dist_1ybzpk2._.js:2477
[155089798ms] [LOG] [Fast Refresh] done in 179ms @ http://localhost:3000/_next/static/chunks/node_modules_next_dist_1ybzpk2._.js:2477
[155093571ms] [ERROR] Failed to load resource: the server responded with a status of 403 () @ https://os.impakers.club/api/external/telemetry/auth:0
[155133620ms] [LOG] [Fast Refresh] rebuilding @ http://localhost:3000/_next/static/chunks/node_modules_next_dist_1ybzpk2._.js:2477
[155133621ms] [LOG] [Fast Refresh] done in 102ms @ http://localhost:3000/_next/static/chunks/node_modules_next_dist_1ybzpk2._.js:2477
[155150533ms] [ERROR] Failed to load resource: the server responded with a status of 403 () @ https://os.impakers.club/api/external/telemetry/auth:0
[155200315ms] [LOG] [Fast Refresh] rebuilding @ http://localhost:3000/_next/static/chunks/node_modules_next_dist_1ybzpk2._.js:2477
[155200443ms] [LOG] [Fast Refresh] done in 128ms @ http://localhost:3000/_next/static/chunks/node_modules_next_dist_1ybzpk2._.js:2477
[155204188ms] [ERROR] Failed to load resource: the server responded with a status of 403 () @ https://os.impakers.club/api/external/telemetry/auth:0
[155261223ms] [ERROR] Failed to load resource: the server responded with a status of 403 () @ https://os.impakers.club/api/external/telemetry/auth:0
[155321138ms] [ERROR] Failed to load resource: the server responded with a status of 403 () @ https://os.impakers.club/api/external/telemetry/auth:0
[155381113ms] [ERROR] Failed to load resource: the server responded with a status of 403 () @ https://os.impakers.club/api/external/telemetry/auth:0
[155391378ms] [ERROR] WebSocket connection to 'ws://localhost:3000/_next/webpack-hmr?id=w6tzx7OPoFJRkgCVGrUGs' failed: Error in connection establishment: net::ERR_CONNECTION_REFUSED @ http://localhost:3000/_next/static/chunks/node_modules_next_dist_client_0r5nbpw._.js:13422
[155392380ms] [ERROR] WebSocket connection to 'ws://localhost:3000/_next/webpack-hmr?id=w6tzx7OPoFJRkgCVGrUGs' failed: Error in connection establishment: net::ERR_CONNECTION_REFUSED @ http://localhost:3000/_next/static/chunks/node_modules_next_dist_client_0r5nbpw._.js:13422
[155393381ms] [ERROR] WebSocket connection to 'ws://localhost:3000/_next/webpack-hmr?id=w6tzx7OPoFJRkgCVGrUGs' failed: Error in connection establishment: net::ERR_CONNECTION_REFUSED @ http://localhost:3000/_next/static/chunks/node_modules_next_dist_client_0r5nbpw._.js:13422
[155394385ms] [ERROR] WebSocket connection to 'ws://localhost:3000/_next/webpack-hmr?id=w6tzx7OPoFJRkgCVGrUGs' failed: Error in connection establishment: net::ERR_CONNECTION_REFUSED @ http://localhost:3000/_next/static/chunks/node_modules_next_dist_client_0r5nbpw._.js:13422
[155395465ms] [LOG] [HMR] connected @ http://localhost:3000/_next/static/chunks/node_modules_next_dist_1ybzpk2._.js:2477
[155396488ms] [INFO] %cDownload the React DevTools for a better development experience: https://react.dev/link/react-devtools font-weight:bold @ http://localhost:3000/_next/static/chunks/node_modules_next_dist_1ybzpk2._.js:2477
[155396498ms] [LOG] [HMR] connected @ http://localhost:3000/_next/static/chunks/node_modules_next_dist_1ybzpk2._.js:2477
[155397325ms] [ERROR] Failed to load resource: the server responded with a status of 403 () @ https://os.impakers.club/api/external/telemetry/auth:0
[155397404ms] [ERROR] Failed to load resource: the server responded with a status of 403 () @ https://os.impakers.club/api/external/telemetry/auth:0
[155399884ms] [ERROR] Failed to load resource: the server responded with a status of 403 () @ https://os.impakers.club/api/external/telemetry/auth:0
[155447183ms] [LOG] [Fast Refresh] rebuilding @ http://localhost:3000/_next/static/chunks/node_modules_next_dist_1ybzpk2._.js:2477
[155447477ms] [LOG] [Fast Refresh] done in 320ms @ http://localhost:3000/_next/static/chunks/node_modules_next_dist_1ybzpk2._.js:2477
[155451185ms] [ERROR] Failed to load resource: the server responded with a status of 403 () @ https://os.impakers.club/api/external/telemetry/auth:0
[155465968ms] [LOG] [Fast Refresh] rebuilding @ http://localhost:3000/_next/static/chunks/node_modules_next_dist_1ybzpk2._.js:2477
[155466040ms] [LOG] [Fast Refresh] done in 173ms @ http://localhost:3000/_next/static/chunks/node_modules_next_dist_1ybzpk2._.js:2477
[155508167ms] [ERROR] Failed to load resource: the server responded with a status of 403 () @ https://os.impakers.club/api/external/telemetry/auth:0
[155568345ms] [ERROR] Failed to load resource: the server responded with a status of 403 () @ https://os.impakers.club/api/external/telemetry/auth:0
[155601224ms] [LOG] [Fast Refresh] rebuilding @ http://localhost:3000/_next/static/chunks/node_modules_next_dist_1ybzpk2._.js:2477
[155601637ms] [LOG] [Fast Refresh] done in 516ms @ http://localhost:3000/_next/static/chunks/node_modules_next_dist_1ybzpk2._.js:2477
[155612953ms] [ERROR] WebSocket connection to 'ws://localhost:3000/_next/webpack-hmr?id=LDRFpdPXUSD2fDo9avqHS' failed: Error in connection establishment: net::ERR_CONNECTION_REFUSED @ http://localhost:3000/_next/static/chunks/node_modules_next_dist_client_0r5nbpw._.js:13422
[155613955ms] [ERROR] WebSocket connection to 'ws://localhost:3000/_next/webpack-hmr?id=LDRFpdPXUSD2fDo9avqHS' failed: Error in connection establishment: net::ERR_CONNECTION_REFUSED @ http://localhost:3000/_next/static/chunks/node_modules_next_dist_client_0r5nbpw._.js:13422
[155614957ms] [ERROR] WebSocket connection to 'ws://localhost:3000/_next/webpack-hmr?id=LDRFpdPXUSD2fDo9avqHS' failed: Error in connection establishment: net::ERR_CONNECTION_REFUSED @ http://localhost:3000/_next/static/chunks/node_modules_next_dist_client_0r5nbpw._.js:13422
[155615959ms] [ERROR] WebSocket connection to 'ws://localhost:3000/_next/webpack-hmr?id=LDRFpdPXUSD2fDo9avqHS' failed: Error in connection establishment: net::ERR_CONNECTION_REFUSED @ http://localhost:3000/_next/static/chunks/node_modules_next_dist_client_0r5nbpw._.js:13422
[155616961ms] [ERROR] WebSocket connection to 'ws://localhost:3000/_next/webpack-hmr?id=LDRFpdPXUSD2fDo9avqHS' failed: Error in connection establishment: net::ERR_CONNECTION_REFUSED @ http://localhost:3000/_next/static/chunks/node_modules_next_dist_client_0r5nbpw._.js:13422
[155621964ms] [ERROR] WebSocket connection to 'ws://localhost:3000/_next/webpack-hmr?id=LDRFpdPXUSD2fDo9avqHS' failed: Error in connection establishment: net::ERR_CONNECTION_REFUSED @ http://localhost:3000/_next/static/chunks/node_modules_next_dist_client_0r5nbpw._.js:13422
[155626967ms] [ERROR] WebSocket connection to 'ws://localhost:3000/_next/webpack-hmr?id=LDRFpdPXUSD2fDo9avqHS' failed: Error in connection establishment: net::ERR_CONNECTION_REFUSED @ http://localhost:3000/_next/static/chunks/node_modules_next_dist_client_0r5nbpw._.js:13422
[155628432ms] [ERROR] Failed to load resource: the server responded with a status of 403 () @ https://os.impakers.club/api/external/telemetry/auth:0
[155631970ms] [ERROR] WebSocket connection to 'ws://localhost:3000/_next/webpack-hmr?id=LDRFpdPXUSD2fDo9avqHS' failed: Error in connection establishment: net::ERR_CONNECTION_REFUSED @ http://localhost:3000/_next/static/chunks/node_modules_next_dist_client_0r5nbpw._.js:13422
[155636972ms] [ERROR] WebSocket connection to 'ws://localhost:3000/_next/webpack-hmr?id=LDRFpdPXUSD2fDo9avqHS' failed: Error in connection establishment: net::ERR_CONNECTION_REFUSED @ http://localhost:3000/_next/static/chunks/node_modules_next_dist_client_0r5nbpw._.js:13422
[155641974ms] [ERROR] WebSocket connection to 'ws://localhost:3000/_next/webpack-hmr?id=LDRFpdPXUSD2fDo9avqHS' failed: Error in connection establishment: net::ERR_CONNECTION_REFUSED @ http://localhost:3000/_next/static/chunks/node_modules_next_dist_client_0r5nbpw._.js:13422
[155646976ms] [ERROR] WebSocket connection to 'ws://localhost:3000/_next/webpack-hmr?id=LDRFpdPXUSD2fDo9avqHS' failed: Error in connection establishment: net::ERR_CONNECTION_REFUSED @ http://localhost:3000/_next/static/chunks/node_modules_next_dist_client_0r5nbpw._.js:13422
[155651980ms] [ERROR] WebSocket connection to 'ws://localhost:3000/_next/webpack-hmr?id=LDRFpdPXUSD2fDo9avqHS' failed: Error in connection establishment: net::ERR_CONNECTION_REFUSED @ http://localhost:3000/_next/static/chunks/node_modules_next_dist_client_0r5nbpw._.js:13422
[156048567ms] [INFO] %cDownload the React DevTools for a better development experience: https://react.dev/link/react-devtools font-weight:bold @ http://localhost:3000/_next/static/chunks/node_modules_next_dist_1ybzpk2._.js:2477
[156048608ms] [LOG] [HMR] connected @ http://localhost:3000/_next/static/chunks/node_modules_next_dist_1ybzpk2._.js:2477
[156050149ms] [ERROR] Failed to load resource: the server responded with a status of 403 () @ https://os.impakers.club/api/external/telemetry/auth:0
[156050149ms] [ERROR] Failed to load resource: the server responded with a status of 403 () @ https://os.impakers.club/api/external/telemetry/auth:0
[156052033ms] [ERROR] Failed to load resource: the server responded with a status of 403 () @ https://os.impakers.club/api/external/telemetry/auth:0
[156109349ms] [ERROR] Failed to load resource: the server responded with a status of 403 () @ https://os.impakers.club/api/external/telemetry/auth:0
[156169665ms] [ERROR] Failed to load resource: the server responded with a status of 403 () @ https://os.impakers.club/api/external/telemetry/auth:0
[156229337ms] [ERROR] Failed to load resource: the server responded with a status of 403 () @ https://os.impakers.club/api/external/telemetry/auth:0
[156289373ms] [ERROR] Failed to load resource: the server responded with a status of 403 () @ https://os.impakers.club/api/external/telemetry/auth:0
[156349658ms] [ERROR] Failed to load resource: the server responded with a status of 403 () @ https://os.impakers.club/api/external/telemetry/auth:0
[156409530ms] [ERROR] Failed to load resource: the server responded with a status of 403 () @ https://os.impakers.club/api/external/telemetry/auth:0
[156469947ms] [ERROR] Failed to load resource: the server responded with a status of 403 () @ https://os.impakers.club/api/external/telemetry/auth:0
[156529550ms] [ERROR] Failed to load resource: the server responded with a status of 403 () @ https://os.impakers.club/api/external/telemetry/auth:0
[156589899ms] [ERROR] Failed to load resource: the server responded with a status of 403 () @ https://os.impakers.club/api/external/telemetry/auth:0
[156649547ms] [ERROR] Failed to load resource: the server responded with a status of 403 () @ https://os.impakers.club/api/external/telemetry/auth:0
[156709412ms] [ERROR] Failed to load resource: the server responded with a status of 403 () @ https://os.impakers.club/api/external/telemetry/auth:0
[156727141ms] [ERROR] WebSocket connection to 'ws://localhost:3000/_next/webpack-hmr?id=uAFg5NRVAMCZmeeXA19b8' failed: Error in connection establishment: net::ERR_CONNECTION_REFUSED @ http://localhost:3000/_next/static/chunks/node_modules_next_dist_client_0r5nbpw._.js:13422
[156728144ms] [ERROR] WebSocket connection to 'ws://localhost:3000/_next/webpack-hmr?id=uAFg5NRVAMCZmeeXA19b8' failed: Error in connection establishment: net::ERR_CONNECTION_REFUSED @ http://localhost:3000/_next/static/chunks/node_modules_next_dist_client_0r5nbpw._.js:13422
[156729146ms] [ERROR] WebSocket connection to 'ws://localhost:3000/_next/webpack-hmr?id=uAFg5NRVAMCZmeeXA19b8' failed: Error in connection establishment: net::ERR_CONNECTION_REFUSED @ http://localhost:3000/_next/static/chunks/node_modules_next_dist_client_0r5nbpw._.js:13422
[156730150ms] [ERROR] WebSocket connection to 'ws://localhost:3000/_next/webpack-hmr?id=uAFg5NRVAMCZmeeXA19b8' failed: Error in connection establishment: net::ERR_CONNECTION_REFUSED @ http://localhost:3000/_next/static/chunks/node_modules_next_dist_client_0r5nbpw._.js:13422
[156731152ms] [ERROR] WebSocket connection to 'ws://localhost:3000/_next/webpack-hmr?id=uAFg5NRVAMCZmeeXA19b8' failed: Error in connection establishment: net::ERR_CONNECTION_REFUSED @ http://localhost:3000/_next/static/chunks/node_modules_next_dist_client_0r5nbpw._.js:13422
[156736155ms] [ERROR] WebSocket connection to 'ws://localhost:3000/_next/webpack-hmr?id=uAFg5NRVAMCZmeeXA19b8' failed: Error in connection establishment: net::ERR_CONNECTION_REFUSED @ http://localhost:3000/_next/static/chunks/node_modules_next_dist_client_0r5nbpw._.js:13422
[156741164ms] [ERROR] WebSocket connection to 'ws://localhost:3000/_next/webpack-hmr?id=uAFg5NRVAMCZmeeXA19b8' failed: Error in connection establishment: net::ERR_CONNECTION_REFUSED @ http://localhost:3000/_next/static/chunks/node_modules_next_dist_client_0r5nbpw._.js:13422
[156746181ms] [ERROR] WebSocket connection to 'ws://localhost:3000/_next/webpack-hmr?id=uAFg5NRVAMCZmeeXA19b8' failed: Error in connection establishment: net::ERR_CONNECTION_REFUSED @ http://localhost:3000/_next/static/chunks/node_modules_next_dist_client_0r5nbpw._.js:13422
[156751223ms] [ERROR] WebSocket connection to 'ws://localhost:3000/_next/webpack-hmr?id=uAFg5NRVAMCZmeeXA19b8' failed: Error in connection establishment: net::ERR_CONNECTION_REFUSED @ http://localhost:3000/_next/static/chunks/node_modules_next_dist_client_0r5nbpw._.js:13422
[156756290ms] [ERROR] WebSocket connection to 'ws://localhost:3000/_next/webpack-hmr?id=uAFg5NRVAMCZmeeXA19b8' failed: Error in connection establishment: net::ERR_CONNECTION_REFUSED @ http://localhost:3000/_next/static/chunks/node_modules_next_dist_client_0r5nbpw._.js:13422
[156761415ms] [ERROR] WebSocket connection to 'ws://localhost:3000/_next/webpack-hmr?id=uAFg5NRVAMCZmeeXA19b8' failed: Error in connection establishment: net::ERR_CONNECTION_REFUSED @ http://localhost:3000/_next/static/chunks/node_modules_next_dist_client_0r5nbpw._.js:13422
[156766710ms] [ERROR] WebSocket connection to 'ws://localhost:3000/_next/webpack-hmr?id=uAFg5NRVAMCZmeeXA19b8' failed: Error in connection establishment: net::ERR_CONNECTION_REFUSED @ http://localhost:3000/_next/static/chunks/node_modules_next_dist_client_0r5nbpw._.js:13422
